DARZ_ID;SCHOOL_NAME;TYPE_ID;TYPE_LABEL;LAN_ID;LAN_LABEL;CHILDS_COUNT;FREE_SPACE
31;Aitvaras;3;"Nuo 1,5 iki 3 metų";1;Lietuvių;33;0
31;Aitvaras;6;"Nuo 3 iki 4 metų";1;Lietuvių;30;0
31;Aitvaras;7;"Nuo 4 iki 5 metų";1;Lietuvių;23;0
31;Aitvaras;8;"Nuo 5 iki 6 metų";1;Lietuvių;23;0
31;Aitvaras;11;"Nuo 5 iki 7 metų";1;Lietuvių;46;1
31;Aitvaras;12;"Nuo 2 iki 3 metų";1;Lietuvių;15;0
31;Aitvaras;13;"Nuo 4 iki 6 metų";1;Lietuvių;24;0
31;Aitvaras;14;"Nuo 3 iki 6 metų";1;Lietuvių;2;0
31;Aitvaras;18;"Nuo 2 iki 4 metų";1;Lietuvių;133;0
31;Aitvaras;25;"Nuo 1,5 iki 7 metų";1;Lietuvių;0;0
32;Atžalėlės;3;"Nuo 1,5 iki 3 metų";1;Lietuvių;97;6
32;Atžalėlės;4;"Nuo 3 iki 7 metų";1;Lietuvių;23;0
32;Atžalėlės;6;"Nuo 3 iki 4 metų";1;Lietuvių;46;7
32;Atžalėlės;7;"Nuo 4 iki 5 metų";1;Lietuvių;26;1
32;Atžalėlės;8;"Nuo 5 iki 6 metų";1;Lietuvių;25;0
32;Atžalėlės;9;"Nuo 6 iki 7 metų";1;Lietuvių;3;2
32;Atžalėlės;11;"Nuo 5 iki 7 metų";1;Lietuvių;24;0
32;Atžalėlės;20;"Nuo 2 iki 6 metų";1;Lietuvių;17;2
32;Atžalėlės;28;"Nuo 1 iki 7 metų";1;Lietuvių;0;0
33;Aušrelė;3;"Nuo 1,5 iki 3 metų";1;Lietuvių;82;0
33;Aušrelė;6;"Nuo 3 iki 4 metų";1;Lietuvių;3;1
33;Aušrelė;7;"Nuo 4 iki 5 metų";1;Lietuvių;54;0
33;Aušrelė;8;"Nuo 5 iki 6 metų";1;Lietuvių;22;0
33;Aušrelė;9;"Nuo 6 iki 7 metų";1;Lietuvių;1;0
33;Aušrelė;11;"Nuo 5 iki 7 metų";1;Lietuvių;43;0
33;Aušrelė;12;"Nuo 2 iki 3 metų";1;Lietuvių;4;0
33;Aušrelė;18;"Nuo 2 iki 4 metų";1;Lietuvių;70;0
34;Beržynėlis;1;"Iki 1,5 metų";1;Lietuvių;15;0
34;Beržynėlis;3;"Nuo 1,5 iki 3 metų";1;Lietuvių;36;0
34;Beržynėlis;6;"Nuo 3 iki 4 metų";1;Lietuvių;20;0
34;Beržynėlis;7;"Nuo 4 iki 5 metų";1;Lietuvių;19;0
34;Beržynėlis;8;"Nuo 5 iki 6 metų";1;Lietuvių;18;0
34;Beržynėlis;9;"Nuo 6 iki 7 metų";1;Lietuvių;3;0
34;Beržynėlis;11;"Nuo 5 iki 7 metų";1;Lietuvių;26;0
34;Beržynėlis;13;"Nuo 4 iki 6 metų";1;Lietuvių;3;3
36;Birutės;6;"Nuo 3 iki 4 metų";1;Lietuvių;4;0
36;Birutės;7;"Nuo 4 iki 5 metų";1;Lietuvių;24;0
36;Birutės;8;"Nuo 5 iki 6 metų";1;Lietuvių;23;0
36;Birutės;9;"Nuo 6 iki 7 metų";1;Lietuvių;1;1
36;Birutės;11;"Nuo 5 iki 7 metų";1;Lietuvių;24;0
36;Birutės;12;"Nuo 2 iki 3 metų";1;Lietuvių;20;0
36;Birutės;18;"Nuo 2 iki 4 metų";1;Lietuvių;20;0
37;Bitutė;3;"Nuo 1,5 iki 3 metų";1;Lietuvių;70;0
37;Bitutė;4;"Nuo 3 iki 7 metų";1;Lietuvių;25;0
37;Bitutė;7;"Nuo 4 iki 5 metų";1;Lietuvių;44;0
37;Bitutė;8;"Nuo 5 iki 6 metų";1;Lietuvių;41;0
37;Bitutė;9;"Nuo 6 iki 7 metų";1;Lietuvių;2;0
37;Bitutė;10;"Nuo 3 iki 5 metų";1;Lietuvių;1;0
37;Bitutė;11;"Nuo 5 iki 7 metų";1;Lietuvių;59;0
37;Bitutė;18;"Nuo 2 iki 4 metų";1;Lietuvių;78;0
37;Bitutė;28;"Nuo 1 iki 7 metų";1;Lietuvių;0;1
39;Coliukė;3;"Nuo 1,5 iki 3 metų";1;Lietuvių;19;0
39;Coliukė;4;"Nuo 3 iki 7 metų";1;Lietuvių;22;0
39;Coliukė;17;"Nuo 1 iki 2 metų";1;Lietuvių;12;12
39;Coliukė;18;"Nuo 2 iki 4 metų";1;Lietuvių;0;13
40;Čiauškutis;3;"Nuo 1,5 iki 3 metų";1;Lietuvių;10;0
40;Čiauškutis;6;"Nuo 3 iki 4 metų";1;Lietuvių;19;0
40;Čiauškutis;7;"Nuo 4 iki 5 metų";1;Lietuvių;27;0
40;Čiauškutis;8;"Nuo 5 iki 6 metų";1;Lietuvių;20;0
40;Čiauškutis;10;"Nuo 3 iki 5 metų";1;Lietuvių;10;0
40;Čiauškutis;11;"Nuo 5 iki 7 metų";1;Lietuvių;43;0
40;Čiauškutis;13;"Nuo 4 iki 6 metų";1;Lietuvių;18;0
41;Daigelis;13;"Nuo 4 iki 6 metų";1;Lietuvių;20;0
41;Daigelis;18;"Nuo 2 iki 4 metų";1;Lietuvių;15;0
44;Drevinukas;3;"Nuo 1,5 iki 3 metų";1;Lietuvių;48;0
44;Drevinukas;6;"Nuo 3 iki 4 metų";1;Lietuvių;11;3
44;Drevinukas;7;"Nuo 4 iki 5 metų";1;Lietuvių;35;0
44;Drevinukas;8;"Nuo 5 iki 6 metų";1;Lietuvių;37;0
44;Drevinukas;11;"Nuo 5 iki 7 metų";1;Lietuvių;24;0
44;Drevinukas;18;"Nuo 2 iki 4 metų";1;Lietuvių;42;0
44;Drevinukas;28;"Nuo 1 iki 7 metų";1;Lietuvių;0;1
45;Drugelis;3;"Nuo 1,5 iki 3 metų";1;Lietuvių;53;0
45;Drugelis;6;"Nuo 3 iki 4 metų";1;Lietuvių;26;0
45;Drugelis;7;"Nuo 4 iki 5 metų";1;Lietuvių;23;0
45;Drugelis;8;"Nuo 5 iki 6 metų";1;Lietuvių;25;0
45;Drugelis;11;"Nuo 5 iki 7 metų";1;Lietuvių;17;0
46;"Du gaideliai";3;"Nuo 1,5 iki 3 metų";1;Lietuvių;35;21
46;"Du gaideliai";6;"Nuo 3 iki 4 metų";1;Lietuvių;21;0
46;"Du gaideliai";7;"Nuo 4 iki 5 metų";1;Lietuvių;25;0
46;"Du gaideliai";8;"Nuo 5 iki 6 metų";1;Lietuvių;24;0
46;"Du gaideliai";9;"Nuo 6 iki 7 metų";1;Lietuvių;0;23
46;"Du gaideliai";11;"Nuo 5 iki 7 metų";1;Lietuvių;21;0
46;"Du gaideliai";12;"Nuo 2 iki 3 metų";1;Lietuvių;0;1
46;"Du gaideliai";28;"Nuo 1 iki 7 metų";1;Lietuvių;0;20
47;Eglutė;3;"Nuo 1,5 iki 3 metų";1;Lietuvių;104;0
47;Eglutė;6;"Nuo 3 iki 4 metų";1;Lietuvių;4;0
47;Eglutė;7;"Nuo 4 iki 5 metų";1;Lietuvių;44;0
47;Eglutė;8;"Nuo 5 iki 6 metų";1;Lietuvių;44;0
47;Eglutė;11;"Nuo 5 iki 7 metų";1;Lietuvių;52;0
47;Eglutė;16;"Nuo 4 iki 7 metų";1;Lietuvių;5;0
47;Eglutė;18;"Nuo 2 iki 4 metų";1;Lietuvių;73;0
49;Gandriukas;3;"Nuo 1,5 iki 3 metų";1;Lietuvių;89;0
49;Gandriukas;6;"Nuo 3 iki 4 metų";1;Lietuvių;62;0
49;Gandriukas;7;"Nuo 4 iki 5 metų";1;Lietuvių;43;0
49;Gandriukas;8;"Nuo 5 iki 6 metų";1;Lietuvių;64;0
49;Gandriukas;11;"Nuo 5 iki 7 metų";1;Lietuvių;46;0
50;"Geniukų kalvė";3;"Nuo 1,5 iki 3 metų";1;Lietuvių;67;0
50;"Geniukų kalvė";6;"Nuo 3 iki 4 metų";1;Lietuvių;32;0
50;"Geniukų kalvė";7;"Nuo 4 iki 5 metų";1;Lietuvių;65;0
50;"Geniukų kalvė";8;"Nuo 5 iki 6 metų";1;Lietuvių;48;3
50;"Geniukų kalvė";9;"Nuo 6 iki 7 metų";1;Lietuvių;1;0
50;"Geniukų kalvė";11;"Nuo 5 iki 7 metų";1;Lietuvių;45;0
50;"Geniukų kalvė";18;"Nuo 2 iki 4 metų";1;Lietuvių;45;0
51;Gelvonėlis;3;"Nuo 1,5 iki 3 metų";1;Lietuvių;50;0
51;Gelvonėlis;7;"Nuo 4 iki 5 metų";1;Lietuvių;19;0
51;Gelvonėlis;8;"Nuo 5 iki 6 metų";1;Lietuvių;20;0
51;Gelvonėlis;11;"Nuo 5 iki 7 metų";1;Lietuvių;20;0
51;Gelvonėlis;16;"Nuo 4 iki 7 metų";1;Lietuvių;6;2
51;Gelvonėlis;18;"Nuo 2 iki 4 metų";1;Lietuvių;19;0
52;"Gervelė (Dzūkų g. 32)";3;"Nuo 1,5 iki 3 metų";1;Lietuvių;24;0
52;"Gervelė (Dzūkų g. 32)";6;"Nuo 3 iki 4 metų";1;Lietuvių;7;1
52;"Gervelė (Dzūkų g. 32)";7;"Nuo 4 iki 5 metų";1;Lietuvių;26;1
52;"Gervelė (Dzūkų g. 32)";8;"Nuo 5 iki 6 metų";1;Lietuvių;23;0
52;"Gervelė (Dzūkų g. 32)";9;"Nuo 6 iki 7 metų";1;Lietuvių;4;1
52;"Gervelė (Dzūkų g. 32)";11;"Nuo 5 iki 7 metų";1;Lietuvių;15;0
52;"Gervelė (Dzūkų g. 32)";18;"Nuo 2 iki 4 metų";1;Lietuvių;14;0
53;Gilužis;3;"Nuo 1,5 iki 3 metų";1;Lietuvių;61;0
53;Gilužis;6;"Nuo 3 iki 4 metų";1;Lietuvių;110;0
53;Gilužis;7;"Nuo 4 iki 5 metų";1;Lietuvių;46;0
53;Gilužis;8;"Nuo 5 iki 6 metų";1;Lietuvių;46;0
53;Gilužis;11;"Nuo 5 iki 7 metų";1;Lietuvių;111;0
54;"Gintarėlis (Didlaukio g. 35)";3;"Nuo 1,5 iki 3 metų";1;Lietuvių;72;0
54;"Gintarėlis (Didlaukio g. 35)";6;"Nuo 3 iki 4 metų";1;Lietuvių;46;0
54;"Gintarėlis (Didlaukio g. 35)";7;"Nuo 4 iki 5 metų";1;Lietuvių;23;0
54;"Gintarėlis (Didlaukio g. 35)";8;"Nuo 5 iki 6 metų";1;Lietuvių;57;0
54;"Gintarėlis (Didlaukio g. 35)";10;"Nuo 3 iki 5 metų";1;Lietuvių;23;0
54;"Gintarėlis (Didlaukio g. 35)";11;"Nuo 5 iki 7 metų";1;Lietuvių;88;0
54;"Gintarėlis (Didlaukio g. 35)";14;"Nuo 3 iki 6 metų";1;Lietuvių;46;0
54;"Gintarėlis (Didlaukio g. 35)";18;"Nuo 2 iki 4 metų";1;Lietuvių;60;0
54;"Gintarėlis (Didlaukio g. 35)";19;"Nuo 2 iki 5 metų";1;Lietuvių;2;0
54;"Gintarėlis (Didlaukio g. 35)";28;"Nuo 1 iki 7 metų";1;Lietuvių;0;1
55;Giraitė;3;"Nuo 1,5 iki 3 metų";1;Lietuvių;78;0
55;Giraitė;6;"Nuo 3 iki 4 metų";1;Lietuvių;43;0
55;Giraitė;7;"Nuo 4 iki 5 metų";1;Lietuvių;47;0
55;Giraitė;8;"Nuo 5 iki 6 metų";1;Lietuvių;24;0
55;Giraitė;10;"Nuo 3 iki 5 metų";1;Lietuvių;20;0
55;Giraitė;11;"Nuo 5 iki 7 metų";1;Lietuvių;62;0
55;Giraitė;18;"Nuo 2 iki 4 metų";1;Lietuvių;42;0
55;Giraitė;28;"Nuo 1 iki 7 metų";1;Lietuvių;1;0
56;Gudrutis;3;"Nuo 1,5 iki 3 metų";1;Lietuvių;35;0
56;Gudrutis;7;"Nuo 4 iki 5 metų";1;Lietuvių;20;0
56;Gudrutis;8;"Nuo 5 iki 6 metų";1;Lietuvių;22;0
56;Gudrutis;10;"Nuo 3 iki 5 metų";1;Lietuvių;2;0
56;Gudrutis;11;"Nuo 5 iki 7 metų";1;Lietuvių;21;0
56;Gudrutis;18;"Nuo 2 iki 4 metų";1;Lietuvių;49;0
56;Gudrutis;28;"Nuo 1 iki 7 metų";1;Lietuvių;0;1
57;Jovarėlis;3;"Nuo 1,5 iki 3 metų";1;Lietuvių;59;0
57;Jovarėlis;4;"Nuo 3 iki 7 metų";1;Lietuvių;14;3
57;Jovarėlis;6;"Nuo 3 iki 4 metų";1;Lietuvių;45;0
57;Jovarėlis;7;"Nuo 4 iki 5 metų";1;Lietuvių;45;0
57;Jovarėlis;8;"Nuo 5 iki 6 metų";1;Lietuvių;23;0
57;Jovarėlis;11;"Nuo 5 iki 7 metų";1;Lietuvių;89;0
57;Jovarėlis;18;"Nuo 2 iki 4 metų";1;Lietuvių;31;0
58;Jurginėlis;3;"Nuo 1,5 iki 3 metų";1;Lietuvių;93;0
58;Jurginėlis;6;"Nuo 3 iki 4 metų";1;Lietuvių;18;0
58;Jurginėlis;7;"Nuo 4 iki 5 metų";1;Lietuvių;67;0
58;Jurginėlis;8;"Nuo 5 iki 6 metų";1;Lietuvių;24;0
58;Jurginėlis;11;"Nuo 5 iki 7 metų";1;Lietuvių;58;0
58;Jurginėlis;12;"Nuo 2 iki 3 metų";1;Lietuvių;14;0
58;Jurginėlis;18;"Nuo 2 iki 4 metų";1;Lietuvių;33;0
58;Jurginėlis;19;"Nuo 2 iki 5 metų";1;Lietuvių;2;0
59;Karusėlė;4;"Nuo 3 iki 7 metų";1;Lietuvių;22;0
59;Karusėlė;6;"Nuo 3 iki 4 metų";1;Lietuvių;30;2
59;Karusėlė;8;"Nuo 5 iki 6 metų";1;Lietuvių;22;0
59;Karusėlė;11;"Nuo 5 iki 7 metų";1;Lietuvių;45;0
59;Karusėlė;16;"Nuo 4 iki 7 metų";1;Lietuvių;8;5
60;Kaštonas;10;"Nuo 3 iki 5 metų";1;Lietuvių;20;0
60;Kaštonas;11;"Nuo 5 iki 7 metų";1;Lietuvių;21;0
61;Krivūlė;3;"Nuo 1,5 iki 3 metų";1;Lietuvių;55;0
61;Krivūlė;10;"Nuo 3 iki 5 metų";1;Lietuvių;42;0
61;Krivūlė;11;"Nuo 5 iki 7 metų";1;Lietuvių;58;0
61;Krivūlė;13;"Nuo 4 iki 6 metų";1;Lietuvių;22;0
61;Krivūlė;18;"Nuo 2 iki 4 metų";1;Lietuvių;36;0
61;Krivūlė;20;"Nuo 2 iki 6 metų";1;Lietuvių;24;0
62;Kodėlčiukas;3;"Nuo 1,5 iki 3 metų";1;Lietuvių;144;0
62;Kodėlčiukas;6;"Nuo 3 iki 4 metų";1;Lietuvių;45;3
62;Kodėlčiukas;7;"Nuo 4 iki 5 metų";1;Lietuvių;77;0
62;Kodėlčiukas;8;"Nuo 5 iki 6 metų";1;Lietuvių;61;1
62;Kodėlčiukas;11;"Nuo 5 iki 7 metų";1;Lietuvių;48;0
62;Kodėlčiukas;18;"Nuo 2 iki 4 metų";1;Lietuvių;61;0
62;Kodėlčiukas;28;"Nuo 1 iki 7 metų";1;Lietuvių;0;1
66;Lakštingala;3;"Nuo 1,5 iki 3 metų";1;Lietuvių;75;0
66;Lakštingala;6;"Nuo 3 iki 4 metų";1;Lietuvių;35;6
66;Lakštingala;7;"Nuo 4 iki 5 metų";1;Lietuvių;64;0
66;Lakštingala;8;"Nuo 5 iki 6 metų";1;Lietuvių;40;0
66;Lakštingala;11;"Nuo 5 iki 7 metų";1;Lietuvių;49;0
66;Lakštingala;16;"Nuo 4 iki 7 metų";1;Lietuvių;5;2
66;Lakštingala;18;"Nuo 2 iki 4 metų";1;Lietuvių;64;7
68;Lazdynėlis;3;"Nuo 1,5 iki 3 metų";1;Lietuvių;47;0
68;Lazdynėlis;6;"Nuo 3 iki 4 metų";1;Lietuvių;94;0
68;Lazdynėlis;7;"Nuo 4 iki 5 metų";1;Lietuvių;24;0
68;Lazdynėlis;11;"Nuo 5 iki 7 metų";1;Lietuvių;75;0
68;Lazdynėlis;16;"Nuo 4 iki 7 metų";1;Lietuvių;16;5
69;Liepsnelė;3;"Nuo 1,5 iki 3 metų";1;Lietuvių;16;0
69;Liepsnelė;14;"Nuo 3 iki 6 metų";1;Lietuvių;24;1
69;Liepsnelė;18;"Nuo 2 iki 4 metų";1;Lietuvių;1;0
71;"Lokiuko giraitė";3;"Nuo 1,5 iki 3 metų";1;Lietuvių;89;0
71;"Lokiuko giraitė";7;"Nuo 4 iki 5 metų";1;Lietuvių;63;0
71;"Lokiuko giraitė";8;"Nuo 5 iki 6 metų";1;Lietuvių;46;0
71;"Lokiuko giraitė";9;"Nuo 6 iki 7 metų";1;Lietuvių;1;4
71;"Lokiuko giraitė";11;"Nuo 5 iki 7 metų";1;Lietuvių;42;0
71;"Lokiuko giraitė";13;"Nuo 4 iki 6 metų";1;Lietuvių;1;1
71;"Lokiuko giraitė";18;"Nuo 2 iki 4 metų";1;Lietuvių;59;0
72;Markučiai;3;"Nuo 1,5 iki 3 metų";1;Lietuvių;56;0
72;Markučiai;6;"Nuo 3 iki 4 metų";1;Lietuvių;10;0
72;Markučiai;7;"Nuo 4 iki 5 metų";1;Lietuvių;41;0
72;Markučiai;8;"Nuo 5 iki 6 metų";1;Lietuvių;49;0
72;Markučiai;9;"Nuo 6 iki 7 metų";1;Lietuvių;20;1
72;Markučiai;11;"Nuo 5 iki 7 metų";1;Lietuvių;19;0
72;Markučiai;14;"Nuo 3 iki 6 metų";1;Lietuvių;6;0
72;Markučiai;18;"Nuo 2 iki 4 metų";1;Lietuvių;21;0
73;Mažylis;3;"Nuo 1,5 iki 3 metų";1;Lietuvių;50;0
73;Mažylis;6;"Nuo 3 iki 4 metų";1;Lietuvių;9;0
73;Mažylis;7;"Nuo 4 iki 5 metų";1;Lietuvių;20;0
73;Mažylis;8;"Nuo 5 iki 6 metų";1;Lietuvių;22;0
73;Mažylis;11;"Nuo 5 iki 7 metų";1;Lietuvių;22;0
73;Mažylis;18;"Nuo 2 iki 4 metų";1;Lietuvių;23;0
74;Medynėlis;3;"Nuo 1,5 iki 3 metų";1;Lietuvių;139;0
74;Medynėlis;6;"Nuo 3 iki 4 metų";1;Lietuvių;83;0
74;Medynėlis;7;"Nuo 4 iki 5 metų";1;Lietuvių;46;0
74;Medynėlis;8;"Nuo 5 iki 6 metų";1;Lietuvių;54;1
74;Medynėlis;9;"Nuo 6 iki 7 metų";1;Lietuvių;21;3
74;Medynėlis;11;"Nuo 5 iki 7 metų";1;Lietuvių;22;0
74;Medynėlis;13;"Nuo 4 iki 6 metų";1;Lietuvių;23;0
74;Medynėlis;28;"Nuo 1 iki 7 metų";1;Lietuvių;1;1
75;Molinukas;3;"Nuo 1,5 iki 3 metų";1;Lietuvių;56;0
75;Molinukas;6;"Nuo 3 iki 4 metų";1;Lietuvių;25;0
75;Molinukas;7;"Nuo 4 iki 5 metų";1;Lietuvių;23;0
75;Molinukas;9;"Nuo 6 iki 7 metų";1;Lietuvių;1;2
75;Molinukas;14;"Nuo 3 iki 6 metų";1;Lietuvių;23;0
75;Molinukas;16;"Nuo 4 iki 7 metų";1;Lietuvių;19;0
76;"Naminukas (Smėlio g. 13)";7;"Nuo 4 iki 5 metų";1;Lietuvių;26;3
76;"Naminukas (Smėlio g. 13)";8;"Nuo 5 iki 6 metų";1;Lietuvių;23;0
76;"Naminukas (Smėlio g. 13)";9;"Nuo 6 iki 7 metų";1;Lietuvių;1;0
76;"Naminukas (Smėlio g. 13)";11;"Nuo 5 iki 7 metų";1;Lietuvių;20;0
76;"Naminukas (Smėlio g. 13)";18;"Nuo 2 iki 4 metų";1;Lietuvių;34;4
78;Nykštukas;3;"Nuo 1,5 iki 3 metų";1;Lietuvių;122;0
78;Nykštukas;6;"Nuo 3 iki 4 metų";1;Lietuvių;65;0
78;Nykštukas;7;"Nuo 4 iki 5 metų";1;Lietuvių;50;0
78;Nykštukas;8;"Nuo 5 iki 6 metų";1;Lietuvių;46;0
78;Nykštukas;18;"Nuo 2 iki 4 metų";1;Lietuvių;32;0
79;Ozas;3;"Nuo 1,5 iki 3 metų";1;Lietuvių;86;0
79;Ozas;6;"Nuo 3 iki 4 metų";1;Lietuvių;4;0
79;Ozas;7;"Nuo 4 iki 5 metų";1;Lietuvių;48;0
79;Ozas;8;"Nuo 5 iki 6 metų";1;Lietuvių;68;0
79;Ozas;11;"Nuo 5 iki 7 metų";1;Lietuvių;60;0
79;Ozas;18;"Nuo 2 iki 4 metų";1;Lietuvių;50;0
80;Pabiručiai;3;"Nuo 1,5 iki 3 metų";1;Lietuvių;82;0
80;Pabiručiai;6;"Nuo 3 iki 4 metų";1;Lietuvių;22;0
80;Pabiručiai;7;"Nuo 4 iki 5 metų";1;Lietuvių;44;0
80;Pabiručiai;8;"Nuo 5 iki 6 metų";1;Lietuvių;38;0
80;Pabiručiai;9;"Nuo 6 iki 7 metų";1;Lietuvių;0;6
80;Pabiručiai;11;"Nuo 5 iki 7 metų";1;Lietuvių;33;0
80;Pabiručiai;12;"Nuo 2 iki 3 metų";1;Lietuvių;18;0
80;Pabiručiai;13;"Nuo 4 iki 6 metų";1;Lietuvių;2;0
80;Pabiručiai;18;"Nuo 2 iki 4 metų";1;Lietuvių;36;0
80;Pabiručiai;28;"Nuo 1 iki 7 metų";1;Lietuvių;0;1
81;Pagrandukas;3;"Nuo 1,5 iki 3 metų";1;Lietuvių;34;0
81;Pagrandukas;4;"Nuo 3 iki 7 metų";1;Lietuvių;2;0
81;Pagrandukas;6;"Nuo 3 iki 4 metų";1;Lietuvių;5;0
81;Pagrandukas;7;"Nuo 4 iki 5 metų";1;Lietuvių;23;0
81;Pagrandukas;8;"Nuo 5 iki 6 metų";1;Lietuvių;11;0
81;Pagrandukas;9;"Nuo 6 iki 7 metų";1;Lietuvių;0;0
81;Pagrandukas;11;"Nuo 5 iki 7 metų";1;Lietuvių;22;0
81;Pagrandukas;14;"Nuo 3 iki 6 metų";1;Lietuvių;26;0
81;Pagrandukas;18;"Nuo 2 iki 4 metų";1;Lietuvių;41;0
82;Pakalnutė;3;"Nuo 1,5 iki 3 metų";1;Lietuvių;65;0
82;Pakalnutė;9;"Nuo 6 iki 7 metų";1;Lietuvių;2;4
82;Pakalnutė;10;"Nuo 3 iki 5 metų";1;Lietuvių;52;0
82;Pakalnutė;11;"Nuo 5 iki 7 metų";1;Lietuvių;24;0
82;Pakalnutė;13;"Nuo 4 iki 6 metų";1;Lietuvių;19;0
82;Pakalnutė;18;"Nuo 2 iki 4 metų";1;Lietuvių;52;0
83;Panerių;3;"Nuo 1,5 iki 3 metų";1;Lietuvių;16;18
83;Panerių;16;"Nuo 4 iki 7 metų";1;Lietuvių;23;1
83;Panerių;18;"Nuo 2 iki 4 metų";1;Lietuvių;20;0
84;Papartis;3;"Nuo 1,5 iki 3 metų";1;Lietuvių;60;0
84;Papartis;7;"Nuo 4 iki 5 metų";1;Lietuvių;47;0
84;Papartis;8;"Nuo 5 iki 6 metų";1;Lietuvių;45;0
84;Papartis;11;"Nuo 5 iki 7 metų";1;Lietuvių;44;0
84;Papartis;18;"Nuo 2 iki 4 metų";1;Lietuvių;105;0
86;Pasaka;3;"Nuo 1,5 iki 3 metų";1;Lietuvių;30;0
86;Pasaka;4;"Nuo 3 iki 7 metų";1;Lietuvių;79;0
86;Pasaka;6;"Nuo 3 iki 4 metų";1;Lietuvių;16;0
86;Pasaka;7;"Nuo 4 iki 5 metų";1;Lietuvių;45;0
86;Pasaka;8;"Nuo 5 iki 6 metų";1;Lietuvių;19;0
86;Pasaka;11;"Nuo 5 iki 7 metų";1;Lietuvių;49;0
86;Pasaka;13;"Nuo 4 iki 6 metų";1;Lietuvių;13;0
86;Pasaka;18;"Nuo 2 iki 4 metų";1;Lietuvių;44;0
88;Pasakaitė;3;"Nuo 1,5 iki 3 metų";1;Lietuvių;111;0
88;Pasakaitė;6;"Nuo 3 iki 4 metų";1;Lietuvių;28;0
88;Pasakaitė;7;"Nuo 4 iki 5 metų";1;Lietuvių;24;0
88;Pasakaitė;11;"Nuo 5 iki 7 metų";1;Lietuvių;69;0
88;Pasakaitė;19;"Nuo 2 iki 5 metų";1;Lietuvių;0;0
88;Pasakaitė;20;"Nuo 2 iki 6 metų";1;Lietuvių;67;0
89;Pelėda;3;"Nuo 1,5 iki 3 metų";1;Lietuvių;67;0
89;Pelėda;7;"Nuo 4 iki 5 metų";1;Lietuvių;39;0
89;Pelėda;8;"Nuo 5 iki 6 metų";1;Lietuvių;48;0
89;Pelėda;11;"Nuo 5 iki 7 metų";1;Lietuvių;26;0
89;Pelėda;12;"Nuo 2 iki 3 metų";1;Lietuvių;18;0
89;Pelėda;14;"Nuo 3 iki 6 metų";1;Lietuvių;23;0
89;Pelėda;16;"Nuo 4 iki 7 metų";1;Lietuvių;10;1
89;Pelėda;18;"Nuo 2 iki 4 metų";1;Lietuvių;64;0
89;Pelėda;19;"Nuo 2 iki 5 metų";1;Lietuvių;7;0
90;Pelenė;3;"Nuo 1,5 iki 3 metų";1;Lietuvių;49;0
90;Pelenė;7;"Nuo 4 iki 5 metų";1;Lietuvių;23;0
90;Pelenė;8;"Nuo 5 iki 6 metų";1;Lietuvių;20;0
90;Pelenė;9;"Nuo 6 iki 7 metų";1;Lietuvių;1;1
90;Pelenė;11;"Nuo 5 iki 7 metų";1;Lietuvių;20;0
90;Pelenė;18;"Nuo 2 iki 4 metų";1;Lietuvių;24;0
91;Pipiras;3;"Nuo 1,5 iki 3 metų";1;Lietuvių;68;0
91;Pipiras;6;"Nuo 3 iki 4 metų";1;Lietuvių;8;0
91;Pipiras;7;"Nuo 4 iki 5 metų";1;Lietuvių;39;0
91;Pipiras;8;"Nuo 5 iki 6 metų";1;Lietuvių;40;0
91;Pipiras;11;"Nuo 5 iki 7 metų";1;Lietuvių;78;0
91;Pipiras;12;"Nuo 2 iki 3 metų";1;Lietuvių;15;0
91;Pipiras;14;"Nuo 3 iki 6 metų";1;Lietuvių;5;0
91;Pipiras;18;"Nuo 2 iki 4 metų";1;Lietuvių;41;0
93;Pumpurėlis;3;"Nuo 1,5 iki 3 metų";1;Lietuvių;35;36
93;Pumpurėlis;4;"Nuo 3 iki 7 metų";1;Lietuvių;20;3
93;Pumpurėlis;6;"Nuo 3 iki 4 metų";1;Lietuvių;42;8
93;Pumpurėlis;7;"Nuo 4 iki 5 metų";1;Lietuvių;43;2
93;Pumpurėlis;8;"Nuo 5 iki 6 metų";1;Lietuvių;42;1
93;Pumpurėlis;10;"Nuo 3 iki 5 metų";1;Lietuvių;0;22
93;Pumpurėlis;11;"Nuo 5 iki 7 metų";1;Lietuvių;60;0
94;Puriena;3;"Nuo 1,5 iki 3 metų";1;Lietuvių;68;0
94;Puriena;7;"Nuo 4 iki 5 metų";1;Lietuvių;50;0
94;Puriena;8;"Nuo 5 iki 6 metų";1;Lietuvių;46;0
94;Puriena;10;"Nuo 3 iki 5 metų";1;Lietuvių;6;0
94;Puriena;11;"Nuo 5 iki 7 metų";1;Lietuvių;41;0
94;Puriena;12;"Nuo 2 iki 3 metų";1;Lietuvių;29;0
94;Puriena;18;"Nuo 2 iki 4 metų";1;Lietuvių;65;0
95;Pušaitė;3;"Nuo 1,5 iki 3 metų";1;Lietuvių;122;0
95;Pušaitė;6;"Nuo 3 iki 4 metų";1;Lietuvių;24;0
95;Pušaitė;7;"Nuo 4 iki 5 metų";1;Lietuvių;45;0
95;Pušaitė;8;"Nuo 5 iki 6 metų";1;Lietuvių;46;0
95;Pušaitė;11;"Nuo 5 iki 7 metų";1;Lietuvių;46;0
95;Pušaitė;18;"Nuo 2 iki 4 metų";1;Lietuvių;23;0
96;"Pušynėlis (Miglos g. 53)";3;"Nuo 1,5 iki 3 metų";1;Lietuvių;35;0
96;"Pušynėlis (Miglos g. 53)";10;"Nuo 3 iki 5 metų";1;Lietuvių;23;0
96;"Pušynėlis (Miglos g. 53)";11;"Nuo 5 iki 7 metų";1;Lietuvių;24;0
96;"Pušynėlis (Miglos g. 53)";14;"Nuo 3 iki 6 metų";1;Lietuvių;23;0
98;Rasa;1;"Iki 1,5 metų";1;Lietuvių;14;8
98;Rasa;3;"Nuo 1,5 iki 3 metų";1;Lietuvių;16;14
98;Rasa;7;"Nuo 4 iki 5 metų";1;Lietuvių;35;0
98;Rasa;8;"Nuo 5 iki 6 metų";1;Lietuvių;22;4
98;Rasa;11;"Nuo 5 iki 7 metų";1;Lietuvių;56;0
98;Rasa;13;"Nuo 4 iki 6 metų";1;Lietuvių;18;0
98;Rasa;14;"Nuo 3 iki 6 metų";1;Lietuvių;22;0
98;Rasa;18;"Nuo 2 iki 4 metų";1;Lietuvių;40;37
98;Rasa;19;"Nuo 2 iki 5 metų";1;Lietuvių;0;7
99;Rugelis;3;"Nuo 1,5 iki 3 metų";1;Lietuvių;36;0
99;Rugelis;6;"Nuo 3 iki 4 metų";1;Lietuvių;44;0
99;Rugelis;7;"Nuo 4 iki 5 metų";1;Lietuvių;21;0
99;Rugelis;8;"Nuo 5 iki 6 metų";1;Lietuvių;41;1
99;Rugelis;11;"Nuo 5 iki 7 metų";1;Lietuvių;20;4
99;Rugelis;13;"Nuo 4 iki 6 metų";1;Lietuvių;4;1
99;Rugelis;18;"Nuo 2 iki 4 metų";1;Lietuvių;46;0
99;Rugelis;28;"Nuo 1 iki 7 metų";1;Lietuvių;0;0
100;Riešutėlis;3;"Nuo 1,5 iki 3 metų";1;Lietuvių;110;0
100;Riešutėlis;7;"Nuo 4 iki 5 metų";1;Lietuvių;25;1
100;Riešutėlis;10;"Nuo 3 iki 5 metų";1;Lietuvių;20;0
100;Riešutėlis;11;"Nuo 5 iki 7 metų";1;Lietuvių;69;0
100;Riešutėlis;13;"Nuo 4 iki 6 metų";1;Lietuvių;42;0
100;Riešutėlis;18;"Nuo 2 iki 4 metų";1;Lietuvių;55;1
101;Rytas;3;"Nuo 1,5 iki 3 metų";1;Lietuvių;77;9
101;Rytas;6;"Nuo 3 iki 4 metų";1;Lietuvių;23;0
101;Rytas;8;"Nuo 5 iki 6 metų";1;Lietuvių;45;2
101;Rytas;10;"Nuo 3 iki 5 metų";1;Lietuvių;48;0
101;Rytas;11;"Nuo 5 iki 7 metų";1;Lietuvių;42;0
101;Rytas;13;"Nuo 4 iki 6 metų";1;Lietuvių;17;0
101;Rytas;18;"Nuo 2 iki 4 metų";1;Lietuvių;52;1
102;Ramunėlė;3;"Nuo 1,5 iki 3 metų";1;Lietuvių;17;17
102;Ramunėlė;7;"Nuo 4 iki 5 metų";1;Lietuvių;18;0
102;Ramunėlė;8;"Nuo 5 iki 6 metų";1;Lietuvių;22;0
102;Ramunėlė;11;"Nuo 5 iki 7 metų";1;Lietuvių;45;5
102;Ramunėlė;18;"Nuo 2 iki 4 metų";1;Lietuvių;42;23
103;Rūta;3;"Nuo 1,5 iki 3 metų";1;Lietuvių;45;0
103;Rūta;6;"Nuo 3 iki 4 metų";1;Lietuvių;24;0
103;Rūta;7;"Nuo 4 iki 5 metų";1;Lietuvių;44;0
103;Rūta;8;"Nuo 5 iki 6 metų";1;Lietuvių;43;0
103;Rūta;10;"Nuo 3 iki 5 metų";1;Lietuvių;0;0
103;Rūta;11;"Nuo 5 iki 7 metų";1;Lietuvių;45;0
103;Rūta;12;"Nuo 2 iki 3 metų";1;Lietuvių;17;0
103;Rūta;14;"Nuo 3 iki 6 metų";1;Lietuvių;12;0
103;Rūta;18;"Nuo 2 iki 4 metų";1;Lietuvių;28;0
104;Sadutė;3;"Nuo 1,5 iki 3 metų";1;Lietuvių;54;0
104;Sadutė;6;"Nuo 3 iki 4 metų";1;Lietuvių;26;0
104;Sadutė;7;"Nuo 4 iki 5 metų";1;Lietuvių;23;0
104;Sadutė;8;"Nuo 5 iki 6 metų";1;Lietuvių;23;1
104;Sadutė;9;"Nuo 6 iki 7 metų";1;Lietuvių;1;0
104;Sadutė;11;"Nuo 5 iki 7 metų";1;Lietuvių;44;0
105;Sakalėlis;3;"Nuo 1,5 iki 3 metų";1;Lietuvių;38;16
105;Sakalėlis;4;"Nuo 3 iki 7 metų";1;Lietuvių;46;3
105;Sakalėlis;7;"Nuo 4 iki 5 metų";1;Lietuvių;45;6
105;Sakalėlis;8;"Nuo 5 iki 6 metų";1;Lietuvių;46;1
105;Sakalėlis;10;"Nuo 3 iki 5 metų";1;Lietuvių;0;3
105;Sakalėlis;11;"Nuo 5 iki 7 metų";1;Lietuvių;23;0
105;Sakalėlis;12;"Nuo 2 iki 3 metų";1;Lietuvių;1;8
105;Sakalėlis;18;"Nuo 2 iki 4 metų";1;Lietuvių;45;6
106;Salininkų;3;"Nuo 1,5 iki 3 metų";1;Lietuvių;77;0
106;Salininkų;6;"Nuo 3 iki 4 metų";1;Lietuvių;23;0
106;Salininkų;7;"Nuo 4 iki 5 metų";1;Lietuvių;23;0
106;Salininkų;8;"Nuo 5 iki 6 metų";1;Lietuvių;26;0
108;Saulėtekis;3;"Nuo 1,5 iki 3 metų";1;Lietuvių;67;0
108;Saulėtekis;7;"Nuo 4 iki 5 metų";1;Lietuvių;23;0
108;Saulėtekis;8;"Nuo 5 iki 6 metų";1;Lietuvių;44;0
108;Saulėtekis;11;"Nuo 5 iki 7 metų";1;Lietuvių;43;0
108;Saulėtekis;18;"Nuo 2 iki 4 metų";1;Lietuvių;72;0
109;Skroblinukas;3;"Nuo 1,5 iki 3 metų";1;Lietuvių;115;0
109;Skroblinukas;7;"Nuo 4 iki 5 metų";1;Lietuvių;42;0
109;Skroblinukas;8;"Nuo 5 iki 6 metų";1;Lietuvių;39;3
109;Skroblinukas;9;"Nuo 6 iki 7 metų";1;Lietuvių;3;0
109;Skroblinukas;11;"Nuo 5 iki 7 metų";1;Lietuvių;45;0
109;Skroblinukas;18;"Nuo 2 iki 4 metų";1;Lietuvių;35;0
110;Smalsučiai;3;"Nuo 1,5 iki 3 metų";1;Lietuvių;84;0
110;Smalsučiai;7;"Nuo 4 iki 5 metų";1;Lietuvių;40;0
110;Smalsučiai;8;"Nuo 5 iki 6 metų";1;Lietuvių;66;0
110;Smalsučiai;11;"Nuo 5 iki 7 metų";1;Lietuvių;37;0
110;Smalsučiai;18;"Nuo 2 iki 4 metų";1;Lietuvių;51;0
110;Smalsučiai;28;"Nuo 1 iki 7 metų";1;Lietuvių;0;1
112;Spragtukas;3;"Nuo 1,5 iki 3 metų";1;Lietuvių;22;14
112;Spragtukas;6;"Nuo 3 iki 4 metų";1;Lietuvių;25;0
112;Spragtukas;7;"Nuo 4 iki 5 metų";1;Lietuvių;23;0
112;Spragtukas;8;"Nuo 5 iki 6 metų";1;Lietuvių;20;0
112;Spragtukas;11;"Nuo 5 iki 7 metų";1;Lietuvių;23;6
112;Spragtukas;16;"Nuo 4 iki 7 metų";1;Lietuvių;21;0
113;Strazdelis;3;"Nuo 1,5 iki 3 metų";1;Lietuvių;106;0
113;Strazdelis;6;"Nuo 3 iki 4 metų";1;Lietuvių;70;0
113;Strazdelis;7;"Nuo 4 iki 5 metų";1;Lietuvių;46;0
113;Strazdelis;8;"Nuo 5 iki 6 metų";1;Lietuvių;67;0
113;Strazdelis;11;"Nuo 5 iki 7 metų";1;Lietuvių;44;0
113;Strazdelis;12;"Nuo 2 iki 3 metų";1;Lietuvių;18;0
113;Strazdelis;16;"Nuo 4 iki 7 metų";1;Lietuvių;15;8
114;Sveikuolis;3;"Nuo 1,5 iki 3 metų";1;Lietuvių;17;0
115;Šermukšnėlė;3;"Nuo 1,5 iki 3 metų";1;Lietuvių;53;0
115;Šermukšnėlė;6;"Nuo 3 iki 4 metų";1;Lietuvių;67;0
115;Šermukšnėlė;7;"Nuo 4 iki 5 metų";1;Lietuvių;46;0
115;Šermukšnėlė;11;"Nuo 5 iki 7 metų";1;Lietuvių;39;0
115;Šermukšnėlė;13;"Nuo 4 iki 6 metų";1;Lietuvių;23;0
115;Šermukšnėlė;16;"Nuo 4 iki 7 metų";1;Lietuvių;22;0
117;Šnekutis;3;"Nuo 1,5 iki 3 metų";1;Lietuvių;54;0
117;Šnekutis;7;"Nuo 4 iki 5 metų";1;Lietuvių;21;0
117;Šnekutis;11;"Nuo 5 iki 7 metų";1;Lietuvių;24;0
117;Šnekutis;14;"Nuo 3 iki 6 metų";1;Lietuvių;21;0
117;Šnekutis;18;"Nuo 2 iki 4 metų";1;Lietuvių;21;0
118;Užupiukas;3;"Nuo 1,5 iki 3 metų";1;Lietuvių;35;0
118;Užupiukas;6;"Nuo 3 iki 4 metų";1;Lietuvių;33;0
118;Užupiukas;7;"Nuo 4 iki 5 metų";1;Lietuvių;65;0
118;Užupiukas;8;"Nuo 5 iki 6 metų";1;Lietuvių;69;0
118;Užupiukas;11;"Nuo 5 iki 7 metų";1;Lietuvių;42;0
118;Užupiukas;13;"Nuo 4 iki 6 metų";1;Lietuvių;14;0
118;Užupiukas;18;"Nuo 2 iki 4 metų";1;Lietuvių;70;0
119;Vaidilutė;3;"Nuo 1,5 iki 3 metų";1;Lietuvių;72;0
119;Vaidilutė;6;"Nuo 3 iki 4 metų";1;Lietuvių;31;0
119;Vaidilutė;7;"Nuo 4 iki 5 metų";1;Lietuvių;61;3
119;Vaidilutė;8;"Nuo 5 iki 6 metų";1;Lietuvių;43;0
119;Vaidilutė;9;"Nuo 6 iki 7 metų";1;Lietuvių;1;0
119;Vaidilutė;11;"Nuo 5 iki 7 metų";1;Lietuvių;42;0
119;Vaidilutė;13;"Nuo 4 iki 6 metų";1;Lietuvių;4;0
119;Vaidilutė;18;"Nuo 2 iki 4 metų";1;Lietuvių;42;0
120;Vandenis;3;"Nuo 1,5 iki 3 metų";1;Lietuvių;137;0
120;Vandenis;6;"Nuo 3 iki 4 metų";1;Lietuvių;65;0
120;Vandenis;7;"Nuo 4 iki 5 metų";1;Lietuvių;69;0
120;Vandenis;8;"Nuo 5 iki 6 metų";1;Lietuvių;47;0
120;Vandenis;10;"Nuo 3 iki 5 metų";1;Lietuvių;23;0
120;Vandenis;11;"Nuo 5 iki 7 metų";1;Lietuvių;46;0
121;Varpelis;3;"Nuo 1,5 iki 3 metų";1;Lietuvių;81;0
121;Varpelis;4;"Nuo 3 iki 7 metų";1;Lietuvių;28;0
121;Varpelis;6;"Nuo 3 iki 4 metų";1;Lietuvių;1;0
121;Varpelis;7;"Nuo 4 iki 5 metų";1;Lietuvių;51;1
121;Varpelis;8;"Nuo 5 iki 6 metų";1;Lietuvių;47;0
121;Varpelis;11;"Nuo 5 iki 7 metų";1;Lietuvių;46;5
121;Varpelis;14;"Nuo 3 iki 6 metų";1;Lietuvių;6;0
121;Varpelis;18;"Nuo 2 iki 4 metų";1;Lietuvių;44;0
122;Vėjelis;3;"Nuo 1,5 iki 3 metų";1;Lietuvių;36;0
122;Vėjelis;6;"Nuo 3 iki 4 metų";1;Lietuvių;25;0
122;Vėjelis;8;"Nuo 5 iki 6 metų";1;Lietuvių;42;0
122;Vėjelis;9;"Nuo 6 iki 7 metų";1;Lietuvių;2;0
122;Vėjelis;10;"Nuo 3 iki 5 metų";1;Lietuvių;23;0
122;Vėjelis;11;"Nuo 5 iki 7 metų";1;Lietuvių;42;0
123;Vėtrungė;1;"Iki 1,5 metų";1;Lietuvių;23;0
123;Vėtrungė;3;"Nuo 1,5 iki 3 metų";1;Lietuvių;53;0
123;Vėtrungė;6;"Nuo 3 iki 4 metų";1;Lietuvių;22;0
123;Vėtrungė;7;"Nuo 4 iki 5 metų";1;Lietuvių;41;0
123;Vėtrungė;8;"Nuo 5 iki 6 metų";1;Lietuvių;39;0
123;Vėtrungė;11;"Nuo 5 iki 7 metų";1;Lietuvių;39;0
123;Vėtrungė;16;"Nuo 4 iki 7 metų";1;Lietuvių;3;1
123;Vėtrungė;18;"Nuo 2 iki 4 metų";1;Lietuvių;22;0
124;Vilnelė;3;"Nuo 1,5 iki 3 metų";1;Lietuvių;66;0
124;Vilnelė;7;"Nuo 4 iki 5 metų";1;Lietuvių;43;0
124;Vilnelė;11;"Nuo 5 iki 7 metų";1;Lietuvių;46;0
124;Vilnelė;18;"Nuo 2 iki 4 metų";1;Lietuvių;91;0
124;Vilnelė;20;"Nuo 2 iki 6 metų";1;Lietuvių;60;0
125;Vėrinėlis;3;"Nuo 1,5 iki 3 metų";1;Lietuvių;39;0
125;Vėrinėlis;10;"Nuo 3 iki 5 metų";1;Lietuvių;22;0
125;Vėrinėlis;11;"Nuo 5 iki 7 metų";1;Lietuvių;25;0
125;Vėrinėlis;13;"Nuo 4 iki 6 metų";1;Lietuvių;24;0
126;Viltenė;3;"Nuo 1,5 iki 3 metų";1;Lietuvių;102;0
126;Viltenė;7;"Nuo 4 iki 5 metų";1;Lietuvių;38;0
126;Viltenė;8;"Nuo 5 iki 6 metų";1;Lietuvių;41;0
126;Viltenė;11;"Nuo 5 iki 7 metų";1;Lietuvių;47;1
126;Viltenė;13;"Nuo 4 iki 6 metų";1;Lietuvių;3;0
126;Viltenė;18;"Nuo 2 iki 4 metų";1;Lietuvių;44;0
127;Voveraitė;3;"Nuo 1,5 iki 3 metų";1;Lietuvių;77;3
127;Voveraitė;6;"Nuo 3 iki 4 metų";1;Lietuvių;4;4
127;Voveraitė;7;"Nuo 4 iki 5 metų";1;Lietuvių;45;0
127;Voveraitė;8;"Nuo 5 iki 6 metų";1;Lietuvių;61;0
127;Voveraitė;10;"Nuo 3 iki 5 metų";1;Lietuvių;2;1
127;Voveraitė;11;"Nuo 5 iki 7 metų";1;Lietuvių;39;0
127;Voveraitė;16;"Nuo 4 iki 7 metų";1;Lietuvių;3;0
127;Voveraitė;18;"Nuo 2 iki 4 metų";1;Lietuvių;60;8
128;"Trakų Vokė";3;"Nuo 1,5 iki 3 metų";1;Lietuvių;37;0
128;"Trakų Vokė";6;"Nuo 3 iki 4 metų";1;Lietuvių;22;0
128;"Trakų Vokė";7;"Nuo 4 iki 5 metų";1;Lietuvių;25;0
128;"Trakų Vokė";8;"Nuo 5 iki 6 metų";1;Lietuvių;26;0
129;Zylutė;3;"Nuo 1,5 iki 3 metų";1;Lietuvių;19;0
129;Zylutė;8;"Nuo 5 iki 6 metų";1;Lietuvių;41;0
129;Zylutė;9;"Nuo 6 iki 7 metų";1;Lietuvių;1;4
129;Zylutė;10;"Nuo 3 iki 5 metų";1;Lietuvių;20;0
129;Zylutė;18;"Nuo 2 iki 4 metų";1;Lietuvių;21;0
130;Želmenėliai;3;"Nuo 1,5 iki 3 metų";1;Lietuvių;83;0
130;Želmenėliai;7;"Nuo 4 iki 5 metų";1;Lietuvių;37;0
130;Želmenėliai;8;"Nuo 5 iki 6 metų";1;Lietuvių;38;0
130;Želmenėliai;11;"Nuo 5 iki 7 metų";1;Lietuvių;41;0
130;Želmenėliai;13;"Nuo 4 iki 6 metų";1;Lietuvių;21;0
130;Želmenėliai;18;"Nuo 2 iki 4 metų";1;Lietuvių;52;0
131;Žemyna;3;"Nuo 1,5 iki 3 metų";1;Lietuvių;38;42
131;Žemyna;4;"Nuo 3 iki 7 metų";1;Lietuvių;0;26
131;Žemyna;6;"Nuo 3 iki 4 metų";1;Lietuvių;46;12
131;Žemyna;7;"Nuo 4 iki 5 metų";1;Lietuvių;69;3
131;Žemyna;8;"Nuo 5 iki 6 metų";1;Lietuvių;46;0
131;Žemyna;11;"Nuo 5 iki 7 metų";1;Lietuvių;69;0
131;Žemyna;28;"Nuo 1 iki 7 metų";1;Lietuvių;0;1
132;Žemuogėlė;3;"Nuo 1,5 iki 3 metų";1;Lietuvių;88;0
132;Žemuogėlė;6;"Nuo 3 iki 4 metų";1;Lietuvių;5;0
132;Žemuogėlė;7;"Nuo 4 iki 5 metų";1;Lietuvių;23;0
132;Žemuogėlė;12;"Nuo 2 iki 3 metų";1;Lietuvių;5;1
132;Žemuogėlė;13;"Nuo 4 iki 6 metų";1;Lietuvių;20;0
132;Žemuogėlė;16;"Nuo 4 iki 7 metų";1;Lietuvių;34;0
132;Žemuogėlė;18;"Nuo 2 iki 4 metų";1;Lietuvių;22;0
133;Žibutė;3;"Nuo 1,5 iki 3 metų";1;Lietuvių;33;0
133;Žibutė;6;"Nuo 3 iki 4 metų";1;Lietuvių;20;0
133;Žibutė;10;"Nuo 3 iki 5 metų";1;Lietuvių;44;0
133;Žibutė;11;"Nuo 5 iki 7 metų";1;Lietuvių;23;0
133;Žibutė;13;"Nuo 4 iki 6 metų";1;Lietuvių;24;0
134;Žiedas;3;"Nuo 1,5 iki 3 metų";1;Lietuvių;34;0
134;Žiedas;6;"Nuo 3 iki 4 metų";1;Lietuvių;23;0
134;Žiedas;7;"Nuo 4 iki 5 metų";1;Lietuvių;51;0
134;Žiedas;8;"Nuo 5 iki 6 metų";1;Lietuvių;46;0
134;Žiedas;11;"Nuo 5 iki 7 metų";1;Lietuvių;48;0
134;Žiedas;16;"Nuo 4 iki 7 metų";1;Lietuvių;12;8
135;Žilvitis;3;"Nuo 1,5 iki 3 metų";1;Lietuvių;79;0
135;Žilvitis;6;"Nuo 3 iki 4 metų";1;Lietuvių;55;0
135;Žilvitis;7;"Nuo 4 iki 5 metų";1;Lietuvių;69;0
135;Žilvitis;8;"Nuo 5 iki 6 metų";1;Lietuvių;44;0
135;Žilvitis;11;"Nuo 5 iki 7 metų";1;Lietuvių;42;3
135;Žilvitis;18;"Nuo 2 iki 4 metų";1;Lietuvių;21;0
136;Žilvinėlis;3;"Nuo 1,5 iki 3 metų";1;Lietuvių;93;0
136;Žilvinėlis;6;"Nuo 3 iki 4 metų";1;Lietuvių;23;0
136;Žilvinėlis;7;"Nuo 4 iki 5 metų";1;Lietuvių;64;0
136;Žilvinėlis;8;"Nuo 5 iki 6 metų";1;Lietuvių;65;0
136;Žilvinėlis;11;"Nuo 5 iki 7 metų";1;Lietuvių;50;1
137;Žiogelis;3;"Nuo 1,5 iki 3 metų";1;Lietuvių;88;0
137;Žiogelis;6;"Nuo 3 iki 4 metų";1;Lietuvių;62;0
137;Žiogelis;7;"Nuo 4 iki 5 metų";1;Lietuvių;45;0
137;Žiogelis;8;"Nuo 5 iki 6 metų";1;Lietuvių;47;0
137;Žiogelis;11;"Nuo 5 iki 7 metų";1;Lietuvių;46;0
138;Žolynėlis;3;"Nuo 1,5 iki 3 metų";1;Lietuvių;34;0
138;Žolynėlis;7;"Nuo 4 iki 5 metų";1;Lietuvių;22;0
138;Žolynėlis;11;"Nuo 5 iki 7 metų";1;Lietuvių;27;0
138;Žolynėlis;13;"Nuo 4 iki 6 metų";1;Lietuvių;24;0
138;Žolynėlis;18;"Nuo 2 iki 4 metų";1;Lietuvių;43;0
138;Žolynėlis;19;"Nuo 2 iki 5 metų";1;Lietuvių;6;0
138;Žolynėlis;23;"Nuo 1,5 iki 6 metų";1;Lietuvių;10;0
139;Žuvėdra;10;"Nuo 3 iki 5 metų";1;Lietuvių;25;1
139;Žuvėdra;11;"Nuo 5 iki 7 metų";1;Lietuvių;21;0
140;Žvangutis;3;"Nuo 1,5 iki 3 metų";1;Lietuvių;36;0
140;Žvangutis;7;"Nuo 4 iki 5 metų";1;Lietuvių;23;0
140;Žvangutis;8;"Nuo 5 iki 6 metų";1;Lietuvių;23;0
140;Žvangutis;11;"Nuo 5 iki 7 metų";1;Lietuvių;23;0
140;Žvangutis;12;"Nuo 2 iki 3 metų";1;Lietuvių;16;0
140;Žvangutis;18;"Nuo 2 iki 4 metų";1;Lietuvių;30;0
141;Žirniukas;3;"Nuo 1,5 iki 3 metų";1;Lietuvių;35;0
141;Žirniukas;6;"Nuo 3 iki 4 metų";1;Lietuvių;8;0
141;Žirniukas;7;"Nuo 4 iki 5 metų";1;Lietuvių;23;0
141;Žirniukas;8;"Nuo 5 iki 6 metų";1;Lietuvių;41;0
141;Žirniukas;10;"Nuo 3 iki 5 metų";1;Lietuvių;2;0
141;Žirniukas;11;"Nuo 5 iki 7 metų";1;Lietuvių;26;0
141;Žirniukas;12;"Nuo 2 iki 3 metų";1;Lietuvių;17;0
141;Žirniukas;18;"Nuo 2 iki 4 metų";1;Lietuvių;20;0
142;Aušra;6;"Nuo 3 iki 4 metų";1;Lietuvių;48;0
142;Aušra;7;"Nuo 4 iki 5 metų";1;Lietuvių;24;0
142;Aušra;11;"Nuo 5 iki 7 metų";1;Lietuvių;50;0
142;Aušra;20;"Nuo 2 iki 6 metų";1;Lietuvių;23;0
143;Berželis;3;"Nuo 1,5 iki 3 metų";1;Lietuvių;57;0
143;Berželis;6;"Nuo 3 iki 4 metų";1;Lietuvių;0;0
143;Berželis;10;"Nuo 3 iki 5 metų";1;Lietuvių;2;0
143;Berželis;12;"Nuo 2 iki 3 metų";1;Lietuvių;18;0
143;Berželis;18;"Nuo 2 iki 4 metų";1;Lietuvių;1;0
143;Berželis;19;"Nuo 2 iki 5 metų";1;Lietuvių;21;0
144;Pelėdžiukas;3;"Nuo 1,5 iki 3 metų";1;Lietuvių;77;0
144;Pelėdžiukas;7;"Nuo 4 iki 5 metų";1;Lietuvių;22;0
144;Pelėdžiukas;8;"Nuo 5 iki 6 metų";1;Lietuvių;24;1
144;Pelėdžiukas;10;"Nuo 3 iki 5 metų";1;Lietuvių;2;0
144;Pelėdžiukas;11;"Nuo 5 iki 7 metų";1;Lietuvių;22;0
144;Pelėdžiukas;18;"Nuo 2 iki 4 metų";1;Lietuvių;43;0
147;Šilelis;3;"Nuo 1,5 iki 3 metų";1;Lietuvių;53;0
147;Šilelis;6;"Nuo 3 iki 4 metų";1;Lietuvių;6;0
147;Šilelis;7;"Nuo 4 iki 5 metų";1;Lietuvių;22;1
147;Šilelis;8;"Nuo 5 iki 6 metų";1;Lietuvių;20;0
147;Šilelis;11;"Nuo 5 iki 7 metų";1;Lietuvių;18;0
147;Šilelis;16;"Nuo 4 iki 7 metų";1;Lietuvių;16;0
147;Šilelis;18;"Nuo 2 iki 4 metų";1;Lietuvių;22;0
149;Vaduvos;3;"Nuo 1,5 iki 3 metų";1;Lietuvių;54;0
149;Vaduvos;6;"Nuo 3 iki 4 metų";1;Lietuvių;22;0
149;Vaduvos;7;"Nuo 4 iki 5 metų";1;Lietuvių;23;0
149;Vaduvos;8;"Nuo 5 iki 6 metų";1;Lietuvių;20;0
149;Vaduvos;11;"Nuo 5 iki 7 metų";1;Lietuvių;43;0
149;Vaduvos;16;"Nuo 4 iki 7 metų";1;Lietuvių;10;1
149;Vaduvos;18;"Nuo 2 iki 4 metų";1;Lietuvių;5;0
150;Vilkpėdės;3;"Nuo 1,5 iki 3 metų";1;Lietuvių;37;28
150;Vilkpėdės;7;"Nuo 4 iki 5 metų";1;Lietuvių;23;3
150;Vilkpėdės;8;"Nuo 5 iki 6 metų";1;Lietuvių;23;1
150;Vilkpėdės;11;"Nuo 5 iki 7 metų";1;Lietuvių;23;0
150;Vilkpėdės;18;"Nuo 2 iki 4 metų";1;Lietuvių;39;1
151;Žiburėlis;3;"Nuo 1,5 iki 3 metų";1;Lietuvių;71;0
151;Žiburėlis;4;"Nuo 3 iki 7 metų";1;Lietuvių;23;0
151;Žiburėlis;6;"Nuo 3 iki 4 metų";1;Lietuvių;19;0
151;Žiburėlis;7;"Nuo 4 iki 5 metų";1;Lietuvių;23;0
151;Žiburėlis;8;"Nuo 5 iki 6 metų";1;Lietuvių;39;3
151;Žiburėlis;11;"Nuo 5 iki 7 metų";1;Lietuvių;19;0
151;Žiburėlis;12;"Nuo 2 iki 3 metų";1;Lietuvių;42;0
151;Žiburėlis;18;"Nuo 2 iki 4 metų";1;Lietuvių;16;0
152;Justinukas;3;"Nuo 1,5 iki 3 metų";1;Lietuvių;107;2
152;Justinukas;6;"Nuo 3 iki 4 metų";1;Lietuvių;9;0
152;Justinukas;7;"Nuo 4 iki 5 metų";1;Lietuvių;48;0
152;Justinukas;8;"Nuo 5 iki 6 metų";1;Lietuvių;67;0
152;Justinukas;11;"Nuo 5 iki 7 metų";1;Lietuvių;23;0
152;Justinukas;18;"Nuo 2 iki 4 metų";1;Lietuvių;65;0
153;Aidas;4;"Nuo 3 iki 7 metų";1;Lietuvių;7;0
153;Aidas;15;"Nuo 6 iki 8 metų";1;Lietuvių;9;0
153;Aidas;45;"Nuo 8m.";1;Lietuvių;62;0
155;Gėlynas;3;"Nuo 1,5 iki 3 metų";1;Lietuvių;65;0
155;Gėlynas;6;"Nuo 3 iki 4 metų";1;Lietuvių;23;0
155;Gėlynas;11;"Nuo 5 iki 7 metų";1;Lietuvių;25;0
155;Gėlynas;13;"Nuo 4 iki 6 metų";1;Lietuvių;23;0
155;Gėlynas;14;"Nuo 3 iki 6 metų";1;Lietuvių;23;0
155;Gėlynas;28;"Nuo 1 iki 7 metų";1;Lietuvių;0;1
156;Obelėlė;3;"Nuo 1,5 iki 3 metų";1;Lietuvių;94;9
156;Obelėlė;6;"Nuo 3 iki 4 metų";1;Lietuvių;43;1
156;Obelėlė;10;"Nuo 3 iki 5 metų";1;Lietuvių;54;0
156;Obelėlė;11;"Nuo 5 iki 7 metų";1;Lietuvių;38;0
156;Obelėlė;13;"Nuo 4 iki 6 metų";1;Lietuvių;40;0
156;Obelėlė;18;"Nuo 2 iki 4 metų";1;Lietuvių;7;0
156;Obelėlė;23;"Nuo 1,5 iki 6 metų";1;Lietuvių;8;0
157;Spygliukas;3;"Nuo 1,5 iki 3 metų";1;Lietuvių;100;0
157;Spygliukas;6;"Nuo 3 iki 4 metų";1;Lietuvių;4;2
157;Spygliukas;7;"Nuo 4 iki 5 metų";1;Lietuvių;18;2
157;Spygliukas;8;"Nuo 5 iki 6 metų";1;Lietuvių;43;0
157;Spygliukas;10;"Nuo 3 iki 5 metų";1;Lietuvių;20;0
157;Spygliukas;11;"Nuo 5 iki 7 metų";1;Lietuvių;44;0
157;Spygliukas;12;"Nuo 2 iki 3 metų";1;Lietuvių;8;0
157;Spygliukas;18;"Nuo 2 iki 4 metų";1;Lietuvių;39;0
158;Vieversys;3;"Nuo 1,5 iki 3 metų";1;Lietuvių;79;0
158;Vieversys;6;"Nuo 3 iki 4 metų";1;Lietuvių;6;1
158;Vieversys;7;"Nuo 4 iki 5 metų";1;Lietuvių;42;0
158;Vieversys;8;"Nuo 5 iki 6 metų";1;Lietuvių;44;0
158;Vieversys;11;"Nuo 5 iki 7 metų";1;Lietuvių;69;0
158;Vieversys;12;"Nuo 2 iki 3 metų";1;Lietuvių;16;0
158;Vieversys;18;"Nuo 2 iki 4 metų";1;Lietuvių;54;0
159;Žirmūnėliai;3;"Nuo 1,5 iki 3 metų";1;Lietuvių;86;0
159;Žirmūnėliai;7;"Nuo 4 iki 5 metų";1;Lietuvių;42;0
159;Žirmūnėliai;8;"Nuo 5 iki 6 metų";1;Lietuvių;22;0
159;Žirmūnėliai;9;"Nuo 6 iki 7 metų";1;Lietuvių;0;1
159;Žirmūnėliai;10;"Nuo 3 iki 5 metų";1;Lietuvių;57;1
159;Žirmūnėliai;11;"Nuo 5 iki 7 metų";1;Lietuvių;65;0
159;Žirmūnėliai;13;"Nuo 4 iki 6 metų";1;Lietuvių;2;2
159;Žirmūnėliai;18;"Nuo 2 iki 4 metų";1;Lietuvių;42;0
160;Dainorėliai;6;"Nuo 3 iki 4 metų";1;Lietuvių;39;0
160;Dainorėliai;7;"Nuo 4 iki 5 metų";1;Lietuvių;22;0
160;Dainorėliai;8;"Nuo 5 iki 6 metų";1;Lietuvių;24;0
160;Dainorėliai;9;"Nuo 6 iki 7 metų";1;Lietuvių;1;1
160;Dainorėliai;10;"Nuo 3 iki 5 metų";1;Lietuvių;17;0
160;Dainorėliai;11;"Nuo 5 iki 7 metų";1;Lietuvių;43;0
160;Dainorėliai;18;"Nuo 2 iki 4 metų";1;Lietuvių;14;0
163;Gabijėlė;3;"Nuo 1,5 iki 3 metų";1;Lietuvių;80;0
163;Gabijėlė;6;"Nuo 3 iki 4 metų";1;Lietuvių;132;0
163;Gabijėlė;7;"Nuo 4 iki 5 metų";1;Lietuvių;69;0
163;Gabijėlė;8;"Nuo 5 iki 6 metų";1;Lietuvių;68;0
163;Gabijėlė;9;"Nuo 6 iki 7 metų";1;Lietuvių;3;0
163;Gabijėlė;11;"Nuo 5 iki 7 metų";1;Lietuvių;73;0
164;Saulėgrąža;3;"Nuo 1,5 iki 3 metų";1;Lietuvių;56;0
164;Saulėgrąža;10;"Nuo 3 iki 5 metų";1;Lietuvių;46;0
164;Saulėgrąža;11;"Nuo 5 iki 7 metų";1;Lietuvių;64;2
164;Saulėgrąža;12;"Nuo 2 iki 3 metų";1;Lietuvių;18;0
164;Saulėgrąža;13;"Nuo 4 iki 6 metų";1;Lietuvių;65;0
164;Saulėgrąža;18;"Nuo 2 iki 4 metų";1;Lietuvių;41;0
165;Pilaitukas;3;"Nuo 1,5 iki 3 metų";1;Lietuvių;85;0
165;Pilaitukas;6;"Nuo 3 iki 4 metų";1;Lietuvių;72;0
165;Pilaitukas;7;"Nuo 4 iki 5 metų";1;Lietuvių;47;0
165;Pilaitukas;8;"Nuo 5 iki 6 metų";1;Lietuvių;46;0
165;Pilaitukas;11;"Nuo 5 iki 7 metų";1;Lietuvių;65;0
167;"Vilniaus „Vilties“ specialioji mokykla-daugiafunkcinis centras";4;"Nuo 3 iki 7 metų";1;Lietuvių;9;3
169;Švelnukas;3;"Nuo 1,5 iki 3 metų";1;Lietuvių;29;0
169;Švelnukas;4;"Nuo 3 iki 7 metų";1;Lietuvių;25;0
169;Švelnukas;6;"Nuo 3 iki 4 metų";1;Lietuvių;29;0
169;Švelnukas;7;"Nuo 4 iki 5 metų";1;Lietuvių;24;0
169;Švelnukas;8;"Nuo 5 iki 6 metų";1;Lietuvių;23;0
169;Švelnukas;11;"Nuo 5 iki 7 metų";1;Lietuvių;23;0
170;Boružėlė;3;"Nuo 1,5 iki 3 metų";1;Lietuvių;68;0
170;Boružėlė;6;"Nuo 3 iki 4 metų";1;Lietuvių;80;0
170;Boružėlė;7;"Nuo 4 iki 5 metų";1;Lietuvių;44;0
170;Boružėlė;8;"Nuo 5 iki 6 metų";1;Lietuvių;66;0
170;Boružėlė;11;"Nuo 5 iki 7 metų";1;Lietuvių;51;0
181;Volungė;3;"Nuo 1,5 iki 3 metų";1;Lietuvių;67;3
181;Volungė;8;"Nuo 5 iki 6 metų";1;Lietuvių;21;0
181;Volungė;10;"Nuo 3 iki 5 metų";1;Lietuvių;0;0
181;Volungė;11;"Nuo 5 iki 7 metų";1;Lietuvių;46;0
181;Volungė;13;"Nuo 4 iki 6 metų";1;Lietuvių;1;2
181;Volungė;14;"Nuo 3 iki 6 metų";1;Lietuvių;3;0
181;Volungė;18;"Nuo 2 iki 4 metų";1;Lietuvių;31;3
181;Volungė;19;"Nuo 2 iki 5 metų";1;Lietuvių;42;0
186;Giliukas;3;"Nuo 1,5 iki 3 metų";1;Lietuvių;69;1
186;Giliukas;11;"Nuo 5 iki 7 metų";1;Lietuvių;23;0
186;Giliukas;12;"Nuo 2 iki 3 metų";1;Lietuvių;3;0
186;Giliukas;13;"Nuo 4 iki 6 metų";1;Lietuvių;22;0
186;Giliukas;18;"Nuo 2 iki 4 metų";1;Lietuvių;2;0
186;Giliukas;20;"Nuo 2 iki 6 metų";1;Lietuvių;44;0
188;"Lazdynų mokykla";20;"Nuo 2 iki 6 metų";1;Lietuvių;18;3
189;"VĮ Mažasis Trinapolis mok. 160 Eur";6;"Nuo 3 iki 4 metų";1;Lietuvių;16;0
189;"VĮ Mažasis Trinapolis mok. 160 Eur";7;"Nuo 4 iki 5 metų";1;Lietuvių;16;0
189;"VĮ Mažasis Trinapolis mok. 160 Eur";8;"Nuo 5 iki 6 metų";1;Lietuvių;28;0
189;"VĮ Mažasis Trinapolis mok. 160 Eur";9;"Nuo 6 iki 7 metų";1;Lietuvių;0;0
189;"VĮ Mažasis Trinapolis mok. 160 Eur";12;"Nuo 2 iki 3 metų";1;Lietuvių;14;0
189;"VĮ Mažasis Trinapolis mok. 160 Eur";18;"Nuo 2 iki 4 metų";1;Lietuvių;20;0
273;Santariškių;3;"Nuo 1,5 iki 3 metų";1;Lietuvių;55;0
273;Santariškių;6;"Nuo 3 iki 4 metų";1;Lietuvių;68;0
273;Santariškių;7;"Nuo 4 iki 5 metų";1;Lietuvių;95;0
273;Santariškių;8;"Nuo 5 iki 6 metų";1;Lietuvių;48;0
273;Santariškių;11;"Nuo 5 iki 7 metų";1;Lietuvių;68;0
280;"Vilnios pagrindinė mokykla";8;"Nuo 5 iki 6 metų";1;Lietuvių;12;0
280;"Vilnios pagrindinė mokykla";11;"Nuo 5 iki 7 metų";1;Lietuvių;20;0
280;"Vilnios pagrindinė mokykla";14;"Nuo 3 iki 6 metų";1;Lietuvių;3;17
280;"Vilnios pagrindinė mokykla";18;"Nuo 2 iki 4 metų";1;Lietuvių;39;6
283;"„Atžalyno” mokykla-darželis";6;"Nuo 3 iki 4 metų";1;Lietuvių;1;0
283;"„Atžalyno” mokykla-darželis";7;"Nuo 4 iki 5 metų";1;Lietuvių;19;0
283;"„Atžalyno” mokykla-darželis";9;"Nuo 6 iki 7 metų";1;Lietuvių;4;0
283;"„Atžalyno” mokykla-darželis";11;"Nuo 5 iki 7 metų";1;Lietuvių;28;0
283;"„Atžalyno” mokykla-darželis";12;"Nuo 2 iki 3 metų";1;Lietuvių;36;0
283;"„Atžalyno” mokykla-darželis";18;"Nuo 2 iki 4 metų";1;Lietuvių;22;0
311;"Vilniaus Naujininkų mokykla";11;"Nuo 5 iki 7 metų";1;Lietuvių;11;4
311;"Vilniaus Naujininkų mokykla";14;"Nuo 3 iki 6 metų";1;Lietuvių;18;6
311;"Vilniaus Naujininkų mokykla";16;"Nuo 4 iki 7 metų";1;Lietuvių;21;0
313;"Vilniaus Taikos progimnazija";11;"Nuo 5 iki 7 metų";1;Lietuvių;140;0
314;"Vilniaus Karaliaus Mindaugo pagrindinė mokykla";16;"Nuo 4 iki 7 metų";1;Lietuvių;101;10
327;Ąžuolas;3;"Nuo 1,5 iki 3 metų";1;Lietuvių;38;0
327;Ąžuolas;6;"Nuo 3 iki 4 metų";1;Lietuvių;116;0
327;Ąžuolas;7;"Nuo 4 iki 5 metų";1;Lietuvių;84;0
327;Ąžuolas;8;"Nuo 5 iki 6 metų";1;Lietuvių;49;0
327;Ąžuolas;11;"Nuo 5 iki 7 metų";1;Lietuvių;24;0
327;Ąžuolas;28;"Nuo 1 iki 7 metų";1;Lietuvių;0;1
335;"Vilniaus Trakų Vokės gimnazija";11;"Nuo 5 iki 7 metų";1;Lietuvių;22;0
335;"Vilniaus Trakų Vokės gimnazija";16;"Nuo 4 iki 7 metų";1;Lietuvių;58;0
337;"Vilniaus Salininkų gimnazija";11;"Nuo 5 iki 7 metų";1;Lietuvių;86;5
338;"Vilniaus „Spindulio“ progimnazija";11;"Nuo 5 iki 7 metų";1;Lietuvių;83;0
338;"Vilniaus „Spindulio“ progimnazija";16;"Nuo 4 iki 7 metų";1;Lietuvių;21;0
342;"Vilniaus „Pelėdos” pradinė mokykla";11;"Nuo 5 iki 7 metų";1;Lietuvių;92;0
373;"Vilniaus Verkių mokykla-daugiafunkcis centras";4;"Nuo 3 iki 7 metų";1;Lietuvių;7;0
373;"Vilniaus Verkių mokykla-daugiafunkcis centras";9;"Nuo 6 iki 7 metų";1;Lietuvių;0;7
373;"Vilniaus Verkių mokykla-daugiafunkcis centras";14;"Nuo 3 iki 6 metų";1;Lietuvių;0;7
374;"Vilniaus Sausio 13-osios mokykla";16;"Nuo 4 iki 7 metų";1;Lietuvių;63;29
376;"Vilniaus Viršuliškių mokykla";16;"Nuo 4 iki 7 metų";1;Lietuvių;38;7
377;Gluosnis;3;"Nuo 1,5 iki 3 metų";1;Lietuvių;50;0
377;Gluosnis;6;"Nuo 3 iki 4 metų";1;Lietuvių;51;0
377;Gluosnis;8;"Nuo 5 iki 6 metų";1;Lietuvių;20;0
377;Gluosnis;10;"Nuo 3 iki 5 metų";1;Lietuvių;67;0
377;Gluosnis;11;"Nuo 5 iki 7 metų";1;Lietuvių;22;0
377;Gluosnis;13;"Nuo 4 iki 6 metų";1;Lietuvių;21;0
377;Gluosnis;16;"Nuo 4 iki 7 metų";1;Lietuvių;5;0
381;"Vilniaus Simono Stanevičiaus progimnazija";11;"Nuo 5 iki 7 metų";1;Lietuvių;79;5
384;"Vilniaus Maironio progimnazija";11;"Nuo 5 iki 7 metų";1;Lietuvių;53;9
384;"Vilniaus Maironio progimnazija";16;"Nuo 4 iki 7 metų";1;Lietuvių;23;0
388;Žolynas;3;"Nuo 1,5 iki 3 metų";1;Lietuvių;74;0
388;Žolynas;11;"Nuo 5 iki 7 metų";1;Lietuvių;23;0
388;Žolynas;13;"Nuo 4 iki 6 metų";1;Lietuvių;21;0
388;Žolynas;18;"Nuo 2 iki 4 metų";1;Lietuvių;71;0
388;Žolynas;28;"Nuo 1 iki 7 metų";1;Lietuvių;1;0
389;"Vilniaus „Genio“ progimnazija";9;"Nuo 6 iki 7 metų";1;Lietuvių;21;0
389;"Vilniaus „Genio“ progimnazija";11;"Nuo 5 iki 7 metų";1;Lietuvių;21;0
597;"Gintarėlis (Popieriaus g. 46A)";14;"Nuo 3 iki 6 metų";1;Lietuvių;3;0
597;"Gintarėlis (Popieriaus g. 46A)";20;"Nuo 2 iki 6 metų";1;Lietuvių;20;0
667;"Pušynėlis (A. Mickevičiaus g. 21)";3;"Nuo 1,5 iki 3 metų";1;Lietuvių;33;0
667;"Pušynėlis (A. Mickevičiaus g. 21)";7;"Nuo 4 iki 5 metų";1;Lietuvių;22;0
667;"Pušynėlis (A. Mickevičiaus g. 21)";11;"Nuo 5 iki 7 metų";1;Lietuvių;25;0
667;"Pušynėlis (A. Mickevičiaus g. 21)";18;"Nuo 2 iki 4 metų";1;Lietuvių;22;0
668;"Naminukas (Klinikų g. 5)";3;"Nuo 1,5 iki 3 metų";1;Lietuvių;33;0
668;"Naminukas (Klinikų g. 5)";7;"Nuo 4 iki 5 metų";1;Lietuvių;22;0
668;"Naminukas (Klinikų g. 5)";11;"Nuo 5 iki 7 metų";1;Lietuvių;24;0
668;"Naminukas (Klinikų g. 5)";18;"Nuo 2 iki 4 metų";1;Lietuvių;23;0
669;"Gervelė (Stadiono g. 5)";4;"Nuo 3 iki 7 metų";1;Lietuvių;22;0
39;Coliukė;4;"Nuo 3 iki 7 metų";2;Rusų;42;8
41;Daigelis;3;"Nuo 1,5 iki 3 metų";2;Rusų;65;0
41;Daigelis;4;"Nuo 3 iki 7 metų";2;Rusų;7;0
41;Daigelis;6;"Nuo 3 iki 4 metų";2;Rusų;41;0
41;Daigelis;7;"Nuo 4 iki 5 metų";2;Rusų;2;0
41;Daigelis;10;"Nuo 3 iki 5 metų";2;Rusų;38;4
41;Daigelis;16;"Nuo 4 iki 7 metų";2;Rusų;17;0
51;Gelvonėlis;3;"Nuo 1,5 iki 3 metų";2;Rusų;31;0
51;Gelvonėlis;7;"Nuo 4 iki 5 metų";2;Rusų;19;0
51;Gelvonėlis;8;"Nuo 5 iki 6 metų";2;Rusų;18;0
51;Gelvonėlis;11;"Nuo 5 iki 7 metų";2;Rusų;20;0
51;Gelvonėlis;16;"Nuo 4 iki 7 metų";2;Rusų;4;1
51;Gelvonėlis;18;"Nuo 2 iki 4 metų";2;Rusų;23;0
52;"Gervelė (Dzūkų g. 32)";4;"Nuo 3 iki 7 metų";2;Rusų;24;8
59;Karusėlė;3;"Nuo 1,5 iki 3 metų";2;Rusų;63;0
59;Karusėlė;6;"Nuo 3 iki 4 metų";2;Rusų;31;3
59;Karusėlė;7;"Nuo 4 iki 5 metų";2;Rusų;23;0
59;Karusėlė;8;"Nuo 5 iki 6 metų";2;Rusų;22;0
59;Karusėlė;11;"Nuo 5 iki 7 metų";2;Rusų;21;0
60;Kaštonas;14;"Nuo 3 iki 6 metų";2;Rusų;22;5
64;Kurpaitė;3;"Nuo 1,5 iki 3 metų";2;Rusų;29;0
64;Kurpaitė;7;"Nuo 4 iki 5 metų";2;Rusų;1;0
64;Kurpaitė;11;"Nuo 5 iki 7 metų";2;Rusų;17;3
64;Kurpaitė;13;"Nuo 4 iki 6 metų";2;Rusų;23;0
64;Kurpaitė;18;"Nuo 2 iki 4 metų";2;Rusų;21;0
65;"Kūlverstukas (Suvalkų g. 6)";3;"Nuo 1,5 iki 3 metų";2;Rusų;31;0
65;"Kūlverstukas (Suvalkų g. 6)";7;"Nuo 4 iki 5 metų";2;Rusų;22;0
65;"Kūlverstukas (Suvalkų g. 6)";11;"Nuo 5 iki 7 metų";2;Rusų;22;0
65;"Kūlverstukas (Suvalkų g. 6)";18;"Nuo 2 iki 4 metų";2;Rusų;23;0
67;Lašelis;1;"Iki 1,5 metų";2;Rusų;23;4
67;Lašelis;3;"Nuo 1,5 iki 3 metų";2;Rusų;24;3
67;Lašelis;7;"Nuo 4 iki 5 metų";2;Rusų;16;0
67;Lašelis;8;"Nuo 5 iki 6 metų";2;Rusų;16;0
67;Lašelis;12;"Nuo 2 iki 3 metų";2;Rusų;21;8
67;Lašelis;18;"Nuo 2 iki 4 metų";2;Rusų;19;0
69;Liepsnelė;3;"Nuo 1,5 iki 3 metų";2;Rusų;50;8
69;Liepsnelė;7;"Nuo 4 iki 5 metų";2;Rusų;2;4
69;Liepsnelė;8;"Nuo 5 iki 6 metų";2;Rusų;20;2
69;Liepsnelė;13;"Nuo 4 iki 6 metų";2;Rusų;22;0
69;Liepsnelė;18;"Nuo 2 iki 4 metų";2;Rusų;22;1
87;Paslaptis;3;"Nuo 1,5 iki 3 metų";2;Rusų;16;0
87;Paslaptis;10;"Nuo 3 iki 5 metų";2;Rusų;23;0
87;Paslaptis;16;"Nuo 4 iki 7 metų";2;Rusų;24;0
87;Paslaptis;18;"Nuo 2 iki 4 metų";2;Rusų;7;0
90;Pelenė;3;"Nuo 1,5 iki 3 metų";2;Rusų;48;0
90;Pelenė;6;"Nuo 3 iki 4 metų";2;Rusų;24;0
90;Pelenė;8;"Nuo 5 iki 6 metų";2;Rusų;24;0
90;Pelenė;9;"Nuo 6 iki 7 metų";2;Rusų;2;0
90;Pelenė;11;"Nuo 5 iki 7 metų";2;Rusų;22;0
90;Pelenė;18;"Nuo 2 iki 4 metų";2;Rusų;3;0
90;Pelenė;19;"Nuo 2 iki 5 metų";2;Rusų;21;0
92;"Prie pasakų parko";3;"Nuo 1,5 iki 3 metų";2;Rusų;23;8
92;"Prie pasakų parko";6;"Nuo 3 iki 4 metų";2;Rusų;1;5
92;"Prie pasakų parko";7;"Nuo 4 iki 5 metų";2;Rusų;19;0
92;"Prie pasakų parko";10;"Nuo 3 iki 5 metų";2;Rusų;33;7
92;"Prie pasakų parko";11;"Nuo 5 iki 7 metų";2;Rusų;11;4
92;"Prie pasakų parko";12;"Nuo 2 iki 3 metų";2;Rusų;25;0
97;Raktelis;3;"Nuo 1,5 iki 3 metų";2;Rusų;29;0
97;Raktelis;10;"Nuo 3 iki 5 metų";2;Rusų;25;0
97;Raktelis;16;"Nuo 4 iki 7 metų";2;Rusų;23;0
99;Rugelis;13;"Nuo 4 iki 6 metų";2;Rusų;25;0
99;Rugelis;18;"Nuo 2 iki 4 metų";2;Rusų;27;5
102;Ramunėlė;3;"Nuo 1,5 iki 3 metų";2;Rusų;17;13
102;Ramunėlė;10;"Nuo 3 iki 5 metų";2;Rusų;21;3
102;Ramunėlė;11;"Nuo 5 iki 7 metų";2;Rusų;23;0
108;Saulėtekis;3;"Nuo 1,5 iki 3 metų";2;Rusų;18;0
108;Saulėtekis;4;"Nuo 3 iki 7 metų";2;Rusų;8;0
108;Saulėtekis;7;"Nuo 4 iki 5 metų";2;Rusų;23;0
108;Saulėtekis;11;"Nuo 5 iki 7 metų";2;Rusų;23;0
112;Spragtukas;3;"Nuo 1,5 iki 3 metų";2;Rusų;19;16
112;Spragtukas;6;"Nuo 3 iki 4 metų";2;Rusų;18;1
112;Spragtukas;8;"Nuo 5 iki 6 metų";2;Rusų;20;1
112;Spragtukas;11;"Nuo 5 iki 7 metų";2;Rusų;19;0
112;Spragtukas;18;"Nuo 2 iki 4 metų";2;Rusų;21;0
114;Sveikuolis;3;"Nuo 1,5 iki 3 metų";2;Rusų;96;5
114;Sveikuolis;6;"Nuo 3 iki 4 metų";2;Rusų;5;0
114;Sveikuolis;7;"Nuo 4 iki 5 metų";2;Rusų;41;0
114;Sveikuolis;8;"Nuo 5 iki 6 metų";2;Rusų;42;0
114;Sveikuolis;11;"Nuo 5 iki 7 metų";2;Rusų;58;1
114;Sveikuolis;13;"Nuo 4 iki 6 metų";2;Rusų;1;0
114;Sveikuolis;18;"Nuo 2 iki 4 metų";2;Rusų;40;1
115;Šermukšnėlė;3;"Nuo 1,5 iki 3 metų";2;Rusų;29;0
115;Šermukšnėlė;10;"Nuo 3 iki 5 metų";2;Rusų;21;0
115;Šermukšnėlė;11;"Nuo 5 iki 7 metų";2;Rusų;23;0
122;Vėjelis;11;"Nuo 5 iki 7 metų";2;Rusų;24;0
122;Vėjelis;13;"Nuo 4 iki 6 metų";2;Rusų;25;0
122;Vėjelis;16;"Nuo 4 iki 7 metų";2;Rusų;6;0
122;Vėjelis;18;"Nuo 2 iki 4 metų";2;Rusų;26;0
123;Vėtrungė;3;"Nuo 1,5 iki 3 metų";2;Rusų;30;0
125;Vėrinėlis;3;"Nuo 1,5 iki 3 metų";2;Rusų;38;0
125;Vėrinėlis;10;"Nuo 3 iki 5 metų";2;Rusų;21;0
125;Vėrinėlis;11;"Nuo 5 iki 7 metų";2;Rusų;22;0
125;Vėrinėlis;13;"Nuo 4 iki 6 metų";2;Rusų;21;0
125;Vėrinėlis;18;"Nuo 2 iki 4 metų";2;Rusų;23;0
129;Zylutė;3;"Nuo 1,5 iki 3 metų";2;Rusų;30;0
129;Zylutė;6;"Nuo 3 iki 4 metų";2;Rusų;22;0
129;Zylutė;7;"Nuo 4 iki 5 metų";2;Rusų;22;0
129;Zylutė;8;"Nuo 5 iki 6 metų";2;Rusų;21;0
132;Žemuogėlė;3;"Nuo 1,5 iki 3 metų";2;Rusų;28;0
132;Žemuogėlė;10;"Nuo 3 iki 5 metų";2;Rusų;22;0
132;Žemuogėlė;11;"Nuo 5 iki 7 metų";2;Rusų;21;0
134;Žiedas;3;"Nuo 1,5 iki 3 metų";2;Rusų;33;0
134;Žiedas;6;"Nuo 3 iki 4 metų";2;Rusų;25;0
134;Žiedas;13;"Nuo 4 iki 6 metų";2;Rusų;25;0
139;Žuvėdra;3;"Nuo 1,5 iki 3 metų";2;Rusų;30;0
139;Žuvėdra;10;"Nuo 3 iki 5 metų";2;Rusų;23;0
139;Žuvėdra;11;"Nuo 5 iki 7 metų";2;Rusų;23;0
141;Žirniukas;4;"Nuo 3 iki 7 metų";2;Rusų;22;0
143;Berželis;3;"Nuo 1,5 iki 3 metų";2;Rusų;54;0
143;Berželis;6;"Nuo 3 iki 4 metų";2;Rusų;27;0
143;Berželis;7;"Nuo 4 iki 5 metų";2;Rusų;21;0
143;Berželis;8;"Nuo 5 iki 6 metų";2;Rusų;23;0
143;Berželis;9;"Nuo 6 iki 7 metų";2;Rusų;2;0
143;Berželis;11;"Nuo 5 iki 7 metų";2;Rusų;23;0
145;Saulutė;3;"Nuo 1,5 iki 3 metų";2;Rusų;39;0
145;Saulutė;4;"Nuo 3 iki 7 metų";2;Rusų;24;0
145;Saulutė;6;"Nuo 3 iki 4 metų";2;Rusų;23;0
145;Saulutė;7;"Nuo 4 iki 5 metų";2;Rusų;23;0
145;Saulutė;8;"Nuo 5 iki 6 metų";2;Rusų;24;0
145;Saulutė;11;"Nuo 5 iki 7 metų";2;Rusų;22;0
146;Svaja;6;"Nuo 3 iki 4 metų";2;Rusų;39;2
146;Svaja;7;"Nuo 4 iki 5 metų";2;Rusų;24;0
146;Svaja;8;"Nuo 5 iki 6 metų";2;Rusų;23;0
146;Svaja;11;"Nuo 5 iki 7 metų";2;Rusų;66;0
147;Šilelis;3;"Nuo 1,5 iki 3 metų";2;Rusų;30;0
147;Šilelis;4;"Nuo 3 iki 7 metų";2;Rusų;11;6
147;Šilelis;6;"Nuo 3 iki 4 metų";2;Rusų;3;0
147;Šilelis;7;"Nuo 4 iki 5 metų";2;Rusų;21;1
147;Šilelis;8;"Nuo 5 iki 6 metų";2;Rusų;21;0
147;Šilelis;9;"Nuo 6 iki 7 metų";2;Rusų;0;8
147;Šilelis;18;"Nuo 2 iki 4 metų";2;Rusų;23;0
148;Vaivorykštė;6;"Nuo 3 iki 4 metų";2;Rusų;53;41
148;Vaivorykštė;7;"Nuo 4 iki 5 metų";2;Rusų;51;1
148;Vaivorykštė;8;"Nuo 5 iki 6 metų";2;Rusų;48;0
148;Vaivorykštė;11;"Nuo 5 iki 7 metų";2;Rusų;66;0
148;Vaivorykštė;16;"Nuo 4 iki 7 metų";2;Rusų;2;15
154;Bangelė;3;"Nuo 1,5 iki 3 metų";2;Rusų;48;15
154;Bangelė;6;"Nuo 3 iki 4 metų";2;Rusų;0;5
154;Bangelė;7;"Nuo 4 iki 5 metų";2;Rusų;22;0
154;Bangelė;8;"Nuo 5 iki 6 metų";2;Rusų;24;5
154;Bangelė;10;"Nuo 3 iki 5 metų";2;Rusų;22;0
154;Bangelė;11;"Nuo 5 iki 7 metų";2;Rusų;24;1
161;Lokiukas;3;"Nuo 1,5 iki 3 metų";2;Rusų;31;0
161;Lokiukas;6;"Nuo 3 iki 4 metų";2;Rusų;6;0
161;Lokiukas;7;"Nuo 4 iki 5 metų";2;Rusų;24;0
161;Lokiukas;8;"Nuo 5 iki 6 metų";2;Rusų;25;0
161;Lokiukas;9;"Nuo 6 iki 7 metų";2;Rusų;6;0
161;Lokiukas;11;"Nuo 5 iki 7 metų";2;Rusų;40;0
161;Lokiukas;18;"Nuo 2 iki 4 metų";2;Rusų;23;0
165;Pilaitukas;4;"Nuo 3 iki 7 metų";2;Rusų;22;0
166;Vilija;4;"Nuo 3 iki 7 metų";2;Rusų;20;0
188;"Lazdynų mokykla";16;"Nuo 4 iki 7 metų";2;Rusų;33;0
331;"Vilniaus Levo Karsavino vidurinė mokykla";11;"Nuo 5 iki 7 metų";2;Rusų;74;0
332;"Vilniaus Liepkalnio Pagrindinė Mokykla";11;"Nuo 5 iki 7 metų";2;Rusų;41;0
333;"Vilniaus Pranciškaus Skorinos gimnazija";16;"Nuo 4 iki 7 metų";2;Rusų;29;6
369;"Vilniaus Joachimo Lelevelio inžinerijos mokykla";11;"Nuo 5 iki 7 metų";2;Rusų;30;0
375;"Vilniaus savivaldybės Grigiškių gimnazija";11;"Nuo 5 iki 7 metų";2;Rusų;19;21
375;"Vilniaus savivaldybės Grigiškių gimnazija";16;"Nuo 4 iki 7 metų";2;Rusų;27;0
378;"Vilniaus Aleksandro Puškino mokykla";11;"Nuo 5 iki 7 metų";2;Rusų;30;0
378;"Vilniaus Aleksandro Puškino mokykla";16;"Nuo 4 iki 7 metų";2;Rusų;40;0
380;"Vilniaus Ateities mokykla";11;"Nuo 5 iki 7 metų";2;Rusų;48;6
380;"Vilniaus Ateities mokykla";16;"Nuo 4 iki 7 metų";2;Rusų;17;0
383;"Vilniaus Saulėtekio mokykla-daugiafunkcinis centras";8;"Nuo 5 iki 6 metų";2;Rusų;23;0
383;"Vilniaus Saulėtekio mokykla-daugiafunkcinis centras";11;"Nuo 5 iki 7 metų";2;Rusų;72;0
597;"Gintarėlis (Popieriaus g. 46A)";4;"Nuo 3 iki 7 metų";2;Rusų;2;1
597;"Gintarėlis (Popieriaus g. 46A)";16;"Nuo 4 iki 7 metų";2;Rusų;16;0
597;"Gintarėlis (Popieriaus g. 46A)";18;"Nuo 2 iki 4 metų";2;Rusų;19;0
669;"Gervelė (Stadiono g. 5)";3;"Nuo 1,5 iki 3 metų";2;Rusų;21;3
669;"Gervelė (Stadiono g. 5)";10;"Nuo 3 iki 5 metų";2;Rusų;25;2
669;"Gervelė (Stadiono g. 5)";11;"Nuo 5 iki 7 metų";2;Rusų;24;3
670;"Kūlverstukas (Mindaugo g. 7)";3;"Nuo 1,5 iki 3 metų";2;Rusų;31;0
670;"Kūlverstukas (Mindaugo g. 7)";4;"Nuo 3 iki 7 metų";2;Rusų;47;0
670;"Kūlverstukas (Mindaugo g. 7)";10;"Nuo 3 iki 5 metų";2;Rusų;2;1
670;"Kūlverstukas (Mindaugo g. 7)";11;"Nuo 5 iki 7 metų";2;Rusų;3;0
670;"Kūlverstukas (Mindaugo g. 7)";18;"Nuo 2 iki 4 metų";2;Rusų;2;1
670;"Kūlverstukas (Mindaugo g. 7)";20;"Nuo 2 iki 6 metų";2;Rusų;3;0
39;Coliukė;4;"Nuo 3 iki 7 metų";4;Lenkų;21;0
39;Coliukė;20;"Nuo 2 iki 6 metų";4;Lenkų;0;10
51;Gelvonėlis;4;"Nuo 3 iki 7 metų";4;Lenkų;19;2
54;"Gintarėlis (Didlaukio g. 35)";3;"Nuo 1,5 iki 3 metų";4;Lenkų;17;0
59;Karusėlė;14;"Nuo 3 iki 6 metų";4;Lenkų;26;3
60;Kaštonas;3;"Nuo 1,5 iki 3 metų";4;Lenkų;15;10
60;Kaštonas;10;"Nuo 3 iki 5 metų";4;Lenkų;23;0
60;Kaštonas;11;"Nuo 5 iki 7 metų";4;Lenkų;25;3
60;Kaštonas;19;"Nuo 2 iki 5 metų";4;Lenkų;2;15
82;Pakalnutė;19;"Nuo 2 iki 5 metų";4;Lenkų;16;0
92;"Prie pasakų parko";3;"Nuo 1,5 iki 3 metų";4;Lenkų;26;2
92;"Prie pasakų parko";10;"Nuo 3 iki 5 metų";4;Lenkų;28;7
92;"Prie pasakų parko";11;"Nuo 5 iki 7 metų";4;Lenkų;6;6
97;Raktelis;3;"Nuo 1,5 iki 3 metų";4;Lenkų;81;0
97;Raktelis;6;"Nuo 3 iki 4 metų";4;Lenkų;23;0
97;Raktelis;7;"Nuo 4 iki 5 metų";4;Lenkų;24;0
97;Raktelis;8;"Nuo 5 iki 6 metų";4;Lenkų;23;0
97;Raktelis;10;"Nuo 3 iki 5 metų";4;Lenkų;24;0
97;Raktelis;11;"Nuo 5 iki 7 metų";4;Lenkų;24;0
99;Rugelis;20;"Nuo 2 iki 6 metų";4;Lenkų;22;0
102;Ramunėlė;16;"Nuo 4 iki 7 metų";4;Lenkų;20;0
102;Ramunėlė;18;"Nuo 2 iki 4 metų";4;Lenkų;24;9
112;Spragtukas;20;"Nuo 2 iki 6 metų";4;Lenkų;22;0
114;Sveikuolis;23;"Nuo 1,5 iki 6 metų";4;Lenkų;0;0
115;Šermukšnėlė;23;"Nuo 1,5 iki 6 metų";4;Lenkų;0;0
116;Šypsena;3;"Nuo 1,5 iki 3 metų";4;Lenkų;49;0
116;Šypsena;6;"Nuo 3 iki 4 metų";4;Lenkų;20;0
116;Šypsena;7;"Nuo 4 iki 5 metų";4;Lenkų;24;0
116;Šypsena;8;"Nuo 5 iki 6 metų";4;Lenkų;18;0
116;Šypsena;10;"Nuo 3 iki 5 metų";4;Lenkų;2;0
116;Šypsena;11;"Nuo 5 iki 7 metų";4;Lenkų;21;2
116;Šypsena;12;"Nuo 2 iki 3 metų";4;Lenkų;10;0
122;Vėjelis;3;"Nuo 1,5 iki 3 metų";4;Lenkų;37;0
122;Vėjelis;13;"Nuo 4 iki 6 metų";4;Lenkų;22;0
122;Vėjelis;18;"Nuo 2 iki 4 metų";4;Lenkų;20;0
125;Vėrinėlis;10;"Nuo 3 iki 5 metų";4;Lenkų;21;0
125;Vėrinėlis;11;"Nuo 5 iki 7 metų";4;Lenkų;21;0
125;Vėrinėlis;18;"Nuo 2 iki 4 metų";4;Lenkų;21;0
129;Zylutė;16;"Nuo 4 iki 7 metų";4;Lenkų;23;0
129;Zylutė;18;"Nuo 2 iki 4 metų";4;Lenkų;24;3
134;Žiedas;3;"Nuo 1,5 iki 3 metų";4;Lenkų;23;0
134;Žiedas;14;"Nuo 3 iki 6 metų";4;Lenkų;23;0
137;Žiogelis;4;"Nuo 3 iki 7 metų";4;Lenkų;21;0
137;Žiogelis;23;"Nuo 1,5 iki 6 metų";4;Lenkų;5;0
139;Žuvėdra;3;"Nuo 1,5 iki 3 metų";4;Lenkų;33;0
143;Berželis;3;"Nuo 1,5 iki 3 metų";4;Lenkų;18;0
143;Berželis;18;"Nuo 2 iki 4 metų";4;Lenkų;2;1
145;Saulutė;3;"Nuo 1,5 iki 3 metų";4;Lenkų;29;0
145;Saulutė;4;"Nuo 3 iki 7 metų";4;Lenkų;19;0
145;Saulutė;18;"Nuo 2 iki 4 metų";4;Lenkų;20;0
147;Šilelis;14;"Nuo 3 iki 6 metų";4;Lenkų;18;0
154;Bangelė;3;"Nuo 1,5 iki 3 metų";4;Lenkų;35;0
154;Bangelė;6;"Nuo 3 iki 4 metų";4;Lenkų;24;4
154;Bangelė;7;"Nuo 4 iki 5 metų";4;Lenkų;1;1
154;Bangelė;10;"Nuo 3 iki 5 metų";4;Lenkų;23;0
154;Bangelė;11;"Nuo 5 iki 7 metų";4;Lenkų;2;0
154;Bangelė;16;"Nuo 4 iki 7 metų";4;Lenkų;22;0
162;Šaltinėlis;3;"Nuo 1,5 iki 3 metų";4;Lenkų;49;0
162;Šaltinėlis;6;"Nuo 3 iki 4 metų";4;Lenkų;32;1
162;Šaltinėlis;7;"Nuo 4 iki 5 metų";4;Lenkų;23;0
162;Šaltinėlis;8;"Nuo 5 iki 6 metų";4;Lenkų;22;0
162;Šaltinėlis;9;"Nuo 6 iki 7 metų";4;Lenkų;3;0
162;Šaltinėlis;11;"Nuo 5 iki 7 metų";4;Lenkų;55;3
162;Šaltinėlis;18;"Nuo 2 iki 4 metų";4;Lenkų;20;0
165;Pilaitukas;3;"Nuo 1,5 iki 3 metų";4;Lenkų;29;0
165;Pilaitukas;4;"Nuo 3 iki 7 metų";4;Lenkų;21;0
166;Vilija;3;"Nuo 1,5 iki 3 metų";4;Lenkų;54;0
166;Vilija;6;"Nuo 3 iki 4 metų";4;Lenkų;65;0
166;Vilija;7;"Nuo 4 iki 5 metų";4;Lenkų;68;0
166;Vilija;8;"Nuo 5 iki 6 metų";4;Lenkų;58;0
166;Vilija;9;"Nuo 6 iki 7 metų";4;Lenkų;6;0
166;Vilija;11;"Nuo 5 iki 7 metų";4;Lenkų;58;0
166;Vilija;12;"Nuo 2 iki 3 metų";4;Lenkų;18;0
166;Vilija;18;"Nuo 2 iki 4 metų";4;Lenkų;34;0
171;Žaliakalnio;6;"Nuo 3 iki 4 metų";4;Lenkų;22;0
171;Žaliakalnio;7;"Nuo 4 iki 5 metų";4;Lenkų;23;0
171;Žaliakalnio;8;"Nuo 5 iki 6 metų";4;Lenkų;22;0
171;Žaliakalnio;11;"Nuo 5 iki 7 metų";4;Lenkų;37;0
171;Žaliakalnio;16;"Nuo 4 iki 7 metų";4;Lenkų;10;1
171;Žaliakalnio;18;"Nuo 2 iki 4 metų";4;Lenkų;65;0
188;"Lazdynų mokykla";16;"Nuo 4 iki 7 metų";4;Lenkų;27;5
188;"Lazdynų mokykla";20;"Nuo 2 iki 6 metų";4;Lenkų;24;0
334;"Vilniaus Simono Konarskio mokykla";11;"Nuo 5 iki 7 metų";4;Lenkų;26;10
339;"Vilniaus Vladislavo Sirokomlės gimnazija";11;"Nuo 5 iki 7 metų";4;Lenkų;42;0
339;"Vilniaus Vladislavo Sirokomlės gimnazija";16;"Nuo 4 iki 7 metų";4;Lenkų;15;0
369;"Vilniaus Joachimo Lelevelio inžinerijos mokykla";11;"Nuo 5 iki 7 metų";4;Lenkų;30;0
370;"Vilniaus Juzefo Ignacijaus Kraševskio gimnazija";11;"Nuo 5 iki 7 metų";4;Lenkų;0;20
370;"Vilniaus Juzefo Ignacijaus Kraševskio gimnazija";16;"Nuo 4 iki 7 metų";4;Lenkų;35;5
371;"Vilniaus Jono Pauliaus II progimnazija";11;"Nuo 5 iki 7 metų";4;Lenkų;108;0
371;"Vilniaus Jono Pauliaus II progimnazija";16;"Nuo 4 iki 7 metų";4;Lenkų;22;0
375;"Vilniaus savivaldybės Grigiškių gimnazija";11;"Nuo 5 iki 7 metų";4;Lenkų;6;14
375;"Vilniaus savivaldybės Grigiškių gimnazija";16;"Nuo 4 iki 7 metų";4;Lenkų;11;0
597;"Gintarėlis (Popieriaus g. 46A)";3;"Nuo 1,5 iki 3 metų";4;Lenkų;15;0
597;"Gintarėlis (Popieriaus g. 46A)";18;"Nuo 2 iki 4 metų";4;Lenkų;4;0
107;Salvija;16;"Nuo 4 iki 7 metų";8;Hebrajų;26;0
107;Salvija;18;"Nuo 2 iki 4 metų";8;Hebrajų;32;0
