SCH,LABEL,ADDRESS,GIS_X,GIS_Y,ELDERATE,DARZ_ID,SCHOOL_NAME,TYPE_ID,TYPE_LABEL,AGE_FROM,AGE_TO,LAN_ID,LAN_LABEL,WAITS,CAPACITY,GID,GLABEL,SUITABLE_FOR_DISABLED,CHILD_COUNT,FREE_SPACE,LANG
31,Aitvaras,"Pašilaičių g. 10",6066674,579323,Pašilaičių,31,Aitvaras,28,"Nuo 1 iki 7 metų",1.00,7.00,1,Lietuvių,,0,45,SPEC.VAIKAI,Taip,0,0,Lie
152,Justinukas,"Taikos g. 99",6065757,578141,Justiniškių,152,Justinukas,28,"Nuo 1 iki 7 metų",1.00,7.00,1,Lietuvių,,0,50,"NAUJA SPEC. POREIKIŲ GR.",Taip,0,0,Lie
154,Bangelė,"Žemaitės g. 3",6060388,580757,Vilkpėdės,154,Bangelė,28,"Nuo 1 iki 7 metų",1.00,7.00,4,Lenkų,,0,60,"SPEC.VAIKAI 2020",Taip,0,0,Len
155,Gėlynas,"Gėlių g. 9A",6060442,582724,Senamiesčio,155,Gėlynas,28,"Nuo 1 iki 7 metų",1.00,7.00,1,Lietuvių,1,0,12,"SPEC VAIKAI",Taip,0,0,Lie
156,Obelėlė,"Architektų g. 204",6061258,578692,Lazdynų,156,Obelėlė,28,"Nuo 1 iki 7 metų",1.00,7.00,1,Lietuvių,,0,46,SPEC.VAIKAI,Taip,0,0,Lie
157,Spygliukas,"Architektų g. 16",6060560,578449,Lazdynų,157,Spygliukas,28,"Nuo 1 iki 7 metų",1.00,7.00,1,Lietuvių,,0,31,SPEC.VAIKAI,Taip,0,0,Lie
273,Santariškių,"Santariškių g. 27A",6070181,582535,Verkių,273,Santariškių,28,"Nuo 1 iki 7 metų",1.00,7.00,1,Lietuvių,1,0,35,SPEC.VAIKAI,Taip,0,0,Lie
280,"Vilnios pagrindinė mokykla","Palydovo g. 29A",6063647,591077,"Naujosios Vilnios",280,"Vilnios pagrindinė mokykla",28,"Nuo 1 iki 7 metų",1.00,7.00,1,Lietuvių,,0,13,SPEC.VAIKAI,Taip,0,0,Lie
283,Atžalyno,"Genių g. 25",6062221,591842,"Naujosios Vilnios",283,Atžalyno,28,"Nuo 1 iki 7 metų",1.00,7.00,1,Lietuvių,,0,15,SPEC.VAIKAI,Taip,0,0,Lie
327,Ąžuolas,"Žirmūnų g. 32",6063664,583795,Žirmūnų,327,Ąžuolas,28,"Nuo 1 iki 7 metų",1.00,7.00,1,Lietuvių,,0,20,"SPEC VAIKAI",Taip,0,0,Lie
377,Gluosnis,"Justiniškių g. 65",6064191,578425,Viršuliškių,377,Gluosnis,28,"Nuo 1 iki 7 metų",1.00,7.00,1,Lietuvių,,0,25,SPEC.VAIKAI,Taip,0,0,Lie
597,"Gintarėlis (Popieriaus g. 46A)","Popieriaus g. 46A",6070424,586127,Verkių,597,"Gintarėlis (Popieriaus g. 46A)",28,"Nuo 1 iki 7 metų",1.00,7.00,1,Lietuvių,,0,11,SPEC.VAIKAI,Taip,0,0,Lie
597,"Gintarėlis (Popieriaus g. 46A)","Popieriaus g. 46A",6070424,586127,Verkių,597,"Gintarėlis (Popieriaus g. 46A)",28,"Nuo 1 iki 7 metų",1.00,7.00,2,Rusų,,0,12,SPEC.VAIKAI,Taip,0,0,Rus
597,"Gintarėlis (Popieriaus g. 46A)","Popieriaus g. 46A",6070424,586127,Verkių,597,"Gintarėlis (Popieriaus g. 46A)",28,"Nuo 1 iki 7 metų",1.00,7.00,4,Lenkų,,0,13,SPEC.VAIKAI,Taip,0,0,Len
668,"Naminukas (Klinikų g. 5)","Klinikų g. 5",6064324,584673,Antakalnio,668,"Naminukas (Klinikų g. 5)",28,"Nuo 1 iki 7 metų",1.00,7.00,1,Lietuvių,,0,9,SPEC.VAIKAI,Taip,0,0,Lie
669,"Gervelė (Stadiono g. 5)","Stadiono g. 5",6059968,583357,Rasų,669,"Gervelė (Stadiono g. 5)",28,"Nuo 1 iki 7 metų",1.00,7.00,1,Lietuvių,,0,12,SPEC.VAIKAI,Taip,0,0,Lie
670,"Kūlverstukas (Mindaugo g. 7)","Mindaugo g. 7",6061130,582078,Naujamiesčio,670,"Kūlverstukas (Mindaugo g. 7)",28,"Nuo 1 iki 7 metų",1.00,7.00,2,Rusų,,0,13,SPEC.VAIKAI,Taip,0,0,Rus
687,Malūnėlis,"Popieriaus g. 7",6071178,585719,Verkių,687,Malūnėlis,28,"Nuo 1 iki 7 metų",1.00,7.00,1,Lietuvių,1,0,9,SPEC.VAIKAI,Taip,0,0,Lie
720,"Krivūlė (Vokiečių g. 1)","Vokiečių g. 1",6060985,582957,Senamiesčio,720,"Krivūlė (Vokiečių g. 1)",28,"Nuo 1 iki 7 metų",1.00,7.00,1,Lietuvių,1,0,4,SPEC.VAIKAI,Taip,0,0,Lie
721,"Pumpurėlis (Trinapolio g. 11)","Trinapolio g. 11",6066065,583013,Šnipiškių,721,"Pumpurėlis (Trinapolio g. 11)",28,"Nuo 1 iki 7 metų",1.00,7.00,1,Lietuvių,,0,4,SPEC.VAIKAI,Taip,0,0,Lie
722,"Gilužis (Įsruties g. 30)","Įsruties g. 30",6064481,576209,Pilaitės,722,"Gilužis (Įsruties g. 30)",28,"Nuo 1 iki 7 metų",1.00,7.00,1,Lietuvių,,0,7,SPEC.VAIKAI,Taip,0,0,Lie
723,"Pilaitukas (Įsruties g. 27-101)","Įsruties g. 27",6064799,576100,Pilaitės,723,"Pilaitukas (Įsruties g. 27-101)",28,"Nuo 1 iki 7 metų",1.00,7.00,1,Lietuvių,,0,4,SPEC.VAIKAI,Taip,0,0,Lie
134,Žiedas,"Žemynos g. 41",6066420,579182,Pašilaičių,134,Žiedas,3,"Nuo 1,5 iki 3 metų",1.06,3.00,4,Lenkų,,17,13,Pumpurėliai,,17,0,Len
154,Bangelė,"Žemaitės g. 3",6060388,580757,Vilkpėdės,154,Bangelė,3,"Nuo 1,5 iki 3 metų",1.06,3.00,2,Rusų,,28,18,"Pingvinukai ",,29,-1,Rus
156,Obelėlė,"Architektų g. 204",6061258,578692,Lazdynų,156,Obelėlė,3,"Nuo 1,5 iki 3 metų",1.06,3.00,1,Lietuvių,43,17,22,Rieduliukai,,16,1,Lie
157,Spygliukas,"Architektų g. 16",6060560,578449,Lazdynų,157,Spygliukas,3,"Nuo 1,5 iki 3 metų",1.06,3.00,1,Lietuvių,34,19,17,Giliukų,,19,0,Lie
280,"Vilnios pagrindinė mokykla","Palydovo g. 29A",6063647,591077,"Naujosios Vilnios",280,"Vilnios pagrindinė mokykla",3,"Nuo 1,5 iki 3 metų",1.06,3.00,1,Lietuvių,,12,8,EŽIUKAI,,12,0,Lie
668,"Naminukas (Klinikų g. 5)","Klinikų g. 5",6064324,584673,Antakalnio,668,"Naminukas (Klinikų g. 5)",3,"Nuo 1,5 iki 3 metų",1.06,3.00,1,Lietuvių,46,14,1,VARPELIAI,,14,0,Lie
670,"Kūlverstukas (Mindaugo g. 7)","Mindaugo g. 7",6061130,582078,Naujamiesčio,670,"Kūlverstukas (Mindaugo g. 7)",3,"Nuo 1,5 iki 3 metų",1.06,3.00,2,Rusų,1,1,18,"ZAIČIATA 2021",,1,0,Rus
722,"Gilužis (Įsruties g. 30)","Įsruties g. 30",6064481,576209,Pilaitės,722,"Gilužis (Įsruties g. 30)",3,"Nuo 1,5 iki 3 metų",1.06,3.00,1,Lietuvių,128,46,9,AITVARIUKŲ,,46,0,Lie
10220,"Vėjelis (Medeinos g.8A)","Medeinos g. 8A",6066703,579031,Pašilaičių,10220,"Vėjelis (Medeinos g.8A)",3,"Nuo 1,5 iki 3 metų",1.06,3.00,1,Lietuvių,49,15,11,Debesėliai,,15,0,Lie
154,Bangelė,"Žemaitės g. 3",6060388,580757,Vilkpėdės,154,Bangelė,3,"Nuo 1,5 iki 3 metų",1.06,3.00,4,Lenkų,,30,15,"Jūros žvaigždutės ",,30,0,Len
669,"Gervelė (Stadiono g. 5)","Stadiono g. 5",6059968,583357,Rasų,669,"Gervelė (Stadiono g. 5)",3,"Nuo 1,5 iki 3 metų",1.06,3.00,2,Rusų,,17,1,BORUŽĖLĖS,,14,3,Rus
134,Žiedas,"Žemynos g. 41",6066420,579182,Pašilaičių,134,Žiedas,18,"Nuo 2 iki 4 metų",2.00,4.00,1,Lietuvių,40,13,30,AGUONĖLĖS,,13,0,Lie
31,Aitvaras,"Pašilaičių g. 10",6066674,579323,Pašilaičių,31,Aitvaras,12,"Nuo 2 iki 3 metų",2.00,3.00,1,Lietuvių,73,18,28,ŠELMIAI,Taip,18,0,Lie
31,Aitvaras,"Pašilaičių g. 10",6066674,579323,Pašilaičių,31,Aitvaras,12,"Nuo 2 iki 3 metų",2.00,3.00,1,Lietuvių,73,17,33,PABIRUČIAI,,17,0,Lie
134,Žiedas,"Žemynos g. 41",6066420,579182,Pašilaičių,134,Žiedas,12,"Nuo 2 iki 3 metų",2.00,3.00,1,Lietuvių,40,19,24,"Dobiliukai ",,19,0,Lie
134,Žiedas,"Žemynos g. 41",6066420,579182,Pašilaičių,134,Žiedas,18,"Nuo 2 iki 4 metų",2.00,4.00,2,Rusų,3,16,34,ŽIBUTĖS,,16,0,Rus
134,Žiedas,"Žemynos g. 41",6066420,579182,Pašilaičių,134,Žiedas,18,"Nuo 2 iki 4 metų",2.00,4.00,4,Lenkų,,14,2,Varpeliai,,14,0,Len
152,Justinukas,"Taikos g. 99",6065757,578141,Justiniškių,152,Justinukas,12,"Nuo 2 iki 3 metų",2.00,3.00,1,Lietuvių,12,36,41,VARLIUKAI,,36,0,Lie
155,Gėlynas,"Gėlių g. 9A",6060442,582724,Senamiesčio,155,Gėlynas,12,"Nuo 2 iki 3 metų",2.00,3.00,1,Lietuvių,43,18,10,ŽIBUTĖ,,18,0,Lie
155,Gėlynas,"Gėlių g. 9A",6060442,582724,Senamiesčio,155,Gėlynas,18,"Nuo 2 iki 4 metų",2.00,4.00,1,Lietuvių,50,15,9,RAMUNĖLĖ,,15,0,Lie
156,Obelėlė,"Architektų g. 204",6061258,578692,Lazdynų,156,Obelėlė,12,"Nuo 2 iki 3 metų",2.00,3.00,1,Lietuvių,2,16,23,Žirniukai,,16,0,Lie
157,Spygliukas,"Architektų g. 16",6060560,578449,Lazdynų,157,Spygliukas,12,"Nuo 2 iki 3 metų",2.00,3.00,1,Lietuvių,,16,2,Kiškučiai,,16,0,Lie
157,Spygliukas,"Architektų g. 16",6060560,578449,Lazdynų,157,Spygliukas,18,"Nuo 2 iki 4 metų",2.00,4.00,1,Lietuvių,,15,11,Skruzdėliukai,,15,0,Lie
181,Volungės,"Volungės g. 10",6063736,585009,Antakalnio,181,Volungės,12,"Nuo 2 iki 3 metų",2.00,3.00,1,Lietuvių,7,18,13,Zylutės,,18,0,Lie
186,Giliukas,"Minties g. 1",6064058,583842,Žirmūnų,186,Giliukas,18,"Nuo 2 iki 4 metų",2.00,4.00,1,Lietuvių,17,39,14,ŠVELNUKAI,,39,0,Lie
273,Santariškių,"Santariškių g. 27A",6070181,582535,Verkių,273,Santariškių,12,"Nuo 2 iki 3 metų",2.00,3.00,1,Lietuvių,169,16,23,Agrastukai,,16,0,Lie
280,"Vilnios pagrindinė mokykla","Palydovo g. 29A",6063647,591077,"Naujosios Vilnios",280,"Vilnios pagrindinė mokykla",12,"Nuo 2 iki 3 metų",2.00,3.00,1,Lietuvių,,12,6,DRUGELIAI,,12,0,Lie
280,"Vilnios pagrindinė mokykla","Palydovo g. 29A",6063647,591077,"Naujosios Vilnios",280,"Vilnios pagrindinė mokykla",18,"Nuo 2 iki 4 metų",2.00,4.00,1,Lietuvių,,16,18,KREGŽDUTĖS,,16,0,Lie
283,Atžalyno,"Genių g. 25",6062221,591842,"Naujosios Vilnios",283,Atžalyno,12,"Nuo 2 iki 3 metų",2.00,3.00,1,Lietuvių,19,18,8,VYŠNIUKAI,,18,0,Lie
327,Ąžuolas,"Žirmūnų g. 32",6063664,583795,Žirmūnų,327,Ąžuolas,12,"Nuo 2 iki 3 metų",2.00,3.00,1,Lietuvių,8,38,9,Boružiukų,,38,0,Lie
377,Gluosnis,"Justiniškių g. 65",6064191,578425,Viršuliškių,377,Gluosnis,12,"Nuo 2 iki 3 metų",2.00,3.00,1,Lietuvių,1,35,14,LAPIUKAI,,35,0,Lie
388,Žolynas,"Žolyno g. 45A",6064325,586025,Antakalnio,388,Žolynas,12,"Nuo 2 iki 3 metų",2.00,3.00,1,Lietuvių,7,53,18,Dobiliukai,,53,0,Lie
597,"Gintarėlis (Popieriaus g. 46A)","Popieriaus g. 46A",6070424,586127,Verkių,597,"Gintarėlis (Popieriaus g. 46A)",12,"Nuo 2 iki 3 metų",2.00,3.00,4,Lenkų,,1,18,"2021 2",,1,0,Len
597,"Gintarėlis (Popieriaus g. 46A)","Popieriaus g. 46A",6070424,586127,Verkių,597,"Gintarėlis (Popieriaus g. 46A)",19,"Nuo 2 iki 5 metų",2.00,5.00,4,Lenkų,,14,8,Varliukai,,14,0,Len
667,"Pušynėlis (A. Mickevičiaus g. 21)","A. Mickevičiaus g. 21",6062243,580686,Žvėryno,667,"Pušynėlis (A. Mickevičiaus g. 21)",12,"Nuo 2 iki 3 metų",2.00,3.00,1,Lietuvių,,18,1,DAIGIUKAI,,18,0,Lie
667,"Pušynėlis (A. Mickevičiaus g. 21)","A. Mickevičiaus g. 21",6062243,580686,Žvėryno,667,"Pušynėlis (A. Mickevičiaus g. 21)",18,"Nuo 2 iki 4 metų",2.00,4.00,1,Lietuvių,,19,2,NYKŠTUKAI,,19,0,Lie
668,"Naminukas (Klinikų g. 5)","Klinikų g. 5",6064324,584673,Antakalnio,668,"Naminukas (Klinikų g. 5)",12,"Nuo 2 iki 3 metų",2.00,3.00,1,Lietuvių,8,0,11,"1 GRUPĖ_2021",,0,0,Lie
670,"Kūlverstukas (Mindaugo g. 7)","Mindaugo g. 7",6061130,582078,Naujamiesčio,670,"Kūlverstukas (Mindaugo g. 7)",18,"Nuo 2 iki 4 metų",2.00,4.00,2,Rusų,1,9,2,ZAIČIATA,,9,0,Rus
676,"Lazdynų mokykla (Liudvinavo g.128)","Liudvinavo g. 128",6055957,572917,Panerių,676,"Lazdynų mokykla (Liudvinavo g.128)",20,"Nuo 2 iki 6 metų",2.00,6.00,1,Lietuvių,,0,5,SPEC.VAIKAI,Taip,0,0,Lie
676,"Lazdynų mokykla (Liudvinavo g.128)","Liudvinavo g. 128",6055957,572917,Panerių,676,"Lazdynų mokykla (Liudvinavo g.128)",20,"Nuo 2 iki 6 metų",2.00,6.00,4,Lenkų,,0,6,SPEC.VAIKAI,Taip,0,0,Len
687,Malūnėlis,"Popieriaus g. 7",6071178,585719,Verkių,687,Malūnėlis,18,"Nuo 2 iki 4 metų",2.00,4.00,1,Lietuvių,72,20,3,BORUŽĖLĖS,,20,0,Lie
720,"Krivūlė (Vokiečių g. 1)","Vokiečių g. 1",6060985,582957,Senamiesčio,720,"Krivūlė (Vokiečių g. 1)",18,"Nuo 2 iki 4 metų",2.00,4.00,1,Lietuvių,33,16,1,PABIRUČIAI,,16,0,Lie
10204,"Kodėlčiukas (Pavilnionių g. 29)","Pavilnionių g. 29",6067356,578544,Pašilaičių,10204,"Kodėlčiukas (Pavilnionių g. 29)",18,"Nuo 2 iki 4 metų",2.00,4.00,1,Lietuvių,70,30,15,AITVARIUKAI,,30,0,Lie
10219,"Pilaitukas (Vydūno g. 2-57A)","Vydūno g. 2 - 57A",0,0,Pilaitės,10219,"Pilaitukas (Vydūno g. 2-57A)",12,"Nuo 2 iki 3 metų",2.00,3.00,1,Lietuvių,40,30,1,Pelėdžiukai,,30,0,Lie
10220,"Vėjelis (Medeinos g.8A)","Medeinos g. 8A",6066703,579031,Pašilaičių,10220,"Vėjelis (Medeinos g.8A)",12,"Nuo 2 iki 3 metų",2.00,3.00,1,Lietuvių,29,15,10,Drugeliai,,15,0,Lie
676,"Lazdynų mokykla (Liudvinavo g.128)","Liudvinavo g. 128",6055957,572917,Panerių,676,"Lazdynų mokykla (Liudvinavo g.128)",19,"Nuo 2 iki 5 metų",2.00,5.00,1,Lietuvių,,17,1,DRUGELIAI,,12,5,Lie
676,"Lazdynų mokykla (Liudvinavo g.128)","Liudvinavo g. 128",6055957,572917,Panerių,676,"Lazdynų mokykla (Liudvinavo g.128)",19,"Nuo 2 iki 5 metų",2.00,5.00,4,Lenkų,,15,2,ZUIKUČIAI,,10,5,Len
134,Žiedas,"Žemynos g. 41",6066420,579182,Pašilaičių,134,Žiedas,4,"Nuo 3 iki 7 metų",3.00,7.00,4,Lenkų,,14,4,Ramunėlės,,15,-1,Len
31,Aitvaras,"Pašilaičių g. 10",6066674,579323,Pašilaičių,31,Aitvaras,6,"Nuo 3 iki 4 metų",3.00,4.00,1,Lietuvių,6,22,23,"AITVARIUKAI (ALERG.)",Taip,22,0,Lie
31,Aitvaras,"Pašilaičių g. 10",6066674,579323,Pašilaičių,31,Aitvaras,6,"Nuo 3 iki 4 metų",3.00,4.00,1,Lietuvių,6,20,24,"SAULĖS ZUIKUČIAI  (ALERG.)",,20,0,Lie
134,Žiedas,"Žemynos g. 41",6066420,579182,Pašilaičių,134,Žiedas,6,"Nuo 3 iki 4 metų",3.00,4.00,1,Lietuvių,,20,31,SAULĖGRĄŽOS,,20,0,Lie
134,Žiedas,"Žemynos g. 41",6066420,579182,Pašilaičių,134,Žiedas,10,"Nuo 3 iki 5 metų",3.00,5.00,2,Rusų,5,21,32,RUGIAGĖLĖS,,21,0,Rus
154,Bangelė,"Žemaitės g. 3",6060388,580757,Vilkpėdės,154,Bangelė,10,"Nuo 3 iki 5 metų",3.00,5.00,2,Rusų,1,22,19,"Delfinukai,",,22,0,Rus
154,Bangelė,"Žemaitės g. 3",6060388,580757,Vilkpėdės,154,Bangelė,10,"Nuo 3 iki 5 metų",3.00,5.00,4,Lenkų,,21,16,Žuvytės,,21,0,Len
155,Gėlynas,"Gėlių g. 9A",6060442,582724,Senamiesčio,155,Gėlynas,10,"Nuo 3 iki 5 metų",3.00,5.00,1,Lietuvių,13,45,3,PAKALNUTĖ,,45,0,Lie
181,Volungės,"Volungės g. 10",6063736,585009,Antakalnio,181,Volungės,6,"Nuo 3 iki 4 metų",3.00,4.00,1,Lietuvių,,40,1,Bitutės,,40,0,Lie
273,Santariškių,"Santariškių g. 27A",6070181,582535,Verkių,273,Santariškių,6,"Nuo 3 iki 4 metų",3.00,4.00,1,Lietuvių,54,44,2,Serbentukai,,44,0,Lie
280,"Vilnios pagrindinė mokykla","Palydovo g. 29A",6063647,591077,"Naujosios Vilnios",280,"Vilnios pagrindinė mokykla",6,"Nuo 3 iki 4 metų",3.00,4.00,1,Lietuvių,,15,4,VOVERIUKAI,,15,0,Lie
280,"Vilnios pagrindinė mokykla","Palydovo g. 29A",6063647,591077,"Naujosios Vilnios",280,"Vilnios pagrindinė mokykla",10,"Nuo 3 iki 5 metų",3.00,5.00,1,Lietuvių,,20,1,BORUŽĖLĖS,,20,0,Lie
283,Atžalyno,"Genių g. 25",6062221,591842,"Naujosios Vilnios",283,Atžalyno,6,"Nuo 3 iki 4 metų",3.00,4.00,1,Lietuvių,6,21,2,Riešutėliai,,21,0,Lie
311,"Naujininkų progimnazija","Šaltkalvių g. 32",6058943,581862,Naujininkų,311,"Naujininkų progimnazija",4,"Nuo 3 iki 7 metų",3.00,7.00,1,Lietuvių,,0,9,SPEC.VAIKAI,Taip,0,0,Lie
388,Žolynas,"Žolyno g. 45A",6064325,586025,Antakalnio,388,Žolynas,6,"Nuo 3 iki 4 metų",3.00,4.00,1,Lietuvių,,22,19,Varpeliai,,22,0,Lie
597,"Gintarėlis (Popieriaus g. 46A)","Popieriaus g. 46A",6070424,586127,Verkių,597,"Gintarėlis (Popieriaus g. 46A)",4,"Nuo 3 iki 7 metų",3.00,7.00,1,Lietuvių,29,19,3,PELĖDŽIUKAI,,19,0,Lie
597,"Gintarėlis (Popieriaus g. 46A)","Popieriaus g. 46A",6070424,586127,Verkių,597,"Gintarėlis (Popieriaus g. 46A)",6,"Nuo 3 iki 4 metų",3.00,4.00,1,Lietuvių,3,0,16,2021,,0,0,Lie
668,"Naminukas (Klinikų g. 5)","Klinikų g. 5",6064324,584673,Antakalnio,668,"Naminukas (Klinikų g. 5)",10,"Nuo 3 iki 5 metų",3.00,5.00,1,Lietuvių,2,16,2,SAULUTĖS,,16,0,Lie
670,"Kūlverstukas (Mindaugo g. 7)","Mindaugo g. 7",6061130,582078,Naujamiesčio,670,"Kūlverstukas (Mindaugo g. 7)",4,"Nuo 3 iki 7 metų",3.00,7.00,2,Rusų,,17,3,SVETLIAČKI,,17,0,Rus
687,Malūnėlis,"Popieriaus g. 7",6071178,585719,Verkių,687,Malūnėlis,10,"Nuo 3 iki 5 metų",3.00,5.00,1,Lietuvių,32,21,6,Skruzdėliukų,,21,0,Lie
720,"Krivūlė (Vokiečių g. 1)","Vokiečių g. 1",6060985,582957,Senamiesčio,720,"Krivūlė (Vokiečių g. 1)",10,"Nuo 3 iki 5 metų",3.00,5.00,1,Lietuvių,3,19,2,SMALSUČIAI,,19,0,Lie
10204,"Kodėlčiukas (Pavilnionių g. 29)","Pavilnionių g. 29",6067356,578544,Pašilaičių,10204,"Kodėlčiukas (Pavilnionių g. 29)",6,"Nuo 3 iki 4 metų",3.00,4.00,1,Lietuvių,3,1,26,1_Darželis_2021,,1,0,Lie
10204,"Kodėlčiukas (Pavilnionių g. 29)","Pavilnionių g. 29",6067356,578544,Pašilaičių,10204,"Kodėlčiukas (Pavilnionių g. 29)",10,"Nuo 3 iki 5 metų",3.00,5.00,1,Lietuvių,4,15,14,VOVERIUKAI,,15,0,Lie
10220,"Vėjelis (Medeinos g.8A)","Medeinos g. 8A",6066703,579031,Pašilaičių,10220,"Vėjelis (Medeinos g.8A)",6,"Nuo 3 iki 4 metų",3.00,4.00,1,Lietuvių,,46,2,Mėnuliukai,,46,0,Lie
154,Bangelė,"Žemaitės g. 3",6060388,580757,Vilkpėdės,154,Bangelė,6,"Nuo 3 iki 4 metų",3.00,4.00,2,Rusų,1,17,37,Vėžliukai,,17,0,Rus
157,Spygliukas,"Architektų g. 16",6060560,578449,Lazdynų,157,Spygliukas,6,"Nuo 3 iki 4 metų",3.00,4.00,1,Lietuvių,,31,1,Bitutės,,30,1,Lie
159,Žirmūnėliai,"Žirmūnų g. 13",6064693,584178,Žirmūnų,159,Žirmūnėliai,6,"Nuo 3 iki 4 metų",3.00,4.00,1,Lietuvių,,20,7,SAULUTĖS,,19,1,Lie
723,"Pilaitukas (Įsruties g. 27-101)","Įsruties g. 27",6064799,576100,Pilaitės,723,"Pilaitukas (Įsruties g. 27-101)",6,"Nuo 3 iki 4 metų",3.00,4.00,1,Lietuvių,15,22,11,ŽVIRBLIUKAI,,22,0,Lie
156,Obelėlė,"Architektų g. 204",6061258,578692,Lazdynų,156,Obelėlė,6,"Nuo 3 iki 4 metų",3.00,4.00,1,Lietuvių,,38,7,Svajokliai,,36,2,Lie
170,Boružėlė,"Latvių g. 40",6062729,580386,Žvėryno,170,Boružėlė,6,"Nuo 3 iki 4 metų",3.00,4.00,1,Lietuvių,,46,5,Gėlytės,,44,2,Lie
377,Gluosnis,"Justiniškių g. 65",6064191,578425,Viršuliškių,377,Gluosnis,6,"Nuo 3 iki 4 metų",3.00,4.00,1,Lietuvių,,39,11,EŽIUKAI,,37,2,Lie
669,"Gervelė (Stadiono g. 5)","Stadiono g. 5",6059968,583357,Rasų,669,"Gervelė (Stadiono g. 5)",10,"Nuo 3 iki 5 metų",3.00,5.00,2,Rusų,,17,2,PAUKŠTELIAI,,15,2,Rus
670,"Kūlverstukas (Mindaugo g. 7)","Mindaugo g. 7",6061130,582078,Naujamiesčio,670,"Kūlverstukas (Mindaugo g. 7)",10,"Nuo 3 iki 5 metų",3.00,5.00,2,Rusų,,22,1,GNOMIKI,,20,2,Rus
152,Justinukas,"Taikos g. 99",6065757,578141,Justiniškių,152,Justinukas,6,"Nuo 3 iki 4 metų",3.00,4.00,1,Lietuvių,,61,42,ŽIOGELIAI,,58,3,Lie
669,"Gervelė (Stadiono g. 5)","Stadiono g. 5",6059968,583357,Rasų,669,"Gervelė (Stadiono g. 5)",4,"Nuo 3 iki 7 metų",3.00,7.00,1,Lietuvių,,21,3,SPINDULĖLIAI,,17,4,Lie
688,"Dainorėliai (Goštauto g. 4)","Goštauto g. 4",0,0,Naujamiesčio,688,"Dainorėliai (Goštauto g. 4)",10,"Nuo 3 iki 5 metų",3.00,5.00,1,Lietuvių,,17,3,PUMPURĖLIAI,,13,4,Lie
688,"Dainorėliai (Goštauto g. 4)","Goštauto g. 4",0,0,Naujamiesčio,688,"Dainorėliai (Goštauto g. 4)",10,"Nuo 3 iki 5 metų",3.00,5.00,1,Lietuvių,,0,11,"SPEC.VAIKAI 2020",Taip,0,0,Lie
327,Ąžuolas,"Žirmūnų g. 32",6063664,583795,Žirmūnų,327,Ąžuolas,6,"Nuo 3 iki 4 metų",3.00,4.00,1,Lietuvių,,43,8,Nykštukų,,38,5,Lie
311,"Naujininkų progimnazija","Šaltkalvių g. 32",6058943,581862,Naujininkų,311,"Naujininkų progimnazija",14,"Nuo 3 iki 6 metų",3.00,6.00,1,Lietuvių,,19,1,"Saulės zuikučiai ",,13,6,Lie
181,Volungės,"Volungės g. 10",6063736,585009,Antakalnio,181,Volungės,10,"Nuo 3 iki 5 metų",3.00,5.00,1,Lietuvių,,8,40,Darželis_2021,,0,8,Lie
335,"Trakų Vokės gimnazija","Trampolio g. 5",6055129,571743,Panerių,335,"Trakų Vokės gimnazija",13,"Nuo 4 iki 6 metų",4.00,6.00,1,Lietuvių,,21,8,VOVERIUKAI,,22,-1,Lie
31,Aitvaras,"Pašilaičių g. 10",6066674,579323,Pašilaičių,31,Aitvaras,7,"Nuo 4 iki 5 metų",4.00,5.00,1,Lietuvių,14,22,26,"LINKSMUČIAI (ALERG.)",Taip,22,0,Lie
31,Aitvaras,"Pašilaičių g. 10",6066674,579323,Pašilaičių,31,Aitvaras,7,"Nuo 4 iki 5 metų",4.00,5.00,1,Lietuvių,14,22,27,NAMINUKAI,,22,0,Lie
134,Žiedas,"Žemynos g. 41",6066420,579182,Pašilaičių,134,Žiedas,13,"Nuo 4 iki 6 metų",4.00,6.00,1,Lietuvių,9,26,7,Pakalnutės,,26,0,Lie
134,Žiedas,"Žemynos g. 41",6066420,579182,Pašilaičių,134,Žiedas,13,"Nuo 4 iki 6 metų",4.00,6.00,2,Rusų,4,17,12,Rožytės,,17,0,Rus
152,Justinukas,"Taikos g. 99",6065757,578141,Justiniškių,152,Justinukas,7,"Nuo 4 iki 5 metų",4.00,5.00,1,Lietuvių,,41,43,"NAUJA GRUPĖ",,41,0,Lie
155,Gėlynas,"Gėlių g. 9A",6060442,582724,Senamiesčio,155,Gėlynas,7,"Nuo 4 iki 5 metų",4.00,5.00,1,Lietuvių,6,20,8,SAULĖGRĄŽA,,20,0,Lie
157,Spygliukas,"Architektų g. 16",6060560,578449,Lazdynų,157,Spygliukas,13,"Nuo 4 iki 6 metų",4.00,6.00,1,Lietuvių,,20,5,Geniukai,,20,0,Lie
170,Boružėlė,"Latvių g. 40",6062729,580386,Žvėryno,170,Boružėlė,7,"Nuo 4 iki 5 metų",4.00,5.00,1,Lietuvių,9,44,7,Drugeliai,,44,0,Lie
181,Volungės,"Volungės g. 10",6063736,585009,Antakalnio,181,Volungės,7,"Nuo 4 iki 5 metų",4.00,5.00,1,Lietuvių,,54,2,Boružiukai,,54,0,Lie
186,Giliukas,"Minties g. 1",6064058,583842,Žirmūnų,186,Giliukas,7,"Nuo 4 iki 5 metų",4.00,5.00,1,Lietuvių,9,72,1,SMALSUČIAI,,72,0,Lie
273,Santariškių,"Santariškių g. 27A",6070181,582535,Verkių,273,Santariškių,7,"Nuo 4 iki 5 metų",4.00,5.00,1,Lietuvių,99,66,4,Obuoliukai,,66,0,Lie
280,"Vilnios pagrindinė mokykla","Palydovo g. 29A",6063647,591077,"Naujosios Vilnios",280,"Vilnios pagrindinė mokykla",13,"Nuo 4 iki 6 metų",4.00,6.00,1,Lietuvių,,17,2,BITUTĖS,,17,0,Lie
283,Atžalyno,"Genių g. 25",6062221,591842,"Naujosios Vilnios",283,Atžalyno,7,"Nuo 4 iki 5 metų",4.00,5.00,1,Lietuvių,3,22,9,PIPIRIUKAI,,22,0,Lie
314,"karaliaus Mindaugo mokykla","Mindaugo g. 9",6060990,582092,Naujamiesčio,314,"karaliaus Mindaugo mokykla",16,"Nuo 4 iki 7 metų",4.00,7.00,1,Lietuvių,,0,14,SPEC.VAIKAI,Taip,0,0,Lie
327,Ąžuolas,"Žirmūnų g. 32",6063664,583795,Žirmūnų,327,Ąžuolas,7,"Nuo 4 iki 5 metų",4.00,5.00,1,Lietuvių,3,23,17,Bitučių,,23,0,Lie
333,"Pranciškaus Skorinos gimnazija","Sietyno g. 21",6062539,577833,Karoliniškių,333,"Pranciškaus Skorinos gimnazija",16,"Nuo 4 iki 7 metų",4.00,7.00,8,Baltarusių,,0,4,SPEC.VAIKAI,Taip,0,0,
335,"Trakų Vokės gimnazija","Trampolio g. 5",6055129,571743,Panerių,335,"Trakų Vokės gimnazija",16,"Nuo 4 iki 7 metų",4.00,7.00,1,Lietuvių,,0,10,SPEC.VAIKAI,Taip,0,0,Lie
370,"Juzefo Ignacijaus Kraševskio gimnazija","Rugiagėlių g. 15",6063483,591579,"Naujosios Vilnios",370,"Juzefo Ignacijaus Kraševskio gimnazija",16,"Nuo 4 iki 7 metų",4.00,7.00,4,Lenkų,,0,7,SPEC.VAIKAI,Taip,0,0,Len
375,"Grigiškių gimnazija","Kovo 11-osios g. 21",6059947,570299,Grigiškių,375,"Grigiškių gimnazija",16,"Nuo 4 iki 7 metų",4.00,7.00,2,Rusų,,0,9,SPEC.VAIKAI,Taip,0,0,Rus
375,"Grigiškių gimnazija","Kovo 11-osios g. 21",6059947,570299,Grigiškių,375,"Grigiškių gimnazija",16,"Nuo 4 iki 7 metų",4.00,7.00,4,Lenkų,,0,10,SPEC.VAIKAI,Taip,0,0,Len
377,Gluosnis,"Justiniškių g. 65",6064191,578425,Viršuliškių,377,Gluosnis,7,"Nuo 4 iki 5 metų",4.00,5.00,1,Lietuvių,1,25,15,PELĖDŽIUKAI,,25,0,Lie
377,Gluosnis,"Justiniškių g. 65",6064191,578425,Viršuliškių,377,Gluosnis,16,"Nuo 4 iki 7 metų",4.00,7.00,1,Lietuvių,3,18,13,BORUŽĖLĖS,,18,0,Lie
388,Žolynas,"Žolyno g. 45A",6064325,586025,Antakalnio,388,Žolynas,7,"Nuo 4 iki 5 metų",4.00,5.00,1,Lietuvių,3,23,24,Rugiagėlės,,23,0,Lie
597,"Gintarėlis (Popieriaus g. 46A)","Popieriaus g. 46A",6070424,586127,Verkių,597,"Gintarėlis (Popieriaus g. 46A)",13,"Nuo 4 iki 6 metų",4.00,6.00,2,Rusų,,14,2,SKRUZDĖLIUKAI,,14,0,Rus
597,"Gintarėlis (Popieriaus g. 46A)","Popieriaus g. 46A",6070424,586127,Verkių,597,"Gintarėlis (Popieriaus g. 46A)",16,"Nuo 4 iki 7 metų",4.00,7.00,2,Rusų,,17,4,"LINKSMASIS AVILYS",,17,0,Rus
667,"Pušynėlis (A. Mickevičiaus g. 21)","A. Mickevičiaus g. 21",6062243,580686,Žvėryno,667,"Pušynėlis (A. Mickevičiaus g. 21)",13,"Nuo 4 iki 6 metų",4.00,6.00,1,Lietuvių,,22,3,GILIUKAI,,22,0,Lie
668,"Naminukas (Klinikų g. 5)","Klinikų g. 5",6064324,584673,Antakalnio,668,"Naminukas (Klinikų g. 5)",13,"Nuo 4 iki 6 metų",4.00,6.00,1,Lietuvių,1,20,3,DRUGELIAI,,20,0,Lie
721,"Pumpurėlis (Trinapolio g. 11)","Trinapolio g. 11",6066065,583013,Šnipiškių,721,"Pumpurėlis (Trinapolio g. 11)",13,"Nuo 4 iki 6 metų",4.00,6.00,1,Lietuvių,1,20,1,GUDRUČIAI,,20,0,Lie
10204,"Kodėlčiukas (Pavilnionių g. 29)","Pavilnionių g. 29",6067356,578544,Pašilaičių,10204,"Kodėlčiukas (Pavilnionių g. 29)",7,"Nuo 4 iki 5 metų",4.00,5.00,1,Lietuvių,1,44,16,DEBESĖLIAI,,44,0,Lie
147,Šilelis,"Sietyno g. 5",6061683,577294,Karoliniškių,147,Šilelis,7,"Nuo 4 iki 5 metų",4.00,5.00,1,Lietuvių,,23,23,DRUGELIAI,,22,1,Lie
159,Žirmūnėliai,"Žirmūnų g. 13",6064693,584178,Žirmūnų,159,Žirmūnėliai,7,"Nuo 4 iki 5 metų",4.00,5.00,1,Lietuvių,,21,17,DRUGELIAI,,20,1,Lie
333,"Pranciškaus Skorinos gimnazija","Sietyno g. 21",6062539,577833,Karoliniškių,333,"Pranciškaus Skorinos gimnazija",13,"Nuo 4 iki 6 metų",4.00,6.00,8,Baltarusių,,15,7,"VYTURĖLIS 2021",,14,1,
67,Lašelis,"Dzūkų g. 29",6059341,582544,Naujininkų,67,Lašelis,7,"Nuo 4 iki 5 metų",4.00,5.00,2,Rusų,,20,1,VIŠČIUKAI,,18,2,Rus
134,Žiedas,"Žemynos g. 41",6066420,579182,Pašilaičių,134,Žiedas,7,"Nuo 4 iki 5 metų",4.00,5.00,4,Lenkų,,2,62,VARPELIAI_2021,,0,2,Len
156,Obelėlė,"Architektų g. 204",6061258,578692,Lazdynų,156,Obelėlė,7,"Nuo 4 iki 5 metų",4.00,5.00,1,Lietuvių,,60,4,Gudručiai,,57,3,Lie
147,Šilelis,"Sietyno g. 5",6061683,577294,Karoliniškių,147,Šilelis,7,"Nuo 4 iki 5 metų",4.00,5.00,2,Rusų,,23,21,PAGRANDUKAI,,19,4,Rus
157,Spygliukas,"Architektų g. 16",6060560,578449,Lazdynų,157,Spygliukas,7,"Nuo 4 iki 5 metų",4.00,5.00,1,Lietuvių,,63,3,Boružėlės,,59,4,Lie
181,Volungės,"Volungės g. 10",6063736,585009,Antakalnio,181,Volungės,13,"Nuo 4 iki 6 metų",4.00,6.00,1,Lietuvių,,9,37,"SKRUZDĖLIUKAI 2021",,2,7,Lie
375,"Grigiškių gimnazija","Kovo 11-osios g. 21",6059947,570299,Grigiškių,375,"Grigiškių gimnazija",7,"Nuo 4 iki 5 metų",4.00,5.00,4,Lenkų,,8,19,"PELĖDŽIUKAI 2021",,0,8,Len
384,"Maironio progimnazija","Čiobiškio g. 1",6064950,579723,Šeškinės,384,"Maironio progimnazija",11,"Nuo 5 iki 7 metų",5.00,7.00,1,Lietuvių,1,45,5,"1 PU",,46,-1,Lie
384,"Maironio progimnazija","Čiobiškio g. 1",6064950,579723,Šeškinės,384,"Maironio progimnazija",11,"Nuo 5 iki 7 metų",5.00,7.00,1,Lietuvių,1,0,7,SPEC.VAIKAI,Taip,0,0,Lie
31,Aitvaras,"Pašilaičių g. 10",6066674,579323,Pašilaičių,31,Aitvaras,8,"Nuo 5 iki 6 metų",5.00,6.00,1,Lietuvių,1,21,25,"ŽEMYNUKAI (ALERG.)",Taip,21,0,Lie
31,Aitvaras,"Pašilaičių g. 10",6066674,579323,Pašilaičių,31,Aitvaras,8,"Nuo 5 iki 6 metų",5.00,6.00,1,Lietuvių,1,42,29,KODĖLČIUKAI,,42,0,Lie
31,Aitvaras,"Pašilaičių g. 10",6066674,579323,Pašilaičių,31,Aitvaras,11,"Nuo 5 iki 7 metų",5.00,7.00,1,Lietuvių,,21,22,PADAUŽIUKAI,Taip,21,0,Lie
134,Žiedas,"Žemynos g. 41",6066420,579182,Pašilaičių,134,Žiedas,8,"Nuo 5 iki 6 metų",5.00,6.00,1,Lietuvių,2,25,33,RŪTELĖS,,25,0,Lie
134,Žiedas,"Žemynos g. 41",6066420,579182,Pašilaičių,134,Žiedas,11,"Nuo 5 iki 7 metų",5.00,7.00,1,Lietuvių,2,30,1,Bitutės,,30,0,Lie
134,Žiedas,"Žemynos g. 41",6066420,579182,Pašilaičių,134,Žiedas,11,"Nuo 5 iki 7 metų",5.00,7.00,2,Rusų,1,12,40,DRUGELIAI,,12,0,Rus
152,Justinukas,"Taikos g. 99",6065757,578141,Justiniškių,152,Justinukas,8,"Nuo 5 iki 6 metų",5.00,6.00,1,Lietuvių,,64,31,DRUGELIAI,,64,0,Lie
152,Justinukas,"Taikos g. 99",6065757,578141,Justiniškių,152,Justinukas,11,"Nuo 5 iki 7 metų",5.00,7.00,1,Lietuvių,,45,23,BORUŽIUKŲ,,45,0,Lie
154,Bangelė,"Žemaitės g. 3",6060388,580757,Vilkpėdės,154,Bangelė,8,"Nuo 5 iki 6 metų",5.00,6.00,2,Rusų,1,21,3,Aštuonkojai,,21,0,Rus
154,Bangelė,"Žemaitės g. 3",6060388,580757,Vilkpėdės,154,Bangelė,11,"Nuo 5 iki 7 metų",5.00,7.00,2,Rusų,1,24,12,"Saulės spindulėliai",,24,0,Rus
154,Bangelė,"Žemaitės g. 3",6060388,580757,Vilkpėdės,154,Bangelė,11,"Nuo 5 iki 7 metų",5.00,7.00,4,Lenkų,,22,17,Ruoniai,,22,0,Len
155,Gėlynas,"Gėlių g. 9A",6060442,582724,Senamiesčio,155,Gėlynas,11,"Nuo 5 iki 7 metų",5.00,7.00,1,Lietuvių,7,23,4,VARPELIS,,23,0,Lie
157,Spygliukas,"Architektų g. 16",6060560,578449,Lazdynų,157,Spygliukas,8,"Nuo 5 iki 6 metų",5.00,6.00,1,Lietuvių,,19,4,Ežiukai,,19,0,Lie
157,Spygliukas,"Architektų g. 16",6060560,578449,Lazdynų,157,Spygliukas,11,"Nuo 5 iki 7 metų",5.00,7.00,1,Lietuvių,,42,7,Riešutėliai,,42,0,Lie
159,Žirmūnėliai,"Žirmūnų g. 13",6064693,584178,Žirmūnų,159,Žirmūnėliai,8,"Nuo 5 iki 6 metų",5.00,6.00,1,Lietuvių,,20,19,EŽIUKAI,,20,0,Lie
159,Žirmūnėliai,"Žirmūnų g. 13",6064693,584178,Žirmūnų,159,Žirmūnėliai,11,"Nuo 5 iki 7 metų",5.00,7.00,1,Lietuvių,,20,20,ŽVIRBLIUKAI,,20,0,Lie
170,Boružėlė,"Latvių g. 40",6062729,580386,Žvėryno,170,Boružėlė,11,"Nuo 5 iki 7 metų",5.00,7.00,1,Lietuvių,,42,13,Saulutės,,42,0,Lie
181,Volungės,"Volungės g. 10",6063736,585009,Antakalnio,181,Volungės,11,"Nuo 5 iki 7 metų",5.00,7.00,1,Lietuvių,4,46,5,Pelėdžiukai,,46,0,Lie
273,Santariškių,"Santariškių g. 27A",6070181,582535,Verkių,273,Santariškių,8,"Nuo 5 iki 6 metų",5.00,6.00,1,Lietuvių,68,46,7,Žirginėliai,,46,0,Lie
273,Santariškių,"Santariškių g. 27A",6070181,582535,Verkių,273,Santariškių,11,"Nuo 5 iki 7 metų",5.00,7.00,1,Lietuvių,135,21,17,Šermukšniukai,,21,0,Lie
280,"Vilnios pagrindinė mokykla","Palydovo g. 29A",6063647,591077,"Naujosios Vilnios",280,"Vilnios pagrindinė mokykla",11,"Nuo 5 iki 7 metų",5.00,7.00,1,Lietuvių,,20,3,PELĖDŽIUKAI,,20,0,Lie
283,Atžalyno,"Genių g. 25",6062221,591842,"Naujosios Vilnios",283,Atžalyno,8,"Nuo 5 iki 6 metų",5.00,6.00,1,Lietuvių,8,21,3,Žirniukai,,21,0,Lie
283,Atžalyno,"Genių g. 25",6062221,591842,"Naujosios Vilnios",283,Atžalyno,11,"Nuo 5 iki 7 metų",5.00,7.00,1,Lietuvių,13,24,1,Giliukai,,24,0,Lie
311,"Naujininkų progimnazija","Šaltkalvių g. 32",6058943,581862,Naujininkų,311,"Naujininkų progimnazija",11,"Nuo 5 iki 7 metų",5.00,7.00,1,Lietuvių,,19,13,"SMALSUČIAI 2021",,19,0,Lie
313,"Taikos progimnazija","Taikos g. 157",6064995,578173,Justiniškių,313,"Taikos progimnazija",11,"Nuo 5 iki 7 metų",5.00,7.00,1,Lietuvių,,64,3,ŽINIUKŲ,,64,0,Lie
313,"Taikos progimnazija","Taikos g. 157",6064995,578173,Justiniškių,313,"Taikos progimnazija",11,"Nuo 5 iki 7 metų",5.00,7.00,1,Lietuvių,,0,13,SPEC.VAIKAI,Taip,0,0,Lie
327,Ąžuolas,"Žirmūnų g. 32",6063664,583795,Žirmūnų,327,Ąžuolas,8,"Nuo 5 iki 6 metų",5.00,6.00,1,Lietuvių,,60,12,Lašiukų,,60,0,Lie
327,Ąžuolas,"Žirmūnų g. 32",6063664,583795,Žirmūnų,327,Ąžuolas,11,"Nuo 5 iki 7 metų",5.00,7.00,1,Lietuvių,,24,18,Voveriukų,,24,0,Lie
331,"Levo Karsavino mokykla","Justiniškių g. 43",6063778,578576,Viršuliškių,331,"Levo Karsavino mokykla",11,"Nuo 5 iki 7 metų",5.00,7.00,2,Rusų,2,44,9,PELEDŽIUKAI,,44,0,Rus
331,"Levo Karsavino mokykla","Justiniškių g. 43",6063778,578576,Viršuliškių,331,"Levo Karsavino mokykla",11,"Nuo 5 iki 7 metų",5.00,7.00,2,Rusų,2,0,11,SPEC.VAIKAI,Taip,0,0,Rus
334,"Simono Konarskio gimnazija","Statybininkų g. 5",6060422,581103,Naujamiesčio,334,"Simono Konarskio gimnazija",11,"Nuo 5 iki 7 metų",5.00,7.00,4,Lenkų,,17,2,"1 GR.",,17,0,Len
334,"Simono Konarskio gimnazija","Statybininkų g. 5",6060422,581103,Naujamiesčio,334,"Simono Konarskio gimnazija",11,"Nuo 5 iki 7 metų",5.00,7.00,4,Lenkų,,0,4,SPEC.VAIKAI,Taip,0,0,Len
335,"Trakų Vokės gimnazija","Trampolio g. 5",6055129,571743,Panerių,335,"Trakų Vokės gimnazija",11,"Nuo 5 iki 7 metų",5.00,7.00,1,Lietuvių,13,44,7,DRUGELIAI,,44,0,Lie
336,"Ryto progimnazija","Dariaus Gerbutavičiaus g. 9",6062641,578039,Karoliniškių,336,"Ryto progimnazija",11,"Nuo 5 iki 7 metų",5.00,7.00,1,Lietuvių,,21,3,RYTUKAI,,21,0,Lie
337,"Salininkų gimnazija","Vaikų g.16",0,0,Naujininkų,337,"Salininkų gimnazija",11,"Nuo 5 iki 7 metų",5.00,7.00,1,Lietuvių,5,46,1,"Priešmokyklinė A",,46,0,Lie
337,"Salininkų gimnazija","Vaikų g.16",0,0,Naujininkų,337,"Salininkų gimnazija",11,"Nuo 5 iki 7 metų",5.00,7.00,1,Lietuvių,5,0,7,SPEC.VAIKAI,Taip,0,0,Lie
338,"Spindulio progimnazija","Rolando Jankausko g. 17",6062339,577819,Karoliniškių,338,"Spindulio progimnazija",11,"Nuo 5 iki 7 metų",5.00,7.00,1,Lietuvių,3,46,2,PM2,,46,0,Lie
338,"Spindulio progimnazija","Rolando Jankausko g. 17",6062339,577819,Karoliniškių,338,"Spindulio progimnazija",11,"Nuo 5 iki 7 metų",5.00,7.00,1,Lietuvių,3,0,6,SPEC.VAIKAI,Taip,0,0,Lie
339,"Vladislavo Sirokomlės gimnazija","Linkmenų g. 8",6063489,581831,Šnipiškių,339,"Vladislavo Sirokomlės gimnazija",11,"Nuo 5 iki 7 metų",5.00,7.00,4,Lenkų,,58,1,Nykštukai,,58,0,Len
339,"Vladislavo Sirokomlės gimnazija","Linkmenų g. 8",6063489,581831,Šnipiškių,339,"Vladislavo Sirokomlės gimnazija",11,"Nuo 5 iki 7 metų",5.00,7.00,4,Lenkų,,0,7,SPEC.VAIKAI,Taip,0,0,Len
342,"Pelėdos pradinė mokykla","Taikos g. 97",6065682,578130,Justiniškių,342,"Pelėdos pradinė mokykla",11,"Nuo 5 iki 7 metų",5.00,7.00,1,Lietuvių,,46,1,Bitutės,,46,0,Lie
342,"Pelėdos pradinė mokykla","Taikos g. 97",6065682,578130,Justiniškių,342,"Pelėdos pradinė mokykla",11,"Nuo 5 iki 7 metų",5.00,7.00,1,Lietuvių,,0,19,SPEC.VAIKAI,Taip,0,0,Lie
369,"Vilniaus Joachimo Lelevelio inžinerijos gimnazija","Minties g. 3",6064005,583687,Antakalnio,369,"Vilniaus Joachimo Lelevelio inžinerijos gimnazija",11,"Nuo 5 iki 7 metų",5.00,7.00,2,Rusų,3,0,10,SPEC.VAIKAI,Taip,0,0,Rus
369,"Vilniaus Joachimo Lelevelio inžinerijos gimnazija","Minties g. 3",6064005,583687,Antakalnio,369,"Vilniaus Joachimo Lelevelio inžinerijos gimnazija",11,"Nuo 5 iki 7 metų",5.00,7.00,2,Rusų,3,12,15,0B_2021,,12,0,Rus
369,"Vilniaus Joachimo Lelevelio inžinerijos gimnazija","Minties g. 3",6064005,583687,Antakalnio,369,"Vilniaus Joachimo Lelevelio inžinerijos gimnazija",11,"Nuo 5 iki 7 metų",5.00,7.00,4,Lenkų,3,0,11,SPEC.VAIKAI,Taip,0,0,Len
369,"Vilniaus Joachimo Lelevelio inžinerijos gimnazija","Minties g. 3",6064005,583687,Antakalnio,369,"Vilniaus Joachimo Lelevelio inžinerijos gimnazija",11,"Nuo 5 iki 7 metų",5.00,7.00,4,Lenkų,3,12,14,0A_2021,,12,0,Len
371,"Jono Pauliaus II progimnazija","Rygos g. 10",6065110,578729,Viršuliškių,371,"Jono Pauliaus II progimnazija",11,"Nuo 5 iki 7 metų",5.00,7.00,4,Lenkų,10,61,6,Žiniukai,,61,0,Len
371,"Jono Pauliaus II progimnazija","Rygos g. 10",6065110,578729,Viršuliškių,371,"Jono Pauliaus II progimnazija",11,"Nuo 5 iki 7 metų",5.00,7.00,4,Lenkų,10,0,14,SPEC.VAIKAI,Taip,0,0,Len
374,"Sausio 13-osios progimnazija","Architektų g. 166",6061530,578374,Lazdynų,374,"Sausio 13-osios progimnazija",11,"Nuo 5 iki 7 metų",5.00,7.00,1,Lietuvių,,45,2,GUDRUČIAI,,45,0,Lie
377,Gluosnis,"Justiniškių g. 65",6064191,578425,Viršuliškių,377,Gluosnis,8,"Nuo 5 iki 6 metų",5.00,6.00,1,Lietuvių,3,23,18,BITUTĖS,,23,0,Lie
377,Gluosnis,"Justiniškių g. 65",6064191,578425,Viršuliškių,377,Gluosnis,11,"Nuo 5 iki 7 metų",5.00,7.00,1,Lietuvių,3,41,10,KIŠKUČIAI,,41,0,Lie
388,Žolynas,"Žolyno g. 45A",6064325,586025,Antakalnio,388,Žolynas,8,"Nuo 5 iki 6 metų",5.00,6.00,1,Lietuvių,1,22,21,Ramunėlės,,22,0,Lie
388,Žolynas,"Žolyno g. 45A",6064325,586025,Antakalnio,388,Žolynas,11,"Nuo 5 iki 7 metų",5.00,7.00,1,Lietuvių,3,23,22,Šlamučiai,,23,0,Lie
667,"Pušynėlis (A. Mickevičiaus g. 21)","A. Mickevičiaus g. 21",6062243,580686,Žvėryno,667,"Pušynėlis (A. Mickevičiaus g. 21)",11,"Nuo 5 iki 7 metų",5.00,7.00,1,Lietuvių,,22,8,LINELIS,,22,0,Lie
668,"Naminukas (Klinikų g. 5)","Klinikų g. 5",6064324,584673,Antakalnio,668,"Naminukas (Klinikų g. 5)",11,"Nuo 5 iki 7 metų",5.00,7.00,1,Lietuvių,,21,4,BITUTĖS,,21,0,Lie
670,"Kūlverstukas (Mindaugo g. 7)","Mindaugo g. 7",6061130,582078,Naujamiesčio,670,"Kūlverstukas (Mindaugo g. 7)",11,"Nuo 5 iki 7 metų",5.00,7.00,2,Rusų,,20,4,ZVONOČKI,,20,0,Rus
687,Malūnėlis,"Popieriaus g. 7",6071178,585719,Verkių,687,Malūnėlis,8,"Nuo 5 iki 6 metų",5.00,6.00,1,Lietuvių,19,37,2,VOVERIUKAI,,37,0,Lie
687,Malūnėlis,"Popieriaus g. 7",6071178,585719,Verkių,687,Malūnėlis,11,"Nuo 5 iki 7 metų",5.00,7.00,1,Lietuvių,37,25,1,BITUTĖS,,25,0,Lie
688,"Dainorėliai (Goštauto g. 4)","Goštauto g. 4",0,0,Naujamiesčio,688,"Dainorėliai (Goštauto g. 4)",11,"Nuo 5 iki 7 metų",5.00,7.00,1,Lietuvių,6,17,5,DEBESĖLIŲ,,17,0,Lie
720,"Krivūlė (Vokiečių g. 1)","Vokiečių g. 1",6060985,582957,Senamiesčio,720,"Krivūlė (Vokiečių g. 1)",11,"Nuo 5 iki 7 metų",5.00,7.00,1,Lietuvių,,17,3,GUDRUČIAI,,17,0,Lie
723,"Pilaitukas (Įsruties g. 27-101)","Įsruties g. 27",6064799,576100,Pilaitės,723,"Pilaitukas (Įsruties g. 27-101)",8,"Nuo 5 iki 6 metų",5.00,6.00,1,Lietuvių,26,20,1,ŠNEKUČIAI,,20,0,Lie
723,"Pilaitukas (Įsruties g. 27-101)","Įsruties g. 27",6064799,576100,Pilaitės,723,"Pilaitukas (Įsruties g. 27-101)",11,"Nuo 5 iki 7 metų",5.00,7.00,1,Lietuvių,28,23,3," GUDRUČIAI",,23,0,Lie
10204,"Kodėlčiukas (Pavilnionių g. 29)","Pavilnionių g. 29",6067356,578544,Pašilaičių,10204,"Kodėlčiukas (Pavilnionių g. 29)",11,"Nuo 5 iki 7 metų",5.00,7.00,1,Lietuvių,5,21,18,EŽIUKAI,,21,0,Lie
10207,"Gilužis (Pajautos g. 5)","Pajautos g. 5",6064266,575895,Pilaitės,10207,"Gilužis (Pajautos g. 5)",11,"Nuo 5 iki 7 metų",5.00,7.00,1,Lietuvių,7,20,1,PAUKŠTELIŲ,,20,0,Lie
10207,"Gilužis (Pajautos g. 5)","Pajautos g. 5",6064266,575895,Pilaitės,10207,"Gilužis (Pajautos g. 5)",11,"Nuo 5 iki 7 metų",5.00,7.00,1,Lietuvių,7,0,5,"SPEC.VAIKAI ",Taip,0,0,Lie
10208,"Antakalnio pradinė mokykla","Šilo g. 15",6063811,584926,Antakalnio,10208,"Antakalnio pradinė mokykla",11,"Nuo 5 iki 7 metų",5.00,7.00,2,Rusų,,0,3,"SPEC.VAIKAI ",Taip,0,0,Rus
10208,"Antakalnio pradinė mokykla","Šilo g. 15",6063811,584926,Antakalnio,10208,"Antakalnio pradinė mokykla",11,"Nuo 5 iki 7 metų",5.00,7.00,2,Rusų,,20,7,Smalsučiai,,20,0,Rus
134,Žiedas,"Žemynos g. 41",6066420,579182,Pašilaičių,134,Žiedas,8,"Nuo 5 iki 6 metų",5.00,6.00,4,Lenkų,,1,63,RAMUNĖLĖS_2021,,0,1,Len
156,Obelėlė,"Architektų g. 204",6061258,578692,Lazdynų,156,Obelėlė,8,"Nuo 5 iki 6 metų",5.00,6.00,1,Lietuvių,,41,6,Pasakaitė,,40,1,Lie
156,Obelėlė,"Architektų g. 204",6061258,578692,Lazdynų,156,Obelėlė,11,"Nuo 5 iki 7 metų",5.00,7.00,1,Lietuvių,,39,14,Pabiručiai,,38,1,Lie
169,Švelnukas,"Giedraičių g. 60",6063926,582484,Šnipiškių,169,Švelnukas,11,"Nuo 5 iki 7 metų",5.00,7.00,1,Lietuvių,,22,1,Pelėdžiukai,,21,1,Lie
170,Boružėlė,"Latvių g. 40",6062729,580386,Žvėryno,170,Boružėlė,8,"Nuo 5 iki 6 metų",5.00,6.00,1,Lietuvių,,66,6,Smalsutis,,65,1,Lie
314,"karaliaus Mindaugo mokykla","Mindaugo g. 9",6060990,582092,Naujamiesčio,314,"karaliaus Mindaugo mokykla",11,"Nuo 5 iki 7 metų",5.00,7.00,1,Lietuvių,9,65,5,"PUG 2",,65,0,Lie
381,"Simono Stanevičiaus progimnazija","S. Stanevičiaus g. 25",6065963,580949,Fabijoniškių,381,"Simono Stanevičiaus progimnazija",11,"Nuo 5 iki 7 metų",5.00,7.00,1,Lietuvių,,38,2,BITUTĖS,,37,1,Lie
381,"Simono Stanevičiaus progimnazija","S. Stanevičiaus g. 25",6065963,580949,Fabijoniškių,381,"Simono Stanevičiaus progimnazija",11,"Nuo 5 iki 7 metų",5.00,7.00,1,Lietuvių,,0,6,SPEC.VAIKAI,Taip,0,0,Lie
383,"Saulėtekio mokykla-daugiafunkcinis centras","Kaminkelio g. 10",6058856,582305,Naujininkų,383,"Saulėtekio mokykla-daugiafunkcinis centras",11,"Nuo 5 iki 7 metų",5.00,7.00,2,Rusų,,0,8,SPEC.VAIKAI,Taip,0,0,Rus
383,"Saulėtekio mokykla-daugiafunkcinis centras","Kaminkelio g. 10",6058856,582305,Naujininkų,383,"Saulėtekio mokykla-daugiafunkcinis centras",11,"Nuo 5 iki 7 metų",5.00,7.00,2,Rusų,,46,12,"PRIEŠMOKYKLINĖ 1 2021",,45,1,Rus
721,"Pumpurėlis (Trinapolio g. 11)","Trinapolio g. 11",6066065,583013,Šnipiškių,721,"Pumpurėlis (Trinapolio g. 11)",8,"Nuo 5 iki 6 metų",5.00,6.00,1,Lietuvių,,20,2,PABIRUČIAI,,19,1,Lie
55,Giraitė,"Erfurto g. 42",6060492,577795,Lazdynų,55,Giraitė,11,"Nuo 5 iki 7 metų",5.00,7.00,1,Lietuvių,,38,1,Aviliukas,,36,2,Lie
58,Jurginėlis,"Justiniškių g. 47",6063867,578565,Viršuliškių,58,Jurginėlis,11,"Nuo 5 iki 7 metų",5.00,7.00,1,Lietuvių,,40,45,PU_2021,,38,2,Lie
66,Lakštingala,"Lakštingalų g. 10",6066921,585208,Antakalnio,66,Lakštingala,8,"Nuo 5 iki 6 metų",5.00,6.00,1,Lietuvių,,45,7,Aitvariukai,,43,2,Lie
79,Ozas,"Gelvonų g. 24",6064973,580945,Šeškinės,79,Ozas,8,"Nuo 5 iki 6 metų",5.00,6.00,1,Lietuvių,,47,4,Boružėlės,,45,2,Lie
87,Paslaptis,"Darželio g. 7",6062328,591333,"Naujosios Vilnios",87,Paslaptis,11,"Nuo 5 iki 7 metų",5.00,7.00,2,Rusų,,20,11,KALAMBURIKI,,18,2,Rus
105,Sakalėlis,"S. Stanevičiaus g. 86",6066416,580734,Fabijoniškių,105,Sakalėlis,8,"Nuo 5 iki 6 metų",5.00,6.00,1,Lietuvių,,42,4,GENIUKŲ,,40,2,Lie
114,Sveikuolis,"Dūkštų g. 14",6064720,580125,Šeškinės,114,Sveikuolis,8,"Nuo 5 iki 6 metų",5.00,6.00,2,Rusų,,71,4,Nykštukai,,69,2,Rus
139,Žuvėdra,"Parko g. 8A",6062362,591153,"Naujosios Vilnios",139,Žuvėdra,11,"Nuo 5 iki 7 metų",5.00,7.00,2,Rusų,,19,6,OSMINOŽKI,,17,2,Rus
171,Žaliakalnio,"Pergalės g. 22",6062066,591084,"Naujosios Vilnios",171,Žaliakalnio,11,"Nuo 5 iki 7 metų",5.00,7.00,4,Lenkų,,24,14,SAULUTĖS,,22,2,Len
333,"Pranciškaus Skorinos gimnazija","Sietyno g. 21",6062539,577833,Karoliniškių,333,"Pranciškaus Skorinos gimnazija",11,"Nuo 5 iki 7 metų",5.00,7.00,8,Baltarusių,,20,3,SAULYTĖ,,18,2,
375,"Grigiškių gimnazija","Kovo 11-osios g. 21",6059947,570299,Grigiškių,375,"Grigiškių gimnazija",11,"Nuo 5 iki 7 metų",5.00,7.00,4,Lenkų,,15,3,"PRIEŠMOKYKLINIO UGDYMO (LENKŲ KALBA)",,13,2,Len
669,"Gervelė (Stadiono g. 5)","Stadiono g. 5",6059968,583357,Rasų,669,"Gervelė (Stadiono g. 5)",11,"Nuo 5 iki 7 metų",5.00,7.00,2,Rusų,,15,4,GĖLYTĖS,,13,2,Rus
671,"Pavilnio pagrindinė mokykla","J. Kolaso g. 18, Vilnius",0,0,"Naujosios Vilnios",671,"Pavilnio pagrindinė mokykla",11,"Nuo 5 iki 7 metų",5.00,7.00,2,Rusų,,15,3,"PRIEŠMOKYKLINĖ RU",,13,2,Rus
671,"Pavilnio pagrindinė mokykla","J. Kolaso g. 18, Vilnius",0,0,"Naujosios Vilnios",671,"Pavilnio pagrindinė mokykla",11,"Nuo 5 iki 7 metų",5.00,7.00,2,Rusų,,0,5,SPEC.VAIKAI,Taip,0,0,Rus
102,Ramunėlė,"Žirmūnų g. 10",6063409,583687,Žirmūnų,102,Ramunėlė,8,"Nuo 5 iki 6 metų",5.00,6.00,1,Lietuvių,,21,8,DRUGELIAI,,18,3,Lie
116,Šypsena,"P. Višinskio g. 23",0,0,Senamiesčio,116,Šypsena,8,"Nuo 5 iki 6 metų",5.00,6.00,4,Lenkų,,20,3,SKRUZDELIUKAI,,17,3,Len
121,Varpelis,"Ukmergės g. 204",6064729,580302,Šeškinės,121,Varpelis,8,"Nuo 5 iki 6 metų",5.00,6.00,1,Lietuvių,,40,1,NYKŠTUKAI,,37,3,Lie
280,"Vilnios pagrindinė mokykla","Palydovo g. 29A",6063647,591077,"Naujosios Vilnios",280,"Vilnios pagrindinė mokykla",8,"Nuo 5 iki 6 metų",5.00,6.00,1,Lietuvių,,3,35,2016_Darželis_2021,,0,3,Lie
370,"Juzefo Ignacijaus Kraševskio gimnazija","Rugiagėlių g. 15",6063483,591579,"Naujosios Vilnios",370,"Juzefo Ignacijaus Kraševskio gimnazija",11,"Nuo 5 iki 7 metų",5.00,7.00,4,Lenkų,,21,1,Priešmokyklinė,,18,3,Len
380,"Ateities mokykla","S. Stanevičiaus g. 98",6066603,580657,Fabijoniškių,380,"Ateities mokykla",11,"Nuo 5 iki 7 metų",5.00,7.00,2,Rusų,,36,1,Priešmokyklinė,,33,3,Rus
380,"Ateities mokykla","S. Stanevičiaus g. 98",6066603,580657,Fabijoniškių,380,"Ateities mokykla",11,"Nuo 5 iki 7 metų",5.00,7.00,2,Rusų,,0,7,SPEC.VAIKAI,Taip,0,0,Rus
33,Aušrelė,"Gerosios Vilties g. 28",6060144,580536,Vilkpėdės,33,Aušrelė,8,"Nuo 5 iki 6 metų",5.00,6.00,1,Lietuvių,,54,3,SMALSUČIAI,,50,4,Lie
62,"Kodėlčiukas (Laisvės pr. 59)","Laisvės pr. 59",6065259,579457,Šeškinės,62,"Kodėlčiukas (Laisvės pr. 59)",11,"Nuo 5 iki 7 metų",5.00,7.00,1,Lietuvių,,68,4,Šnekučiai,,64,4,Lie
69,Liepsnelė,"Kapsų g. 7",6059010,582319,Naujininkų,69,Liepsnelė,8,"Nuo 5 iki 6 metų",5.00,6.00,2,Rusų,,23,8,Žvirbliukai,,19,4,Rus
144,Pelėdžiukas,"Lentvario g. 1A",6060360,569724,Grigiškių,144,Pelėdžiukas,8,"Nuo 5 iki 6 metų",5.00,6.00,1,Lietuvių,,43,12,Žiogeliai,,39,4,Lie
147,Šilelis,"Sietyno g. 5",6061683,577294,Karoliniškių,147,Šilelis,8,"Nuo 5 iki 6 metų",5.00,6.00,1,Lietuvių,,45,9,ANČIUKAI,,41,4,Lie
186,Giliukas,"Minties g. 1",6064058,583842,Žirmūnų,186,Giliukas,8,"Nuo 5 iki 6 metų",5.00,6.00,1,Lietuvių,,24,15,ŽINIUKAI,,20,4,Lie
99,Rugelis,"Kovo 11-osios g. 29A",6059764,570509,Grigiškių,99,Rugelis,8,"Nuo 5 iki 6 metų",5.00,6.00,1,Lietuvių,,20,9,Drugeliai,,15,5,Lie
130,Želmenėliai,"Šaltkalvių g. 30",6058911,581955,Naujininkų,130,Želmenėliai,8,"Nuo 5 iki 6 metų",5.00,6.00,1,Lietuvių,,61,8,Voveriukų,,55,6,Lie
147,Šilelis,"Sietyno g. 5",6061683,577294,Karoliniškių,147,Šilelis,8,"Nuo 5 iki 6 metų",5.00,6.00,2,Rusų,,23,12,KIŠKUČIAI,,18,5,Rus
332,"Liepkalnio mokykla","Liepkalnio g. 18",6059802,583698,Rasų,332,"Liepkalnio mokykla",11,"Nuo 5 iki 7 metų",5.00,7.00,2,Rusų,,21,1,Bitutės,,16,5,Rus
332,"Liepkalnio mokykla","Liepkalnio g. 18",6059802,583698,Rasų,332,"Liepkalnio mokykla",11,"Nuo 5 iki 7 metų",5.00,7.00,2,Rusų,,0,5,SPEC.VAIKAI,Taip,0,0,Rus
99,Rugelis,"Kovo 11-osios g. 29A",6059764,570509,Grigiškių,99,Rugelis,11,"Nuo 5 iki 7 metų",5.00,7.00,1,Lietuvių,,44,2,Kiškučiai,,38,6,Lie
375,"Grigiškių gimnazija","Kovo 11-osios g. 21",6059947,570299,Grigiškių,375,"Grigiškių gimnazija",11,"Nuo 5 iki 7 metų",5.00,7.00,2,Rusų,,41,14,Žiniukai,,35,6,Rus
67,Lašelis,"Dzūkų g. 29",6059341,582544,Naujininkų,67,Lašelis,8,"Nuo 5 iki 6 metų",5.00,6.00,2,Rusų,,40,3,NYKŠTUKAI,,33,7,Rus
84,Papartis,"Čiobiškio g. 17",6065285,579915,Šeškinės,84,Papartis,11,"Nuo 5 iki 7 metų",5.00,7.00,1,Lietuvių,,40,6,ŽVIRBLIUKAI,,33,7,Lie
98,Rasa,"M. Daukšos g. 15",6060531,583570,Senamiesčio,98,Rasa,8,"Nuo 5 iki 6 metų",5.00,6.00,1,Lietuvių,,8,56,"ZUIKIAI 2021",,0,8,Lie
10208,"Antakalnio pradinė mokykla","Šilo g. 15",6063811,584926,Antakalnio,10208,"Antakalnio pradinė mokykla",11,"Nuo 5 iki 7 metų",5.00,7.00,4,Lenkų,,0,4,"SPEC.VAIKAI ",Taip,0,0,Len
10208,"Antakalnio pradinė mokykla","Šilo g. 15",6063811,584926,Antakalnio,10208,"Antakalnio pradinė mokykla",11,"Nuo 5 iki 7 metų",5.00,7.00,4,Lenkų,,19,6,Protonai,,9,10,Len
671,"Pavilnio pagrindinė mokykla","J. Kolaso g. 18, Vilnius",0,0,"Naujosios Vilnios",671,"Pavilnio pagrindinė mokykla",11,"Nuo 5 iki 7 metų",5.00,7.00,4,Lenkų,,15,4,"PRIEŠMOKYKLINĖ PL",,3,12,Len
671,"Pavilnio pagrindinė mokykla","J. Kolaso g. 18, Vilnius",0,0,"Naujosios Vilnios",671,"Pavilnio pagrindinė mokykla",11,"Nuo 5 iki 7 metų",5.00,7.00,4,Lenkų,,0,6,SPEC.VAIKAI,Taip,0,0,Len
130,Želmenėliai,"Šaltkalvių g. 30",6058911,581955,Naujininkų,130,Želmenėliai,9,"Nuo 6 iki 7 metų",6.00,7.00,1,Lietuvių,,41,10,Peledžiukų,,42,-1,Lie
33,Aušrelė,"Gerosios Vilties g. 28",6060144,580536,Vilkpėdės,33,Aušrelė,9,"Nuo 6 iki 7 metų",6.00,7.00,1,Lietuvių,,42,1,PASAKIUKAI,,42,0,Lie
114,Sveikuolis,"Dūkštų g. 14",6064720,580125,Šeškinės,114,Sveikuolis,9,"Nuo 6 iki 7 metų",6.00,7.00,2,Rusų,,41,13,Boružėlė,,41,0,Rus
121,Varpelis,"Ukmergės g. 204",6064729,580302,Šeškinės,121,Varpelis,9,"Nuo 6 iki 7 metų",6.00,7.00,1,Lietuvių,,20,9,AITVARIUKŲ,,20,0,Lie
156,Obelėlė,"Architektų g. 204",6061258,578692,Lazdynų,156,Obelėlė,9,"Nuo 6 iki 7 metų",6.00,7.00,1,Lietuvių,,20,29,Kodėlčiukai,,20,0,Lie
171,Žaliakalnio,"Pergalės g. 22",6062066,591084,"Naujosios Vilnios",171,Žaliakalnio,9,"Nuo 6 iki 7 metų",6.00,7.00,4,Lenkų,,20,2,Boružėlių,,20,0,Len
186,Giliukas,"Minties g. 1",6064058,583842,Žirmūnų,186,Giliukas,9,"Nuo 6 iki 7 metų",6.00,7.00,1,Lietuvių,,22,2,GUDRUČIAI,,22,0,Lie
273,Santariškių,"Santariškių g. 27A",6070181,582535,Verkių,273,Santariškių,9,"Nuo 6 iki 7 metų",6.00,7.00,1,Lietuvių,67,62,8,Kankorėžiukai,,62,0,Lie
327,Ąžuolas,"Žirmūnų g. 32",6063664,583795,Žirmūnų,327,Ąžuolas,9,"Nuo 6 iki 7 metų",6.00,7.00,1,Lietuvių,,64,15,Žvaigždučių,,64,0,Lie
388,Žolynas,"Žolyno g. 45A",6064325,586025,Antakalnio,388,Žolynas,9,"Nuo 6 iki 7 metų",6.00,7.00,1,Lietuvių,2,22,25,Čiobreliai,,22,0,Lie
66,Lakštingala,"Lakštingalų g. 10",6066921,585208,Antakalnio,66,Lakštingala,9,"Nuo 6 iki 7 metų",6.00,7.00,1,Lietuvių,,1,51,"PRIEŠMOKYKLINĖ 2021",,0,1,Lie
79,Ozas,"Gelvonų g. 24",6064973,580945,Šeškinės,79,Ozas,9,"Nuo 6 iki 7 metų",6.00,7.00,1,Lietuvių,,23,13,Kodelčiukai,,21,2,Lie
105,Sakalėlis,"S. Stanevičiaus g. 86",6066416,580734,Fabijoniškių,105,Sakalėlis,9,"Nuo 6 iki 7 metų",6.00,7.00,1,Lietuvių,,2,52,PU_2021,,0,2,Lie
147,Šilelis,"Sietyno g. 5",6061683,577294,Karoliniškių,147,Šilelis,9,"Nuo 6 iki 7 metų",6.00,7.00,1,Lietuvių,,23,7,NYKŠTUKAI,,21,2,Lie
720,"Krivūlė (Vokiečių g. 1)","Vokiečių g. 1",6060985,582957,Senamiesčio,720,"Krivūlė (Vokiečių g. 1)",9,"Nuo 6 iki 7 metų",6.00,7.00,1,Lietuvių,,2,9,PU_2021,,0,2,Lie
98,Rasa,"M. Daukšos g. 15",6060531,583570,Senamiesčio,98,Rasa,9,"Nuo 6 iki 7 metų",6.00,7.00,1,Lietuvių,,22,27,Širdelė,,18,4,Lie
147,Šilelis,"Sietyno g. 5",6061683,577294,Karoliniškių,147,Šilelis,9,"Nuo 6 iki 7 metų",6.00,7.00,2,Rusų,,23,1,PAUKŠTELIAI,,16,7,Rus
170,Boružėlė,"Latvių g. 40",6062729,580386,Žvėryno,170,Boružėlė,9,"Nuo 6 iki 7 metų",6.00,7.00,1,Lietuvių,,7,38,PU_2021,,0,7,Lie
62,"Kodėlčiukas (Laisvės pr. 59)","Laisvės pr. 59",6065259,579457,Šeškinės,62,"Kodėlčiukas (Laisvės pr. 59)",45,"Nuo 8m.",8.00,99.99,1,Lietuvių,,0,60,1_Darželis_2021,,0,0,Lie
681,"Šilo mokykla","Lakštingalų g. 8",6066865,585309,"Visos seniūnijos",681,"Šilo mokykla",45,"Nuo 8m.",8.00,99.99,1,Lietuvių,,55,6,"3 spec.",Taip,55,0,Lie
681,"Šilo mokykla","Lakštingalų g. 8",6066865,585309,"Visos seniūnijos",681,"Šilo mokykla",45,"Nuo 8m.",8.00,99.99,1,Lietuvių,,65,58,"1-2 spec.",,65,0,Lie
681,"Šilo mokykla","Lakštingalų g. 8",6066865,585309,"Visos seniūnijos",681,"Šilo mokykla",45,"Nuo 8m.",8.00,99.99,2,Rusų,,0,48,"5-7 spec. ",Taip,0,0,Rus
ietuvių,38,20,9,GINTARĖLIAI,,20,0,Lie
121,Varpelis,"Ukmergės g. 204",6064729,580302,Šeškinės,121,Varpelis,7,"Nuo 4 iki 5 metų",4.00,5.00,1,Lietuvių,,40,6,PELĖDŽIUKAI,,40,0,Lie
122,"Vėjelis (Gabijos g. 21)","Gabijos g. 21",6066861,578763,Pašilaičių,122,"Vėjelis (Gabijos g. 21)",7,"Nuo 4 iki 5 metų",4.00,5.00,1,Lietuvių,9,42,14,Skruzdeliukų,,42,0,Lie
122,"Vėjelis (Gabijos g. 21)","Gabijos g. 21",6066861,578763,Pašilaičių,122,"Vėjelis (Gabijos g. 21)",13,"Nuo 4 iki 6 metų",4.00,6.00,4,Lenkų,,19,19,Nykštukai,,19,0,Len
123,Vėtrungė,"Gardino g. 8",6059622,583920,Rasų,123,Vėtrungė,7,"Nuo 4 iki 5 metų",4.00,5.00,1,Lietuvių,1,40,9,Do-re-mi,,40,0,Lie
127,Voveraitė,"Jūratės g. 4A",6063156,584800,Antakalnio,127,Voveraitė,13,"Nuo 4 iki 6 metų",4.00,6.00,1,Lietuvių,,17,5,MEŠKIUKŲ,,17,0,Lie
131,Žemyna,"Žemynos g. 13",6066007,579220,Pašilaičių,131,Žemyna,7,"Nuo 4 iki 5 metų",4.00,5.00,1,Lietuvių,13,42,2,Nykštukai,,42,0,Lie
131,Žemyna,"Žemynos g. 13",6066007,579220,Pašilaičių,131,Žemyna,13,"Nuo 4 iki 6 metų",4.00,6.00,1,Lietuvių,13,22,8,Vyturiukai,,22,0,Lie
132,Žemuogėlė,"Architektų g. 108",6060702,577330,Lazdynų,132,Žemuogėlė,7,"Nuo 4 iki 5 metų",4.00,5.00,1,Lietuvių,,21,16,Boružiukai,,21,0,Lie
132,Žemuogėlė,"Architektų g. 108",6060702,577330,Lazdynų,132,Žemuogėlė,13,"Nuo 4 iki 6 metų",4.00,6.00,2,Rusų,,20,13,Spinduliukai,,20,0,Rus
137,Žiogelis,"J. Kolaso g. 15",6060159,587527,"Naujosios Vilnios",137,Žiogelis,7,"Nuo 4 iki 5 metų",4.00,5.00,1,Lietuvių,6,66,1,SKRUZDELYTĖS,,66,0,Lie
150,Vilkpėdės,"Gerosios Vilties g. 15",6059880,580271,Vilkpėdės,150,Vilkpėdės,7,"Nuo 4 iki 5 metų",4.00,5.00,1,Lietuvių,,40,30,ŽINIUKŲ,,40,0,Lie
151,Žiburėlis,"Laisvės pr. 46",6063037,578464,Karoliniškių,151,Žiburėlis,7,"Nuo 4 iki 5 metų",4.00,5.00,1,Lietuvių,,43,2,Nykštukai,,43,0,Lie
158,Vieversys,"Žirmūnų g. 89",6065626,584093,Žirmūnų,158,Vieversys,7,"Nuo 4 iki 5 metų",4.00,5.00,1,Lietuvių,1,37,13,Kregždučių,,37,0,Lie
162,Šaltinėlis,"Šaltkalvių g. 13",6059207,581916,Naujininkų,162,Šaltinėlis,7,"Nuo 4 iki 5 metų",4.00,5.00,4,Lenkų,,20,24,ZUIKUČIAI,,20,0,Len
162,Šaltinėlis,"Šaltkalvių g. 13",6059207,581916,Naujininkų,162,Šaltinėlis,13,"Nuo 4 iki 6 metų",4.00,6.00,4,Lenkų,,22,5,Saulutės,,22,0,Len
163,Gabijėlė,"Gabijos g. 1",6066898,579033,Pašilaičių,163,Gabijėlė,7,"Nuo 4 iki 5 metų",4.00,5.00,1,Lietuvių,28,46,4,ŽVIRBLIUKŲ,,46,0,Lie
165,"Pilaitukas (I. Kanto al. 7A)","I. Kanto al. 7A",6063636,576352,Pilaitės,165,"Pilaitukas (I. Kanto al. 7A)",7,"Nuo 4 iki 5 metų",4.00,5.00,1,Lietuvių,38,44,13,PELIUKAI,,44,0,Lie
166,Vilija,"Taikos g. 15",6065426,579249,Justiniškių,166,Vilija,7,"Nuo 4 iki 5 metų",4.00,5.00,4,Lenkų,,62,14,BITUTĖS,,62,0,Len
166,Vilija,"Taikos g. 15",6065426,579249,Justiniškių,166,Vilija,13,"Nuo 4 iki 6 metų",4.00,6.00,4,Lenkų,,27,26,"Voveraitės (Laisvės pr. 57)",,30,-3,Len
170,Boružėlė,"Latvių g. 40",6062729,580386,Žvėryno,170,Boružėlė,7,"Nuo 4 iki 5 metų",4.00,5.00,1,Lietuvių,9,44,7,Drugeliai,,44,0,Lie
171,Žaliakalnio,"Pergalės g. 22",6062066,591084,"Naujosios Vilnios",171,Žaliakalnio,7,"Nuo 4 iki 5 metų",4.00,5.00,4,Lenkų,,23,3,Zuikučiai,,23,0,Len
273,Santariškių,"Santariškių g. 27A",6070181,582535,Verkių,273,Santariškių,7,"Nuo 4 iki 5 metų",4.00,5.00,1,Lietuvių,99,66,4,Obuoliukai,,66,0,Lie
280,"Vilnios pagrindinė mokykla","Palydovo g. 29A",6063647,591077,"Naujosios Vilnios",280,"Vilnios pagrindinė mokykla",13,"Nuo 4 iki 6 metų",4.00,6.00,1,Lietuvių,,17,2,BITUTĖS,,17,0,Lie
283,Atžalyno,"Genių g. 25",6062221,591842,"Naujosios Vilnios",283,Atžalyno,7,"Nuo 4 iki 5 metų",4.00,5.00,1,Lietuvių,3,22,9,PIPIRIUKAI,,22,0,Lie
314,"karaliaus Mindaugo mokykla","Mindaugo g. 9",6060990,582092,Naujamiesčio,314,"karaliaus Mindaugo mokykla",16,"Nuo 4 iki 7 metų",4.00,7.00,1,Lietuvių,,0,14,SPEC.VAIKAI,Taip,0,0,Lie
327,Ąžuolas,"Žirmūnų g. 32",6063664,583795,Žirmūnų,327,Ąžuolas,7,"Nuo 4 iki 5 metų",4.00,5.00,1,Lietuvių,3,23,17,Bitučių,,23,0,Lie
333,"Pranciškaus Skorinos gimnazija","Sietyno g. 21",6062539,577833,Karoliniškių,333,"Pranciškaus Skorinos gimnazija",16,"Nuo 4 iki 7 metų",4.00,7.00,8,Baltarusių,,0,4,SPEC.VAIKAI,Taip,0,0,
335,"Trakų Vokės gimnazija","Trampolio g. 5",6055129,571743,Panerių,335,"Trakų Vokės gimnazija",16,"Nuo 4 iki 7 metų",4.00,7.00,1,Lietuvių,,0,10,SPEC.VAIKAI,Taip,0,0,Lie
370,"Juzefo Ignacijaus Kraševskio gimnazija","Rugiagėlių g. 15",6063483,591579,"Naujosios Vilnios",370,"Juzefo Ignacijaus Kraševskio gimnazija",16,"Nuo 4 iki 7 metų",4.00,7.00,4,Lenkų,,0,7,SPEC.VAIKAI,Taip,0,0,Len
375,"Grigiškių gimnazija","Kovo 11-osios g. 21",6059947,570299,Grigiškių,375,"Grigiškių gimnazija",16,"Nuo 4 iki 7 metų",4.00,7.00,2,Rusų,,0,9,SPEC.VAIKAI,Taip,0,0,Rus
375,"Grigiškių gimnazija","Kovo 11-osios g. 21",6059947,570299,Grigiškių,375,"Grigiškių gimnazija",16,"Nuo 4 iki 7 metų",4.00,7.00,4,Lenkų,,0,10,SPEC.VAIKAI,Taip,0,0,Len
377,Gluosnis,"Justiniškių g. 65",6064191,578425,Viršuliškių,377,Gluosnis,7,"Nuo 4 iki 5 metų",4.00,5.00,1,Lietuvių,1,25,15,PELĖDŽIUKAI,,25,0,Lie
377,Gluosnis,"Justiniškių g. 65",6064191,578425,Viršuliškių,377,Gluosnis,16,"Nuo 4 iki 7 metų",4.00,7.00,1,Lietuvių,3,18,13,BORUŽĖLĖS,,18,0,Lie
388,Žolynas,"Žolyno g. 45A",6064325,586025,Antakalnio,388,Žolynas,7,"Nuo 4 iki 5 metų",4.00,5.00,1,Lietuvių,3,23,24,Rugiagėlės,,23,0,Lie
597,"Gintarėlis (Popieriaus g. 46A)","Popieriaus g. 46A",6070424,586127,Verkių,597,"Gintarėlis (Popieriaus g. 46A)",13,"Nuo 4 iki 6 metų",4.00,6.00,2,Rusų,,14,2,SKRUZDĖLIUKAI,,14,0,Rus
597,"Gintarėlis (Popieriaus g. 46A)","Popieriaus g. 46A",6070424,586127,Verkių,597,"Gintarėlis (Popieriaus g. 46A)",16,"Nuo 4 iki 7 metų",4.00,7.00,2,Rusų,,17,4,"LINKSMASIS AVILYS",,17,0,Rus
667,"Pušynėlis (A. Mickevičiaus g. 21)","A. Mickevičiaus g. 21",6062243,580686,Žvėryno,667,"Pušynėlis (A. Mickevičiaus g. 21)",13,"Nuo 4 iki 6 metų",4.00,6.00,1,Lietuvių,,22,3,GILIUKAI,,22,0,Lie
668,"Naminukas (Klinikų g. 5)","Klinikų g. 5",6064324,584673,Antakalnio,668,"Naminukas (Klinikų g. 5)",13,"Nuo 4 iki 6 metų",4.00,6.00,1,Lietuvių,1,20,3,DRUGELIAI,,20,0,Lie
721,"Pumpurėlis (Trinapolio g. 11)","Trinapolio g. 11",6066065,583013,Šnipiškių,721,"Pumpurėlis (Trinapolio g. 11)",13,"Nuo 4 iki 6 metų",4.00,6.00,1,Lietuvių,1,20,1,GUDRUČIAI,,20,0,Lie
10204,"Kodėlčiukas (Pavilnionių g. 29)","Pavilnionių g. 29",6067356,578544,Pašilaičių,10204,"Kodėlčiukas (Pavilnionių g. 29)",7,"Nuo 4 iki 5 metų",4.00,5.00,1,Lietuvių,1,44,16,DEBESĖLIAI,,44,0,Lie
33,Aušrelė,"Gerosios Vilties g. 28",6060144,580536,Vilkpėdės,33,Aušrelė,7,"Nuo 4 iki 5 metų",4.00,5.00,1,Lietuvių,,36,8,PELĖDŽIUKAI,,35,1,Lie
42,Delfinukas,"Sietyno g. 9",6062088,577517,Karoliniškių,42,Delfinukas,7,"Nuo 4 iki 5 metų",4.00,5.00,1,Lietuvių,,38,3,Saulytės,,37,1,Lie
44,Drevinukas,"K. Donelaičio g. 12",6061130,580761,Naujamiesčio,44,Drevinukas,7,"Nuo 4 iki 5 metų",4.00,5.00,1,Lietuvių,,38,1,ZUIKUČIAI,,37,1,Lie
99,Rugelis,"Kovo 11-osios g. 29A",6059764,570509,Grigiškių,99,Rugelis,7,"Nuo 4 iki 5 metų",4.00,5.00,1,Lietuvių,,21,19,Ramunėlės,,20,1,Lie
147,Šilelis,"Sietyno g. 5",6061683,577294,Karoliniškių,147,Šilelis,7,"Nuo 4 iki 5 metų",4.00,5.00,1,Lietuvių,,23,23,DRUGELIAI,,22,1,Lie
333,"Pranciškaus Skorinos gimnazija","Sietyno g. 21",6062539,577833,Karoliniškių,333,"Pranciškaus Skorinos gimnazija",13,"Nuo 4 iki 6 metų",4.00,6.00,8,Baltarusių,,15,7,"VYTURĖLIS 2021",,14,1,
99,Rugelis,"Kovo 11-osios g. 29A",6059764,570509,Grigiškių,99,Rugelis,13,"Nuo 4 iki 6 metų",4.00,6.00,1,Lietuvių,,21,21,Meškučiai,,19,2,Lie
132,Žemuogėlė,"Architektų g. 108",6060702,577330,Lazdynų,132,Žemuogėlė,13,"Nuo 4 iki 6 metų",4.00,6.00,1,Lietuvių,,39,7,Lašiukai,,37,2,Lie
138,Žolynėlis,"Žolyno g. 44",6064324,586286,Antakalnio,138,Žolynėlis,7,"Nuo 4 iki 5 metų",4.00,5.00,1,Lietuvių,,38,25,Avietėlė,,36,2,Lie
156,Obelėlė,"Architektų g. 204",6061258,578692,Lazdynų,156,Obelėlė,7,"Nuo 4 iki 5 metų",4.00,5.00,1,Lietuvių,,60,4,Gudručiai,,57,3,Lie
127,Voveraitė,"Jūratės g. 4A",6063156,584800,Antakalnio,127,Voveraitė,7,"Nuo 4 iki 5 metų",4.00,5.00,1,Lietuvių,,41,12,PELĖDŽIUKŲ,,37,4,Lie
147,Šilelis,"Sietyno g. 5",6061683,577294,Karoliniškių,147,Šilelis,7,"Nuo 4 iki 5 metų",4.00,5.00,2,Rusų,,23,21,PAGRANDUKAI,,19,4,Rus
375,"Grigiškių gimnazija","Kovo 11-osios g. 21",6059947,570299,Grigiškių,375,"Grigiškių gimnazija",7,"Nuo 4 iki 5 metų",4.00,5.00,4,Lenkų,,8,19,"PELĖDŽIUKAI 2021",,0,8,Len
131,Žemyna,"Žemynos g. 13",6066007,579220,Pašilaičių,131,Žemyna,11,"Nuo 5 iki 7 metų",5.00,7.00,1,Lietuvių,6,24,4,Kiškučiai,,25,-1,Lie
384,"Maironio progimnazija","Čiobiškio g. 1",6064950,579723,Šeškinės,384,"Maironio progimnazija",11,"Nuo 5 iki 7 metų",5.00,7.00,1,Lietuvių,1,45,5,"1 PU",,46,-1,Lie
384,"Maironio progimnazija","Čiobiškio g. 1",6064950,579723,Šeškinės,384,"Maironio progimnazija",11,"Nuo 5 iki 7 metų",5.00,7.00,1,Lietuvių,1,0,7,SPEC.VAIKAI,Taip,0,0,Lie
31,Aitvaras,"Pašilaičių g. 10",6066674,579323,Pašilaičių,31,Aitvaras,8,"Nuo 5 iki 6 metų",5.00,6.00,1,Lietuvių,1,21,25,"ŽEMYNUKAI (ALERG.)",Taip,21,0,Lie
31,Aitvaras,"Pašilaičių g. 10",6066674,579323,Pašilaičių,31,Aitvaras,8,"Nuo 5 iki 6 metų",5.00,6.00,1,Lietuvių,1,42,29,KODĖLČIUKAI,,42,0,Lie
31,Aitvaras,"Pašilaičių g. 10",6066674,579323,Pašilaičių,31,Aitvaras,11,"Nuo 5 iki 7 metų",5.00,7.00,1,Lietuvių,,21,22,PADAUŽIUKAI,Taip,21,0,Lie
41,Daigelis,"Dariaus ir Girėno g. 14",6059212,582247,Naujininkų,41,Daigelis,8,"Nuo 5 iki 6 metų",5.00,6.00,2,Rusų,,1,32,"ŽVAIGŽDUTĖS NAUJA",,1,0,Rus
42,Delfinukas,"Sietyno g. 9",6062088,577517,Karoliniškių,42,Delfinukas,8,"Nuo 5 iki 6 metų",5.00,6.00,1,Lietuvių,,20,18,Kiškučiai,,20,0,Lie
44,Drevinukas,"K. Donelaičio g. 12",6061130,580761,Naujamiesčio,44,Drevinukas,11,"Nuo 5 iki 7 metų",5.00,7.00,1,Lietuvių,,20,5,BITUTĖS,,20,0,Lie
71,"Lokiuko giraitė","Kovo 11-osios g. 54",6059688,571108,Grigiškių,71,"Lokiuko giraitė",11,"Nuo 5 iki 7 metų",5.00,7.00,1,Lietuvių,,66,13,Peliukų,,66,0,Lie
88,Pasakaitė,"Taikos g. 30",6065569,578964,Justiniškių,88,Pasakaitė,8,"Nuo 5 iki 6 metų",5.00,6.00,1,Lietuvių,1,24,1,Vieversėlių,,24,0,Lie
88,Pasakaitė,"Taikos g. 30",6065569,578964,Justiniškių,88,Pasakaitė,11,"Nuo 5 iki 7 metų",5.00,7.00,1,Lietuvių,1,63,6,Kodėlčiukų,,63,0,Lie
89,Pelėda,"Musninkų g. 10",6065012,579870,Šeškinės,89,Pelėda,8,"Nuo 5 iki 6 metų",5.00,6.00,1,Lietuvių,,19,4,ŽIRNIUKAI,,19,0,Lie
89,Pelėda,"Musninkų g. 10",6065012,579870,Šeškinės,89,Pelėda,11,"Nuo 5 iki 7 metų",5.00,7.00,1,Lietuvių,,37,6,KODĖLČIUKAI,,37,0,Lie
91,Pipiras,"Krokuvos g. 6A",6062986,582842,Šnipiškių,91,Pipiras,8,"Nuo 5 iki 6 metų",5.00,6.00,1,Lietuvių,,76,3,BITUTĖS,,76,0,Lie
91,Pipiras,"Krokuvos g. 6A",6062986,582842,Šnipiškių,91,Pipiras,11,"Nuo 5 iki 7 metų",5.00,7.00,1,Lietuvių,,19,2,EŽIUKAI,,19,0,Lie
92,"Prie pasakų parko","Loretos Asanavičiūtės g. 7",6061370,577417,"Visos seniūnijos",92,"Prie pasakų parko",11,"Nuo 5 iki 7 metų",5.00,7.00,2,Rusų,1,20,8,NYKŠTUKŲ,,20,0,Rus
92,"Prie pasakų parko","Loretos Asanavičiūtės g. 7",6061370,577417,"Visos seniūnijos",92,"Prie pasakų parko",11,"Nuo 5 iki 7 metų",5.00,7.00,2,Rusų,1,10,17,"EŽIUKŲ (SPEC)",Taip,10,0,Rus
92,"Prie pasakų parko","Loretos Asanavičiūtės g. 7",6061370,577417,"Visos seniūnijos",92,"Prie pasakų parko",11,"Nuo 5 iki 7 metų",5.00,7.00,4,Lenkų,,5,13,"KAČIUKAI (SPEC)",Taip,5,0,Len
95,Pušaitė,"Bistryčios g. 3",6064071,584954,Antakalnio,95,Pušaitė,8,"Nuo 5 iki 6 metų",5.00,6.00,1,Lietuvių,5,42,3,Zuikučiai,,42,0,Lie
105,Sakalėlis,"S. Stanevičiaus g. 86",6066416,580734,Fabijoniškių,105,Sakalėlis,11,"Nuo 5 iki 7 metų",5.00,7.00,1,Lietuvių,,41,1,GIRINUKŲ,,41,0,Lie
108,Saulėtekis,"Genių g. 12",6062344,591681,"Naujosios Vilnios",108,Saulėtekis,8,"Nuo 5 iki 6 metų",5.00,6.00,1,Lietuvių,3,43,14,GRŪDELIS,,43,0,Lie
108,Saulėtekis,"Genių g. 12",6062344,591681,"Naujosios Vilnios",108,Saulėtekis,11,"Nuo 5 iki 7 metų",5.00,7.00,2,Rusų,2,23,15,JONVABALIS,,23,0,Rus
115,Šermukšnėlė,"Didlaukio g. 66",6066404,581891,Verkių,115,Šermukšnėlė,8,"Nuo 5 iki 6 metų",5.00,6.00,1,Lietuvių,7,41,5,ODINUKAI,,41,0,Lie
115,Šermukšnėlė,"Didlaukio g. 66",6066404,581891,Verkių,115,Šermukšnėlė,11,"Nuo 5 iki 7 metų",5.00,7.00,1,Lietuvių,20,21,1,MOLINUKAI,,21,0,Lie
121,Varpelis,"Ukmergės g. 204",6064729,580302,Šeškinės,121,Varpelis,11,"Nuo 5 iki 7 metų",5.00,7.00,1,Lietuvių,,20,4,GINTARĖLIAI,,20,0,Lie
122,"Vėjelis (Gabijos g. 21)","Gabijos g. 21",6066861,578763,Pašilaičių,122,"Vėjelis (Gabijos g. 21)",8,"Nuo 5 iki 6 metų",5.00,6.00,1,Lietuvių,10,20,8,Malūnėlis,,20,0,Lie
122,"Vėjelis (Gabijos g. 21)","Gabijos g. 21",6066861,578763,Pašilaičių,122,"Vėjelis (Gabijos g. 21)",11,"Nuo 5 iki 7 metų",5.00,7.00,1,Lietuvių,10,37,3,Pumpurėliai,,37,0,Lie
122,"Vėjelis (Gabijos g. 21)","Gabijos g. 21",6066861,578763,Pašilaičių,122,"Vėjelis (Gabijos g. 21)",11,"Nuo 5 iki 7 metų",5.00,7.00,2,Rusų,,43,10,Žvaigždutės,,43,0,Rus
123,Vėtrungė,"Gardino g. 8",6059622,583920,Rasų,123,Vėtrungė,8,"Nuo 5 iki 6 metų",5.00,6.00,1,Lietuvių,4,42,18,Nykštukų,,42,0,Lie
123,Vėtrungė,"Gardino g. 8",6059622,583920,Rasų,123,Vėtrungė,11,"Nuo 5 iki 7 metų",5.00,7.00,1,Lietuvių,4,22,10,Smalsučių,,22,0,Lie
127,Voveraitė,"Jūratės g. 4A",6063156,584800,Antakalnio,127,Voveraitė,8,"Nuo 5 iki 6 metų",5.00,6.00,1,Lietuvių,,40,6,BORUŽĖLIŲ,,40,0,Lie
127,Voveraitė,"Jūratės g. 4A",6063156,584800,Antakalnio,127,Voveraitė,11,"Nuo 5 iki 7 metų",5.00,7.00,1,Lietuvių,,0,47,"NAUJA 2021",,0,0,Lie
131,Žemyna,"Žemynos g. 13",6066007,579220,Pašilaičių,131,Žemyna,8,"Nuo 5 iki 6 metų",5.00,6.00,1,Lietuvių,6,39,3,Voveriukai,,39,0,Lie
132,Žemuogėlė,"Architektų g. 108",6060702,577330,Lazdynų,132,Žemuogėlė,11,"Nuo 5 iki 7 metų",5.00,7.00,1,Lietuvių,,39,9,Skambaliukai,,39,0,Lie
137,Žiogelis,"J. Kolaso g. 15",6060159,587527,"Naujosios Vilnios",137,Žiogelis,8,"Nuo 5 iki 6 metų",5.00,6.00,1,Lietuvių,21,49,3,DOBILĖLIAI,,49,0,Lie
137,Žiogelis,"J. Kolaso g. 15",6060159,587527,"Naujosios Vilnios",137,Žiogelis,11,"Nuo 5 iki 7 metų",5.00,7.00,1,Lietuvių,25,69,4,BORUŽĖLĖS,,69,0,Lie
138,Žolynėlis,"Žolyno g. 44",6064324,586286,Antakalnio,138,Žolynėlis,11,"Nuo 5 iki 7 metų",5.00,7.00,1,Lietuvių,,23,23,Čiobreliai,,23,0,Lie
150,Vilkpėdės,"Gerosios Vilties g. 15",6059880,580271,Vilkpėdės,150,Vilkpėdės,8,"Nuo 5 iki 6 metų",5.00,6.00,1,Lietuvių,,21,36,MOKSLINČIŲ,,21,0,Lie
150,Vilkpėdės,"Gerosios Vilties g. 15",6059880,580271,Vilkpėdės,150,Vilkpėdės,11,"Nuo 5 iki 7 metų",5.00,7.00,1,Lietuvių,2,20,34,SMALSUOLIŲ,,20,0,Lie
151,Žiburėlis,"Laisvės pr. 46",6063037,578464,Karoliniškių,151,Žiburėlis,8,"Nuo 5 iki 6 metų",5.00,6.00,1,Lietuvių,1,40,34,KIŠKUČIAI,,40,0,Lie
151,Žiburėlis,"Laisvės pr. 46",6063037,578464,Karoliniškių,151,Žiburėlis,11,"Nuo 5 iki 7 metų",5.00,7.00,1,Lietuvių,1,38,4,"Smalsiukai ",,38,0,Lie
158,Vieversys,"Žirmūnų g. 89",6065626,584093,Žirmūnų,158,Vieversys,8,"Nuo 5 iki 6 metų",5.00,6.00,1,Lietuvių,,37,3,Žirniukai,,37,0,Lie
158,Vieversys,"Žirmūnų g. 89",6065626,584093,Žirmūnų,158,Vieversys,11,"Nuo 5 iki 7 metų",5.00,7.00,1,Lietuvių,,54,6,Kiškučių,,54,0,Lie
160,"Dainorėliai (Ankštoji g. 11)","Ankštoji g. 11",6062282,581589,Naujamiesčio,160,"Dainorėliai (Ankštoji g. 11)",11,"Nuo 5 iki 7 metų",5.00,7.00,1,Lietuvių,15,20,6,DRUGELIAI,,20,0,Lie
161,Lokiukas,"Igno Šimulionio g. 8",6062788,578971,Karoliniškių,161,Lokiukas,11,"Nuo 5 iki 7 metų",5.00,7.00,2,Rusų,7,16,9,GUDRUČIAI,,16,0,Rus
162,Šaltinėlis,"Šaltkalvių g. 13",6059207,581916,Naujininkų,162,Šaltinėlis,8,"Nuo 5 iki 6 metų",5.00,6.00,4,Lenkų,,24,10,Perliukų,,24,0,Len
163,Gabijėlė,"Gabijos g. 1",6066898,579033,Pašilaičių,163,Gabijėlė,8,"Nuo 5 iki 6 metų",5.00,6.00,1,Lietuvių,22,90,14,KREGZDŽIUKŲ,,90,0,Lie
165,"Pilaitukas (I. Kanto al. 7A)","I. Kanto al. 7A",6063636,576352,Pilaitės,165,"Pilaitukas (I. Kanto al. 7A)",8,"Nuo 5 iki 6 metų",5.00,6.00,1,Lietuvių,41,46,1,BITUTĖS,,46,0,Lie
166,Vilija,"Taikos g. 15",6065426,579249,Justiniškių,166,Vilija,11,"Nuo 5 iki 7 metų",5.00,7.00,4,Lenkų,,57,2,NYKŠTUKAI,,57,0,Len
170,Boružėlė,"Latvių g. 40",6062729,580386,Žvėryno,170,Boružėlė,11,"Nuo 5 iki 7 metų",5.00,7.00,1,Lietuvių,,42,13,Saulutės,,42,0,Lie
171,Žaliakalnio,"Pergalės g. 22",6062066,591084,"Naujosios Vilnios",171,Žaliakalnio,8,"Nuo 5 iki 6 metų",5.00,6.00,4,Lenkų,,22,11,Nykštukų,,22,0,Len
273,Santariškių,"Santariškių g. 27A",6070181,582535,Verkių,273,Santariškių,8,"Nuo 5 iki 6 metų",5.00,6.00,1,Lietuvių,68,46,7,Žirginėliai,,46,0,Lie
273,Santariškių,"Santariškių g. 27A",6070181,582535,Verkių,273,Santariškių,11,"Nuo 5 iki 7 metų",5.00,7.00,1,Lietuvių,135,21,17,Šermukšniukai,,21,0,Lie
280,"Vilnios pagrindinė mokykla","Palydovo g. 29A",6063647,591077,"Naujosios Vilnios",280,"Vilnios pagrindinė mokykla",11,"Nuo 5 iki 7 metų",5.00,7.00,1,Lietuvių,,20,3,PELĖDŽIUKAI,,20,0,Lie
283,Atžalyno,"Genių g. 25",6062221,591842,"Naujosios Vilnios",283,Atžalyno,8,"Nuo 5 iki 6 metų",5.00,6.00,1,Lietuvių,8,21,3,Žirniukai,,21,0,Lie
283,Atžalyno,"Genių g. 25",6062221,591842,"Naujosios Vilnios",283,Atžalyno,11,"Nuo 5 iki 7 metų",5.00,7.00,1,Lietuvių,13,24,1,Giliukai,,24,0,Lie
311,"Naujininkų progimnazija","Šaltkalvių g. 32",6058943,581862,Naujininkų,311,"Naujininkų progimnazija",11,"Nuo 5 iki 7 metų",5.00,7.00,1,Lietuvių,,19,13,"SMALSUČIAI 2021",,19,0,Lie
313,"Taikos progimnazija","Taikos g. 157",6064995,578173,Justiniškių,313,"Taikos progimnazija",11,"Nuo 5 iki 7 metų",5.00,7.00,1,Lietuvių,,64,3,ŽINIUKŲ,,64,0,Lie
313,"Taikos progimnazija","Taikos g. 157",6064995,578173,Justiniškių,313,"Taikos progimnazija",11,"Nuo 5 iki 7 metų",5.00,7.00,1,Lietuvių,,0,13,SPEC.VAIKAI,Taip,0,0,Lie
327,Ąžuolas,"Žirmūnų g. 32",6063664,583795,Žirmūnų,327,Ąžuolas,8,"Nuo 5 iki 6 metų",5.00,6.00,1,Lietuvių,,60,12,Lašiukų,,60,0,Lie
327,Ąžuolas,"Žirmūnų g. 32",6063664,583795,Žirmūnų,327,Ąžuolas,11,"Nuo 5 iki 7 metų",5.00,7.00,1,Lietuvių,,24,18,Voveriukų,,24,0,Lie
331,"Levo Karsavino mokykla","Justiniškių g. 43",6063778,578576,Viršuliškių,331,"Levo Karsavino mokykla",11,"Nuo 5 iki 7 metų",5.00,7.00,2,Rusų,2,44,9,PELEDŽIUKAI,,44,0,Rus
331,"Levo Karsavino mokykla","Justiniškių g. 43",6063778,578576,Viršuliškių,331,"Levo Karsavino mokykla",11,"Nuo 5 iki 7 metų",5.00,7.00,2,Rusų,2,0,11,SPEC.VAIKAI,Taip,0,0,Rus
334,"Simono Konarskio gimnazija","Statybininkų g. 5",6060422,581103,Naujamiesčio,334,"Simono Konarskio gimnazija",11,"Nuo 5 iki 7 metų",5.00,7.00,4,Lenkų,,17,2,"1 GR.",,17,0,Len
334,"Simono Konarskio gimnazija","Statybininkų g. 5",6060422,581103,Naujamiesčio,334,"Simono Konarskio gimnazija",11,"Nuo 5 iki 7 metų",5.00,7.00,4,Lenkų,,0,4,SPEC.VAIKAI,Taip,0,0,Len
335,"Trakų Vokės gimnazija","Trampolio g. 5",6055129,571743,Panerių,335,"Trakų Vokės gimnazija",11,"Nuo 5 iki 7 metų",5.00,7.00,1,Lietuvių,13,44,7,DRUGELIAI,,44,0,Lie
336,"Ryto progimnazija","Dariaus Gerbutavičiaus g. 9",6062641,578039,Karoliniškių,336,"Ryto progimnazija",11,"Nuo 5 iki 7 metų",5.00,7.00,1,Lietuvių,,21,3,RYTUKAI,,21,0,Lie
337,"Salininkų gimnazija","Vaikų g.16",0,0,Naujininkų,337,"Salininkų gimnazija",11,"Nuo 5 iki 7 metų",5.00,7.00,1,Lietuvių,5,46,1,"Priešmokyklinė A",,46,0,Lie
337,"Salininkų gimnazija","Vaikų g.16",0,0,Naujininkų,337,"Salininkų gimnazija",11,"Nuo 5 iki 7 metų",5.00,7.00,1,Lietuvių,5,0,7,SPEC.VAIKAI,Taip,0,0,Lie
338,"Spindulio progimnazija","Rolando Jankausko g. 17",6062339,577819,Karoliniškių,338,"Spindulio progimnazija",11,"Nuo 5 iki 7 metų",5.00,7.00,1,Lietuvių,3,46,2,PM2,,46,0,Lie
338,"Spindulio progimnazija","Rolando Jankausko g. 17",6062339,577819,Karoliniškių,338,"Spindulio progimnazija",11,"Nuo 5 iki 7 metų",5.00,7.00,1,Lietuvių,3,0,6,SPEC.VAIKAI,Taip,0,0,Lie
339,"Vladislavo Sirokomlės gimnazija","Linkmenų g. 8",6063489,581831,Šnipiškių,339,"Vladislavo Sirokomlės gimnazija",11,"Nuo 5 iki 7 metų",5.00,7.00,4,Lenkų,,58,1,Nykštukai,,58,0,Len
339,"Vladislavo Sirokomlės gimnazija","Linkmenų g. 8",6063489,581831,Šnipiškių,339,"Vladislavo Sirokomlės gimnazija",11,"Nuo 5 iki 7 metų",5.00,7.00,4,Lenkų,,0,7,SPEC.VAIKAI,Taip,0,0,Len
342,"Pelėdos pradinė mokykla","Taikos g. 97",6065682,578130,Justiniškių,342,"Pelėdos pradinė mokykla",11,"Nuo 5 iki 7 metų",5.00,7.00,1,Lietuvių,,46,1,Bitutės,,46,0,Lie
342,"Pelėdos pradinė mokykla","Taikos g. 97",6065682,578130,Justiniškių,342,"Pelėdos pradinė mokykla",11,"Nuo 5 iki 7 metų",5.00,7.00,1,Lietuvių,,0,19,SPEC.VAIKAI,Taip,0,0,Lie
369,"Vilniaus Joachimo Lelevelio inžinerijos gimnazija","Minties g. 3",6064005,583687,Antakalnio,369,"Vilniaus Joachimo Lelevelio inžinerijos gimnazija",11,"Nuo 5 iki 7 metų",5.00,7.00,2,Rusų,3,0,10,SPEC.VAIKAI,Taip,0,0,Rus
369,"Vilniaus Joachimo Lelevelio inžinerijos gimnazija","Minties g. 3",6064005,583687,Antakalnio,369,"Vilniaus Joachimo Lelevelio inžinerijos gimnazija",11,"Nuo 5 iki 7 metų",5.00,7.00,2,Rusų,3,12,15,0B_2021,,12,0,Rus
369,"Vilniaus Joachimo Lelevelio inžinerijos gimnazija","Minties g. 3",6064005,583687,Antakalnio,369,"Vilniaus Joachimo Lelevelio inžinerijos gimnazija",11,"Nuo 5 iki 7 metų",5.00,7.00,4,Lenkų,3,0,11,SPEC.VAIKAI,Taip,0,0,Len
369,"Vilniaus Joachimo Lelevelio inžinerijos gimnazija","Minties g. 3",6064005,583687,Antakalnio,369,"Vilniaus Joachimo Lelevelio inžinerijos gimnazija",11,"Nuo 5 iki 7 metų",5.00,7.00,4,Lenkų,3,12,14,0A_2021,,12,0,Len
371,"Jono Pauliaus II progimnazija","Rygos g. 10",6065110,578729,Viršuliškių,371,"Jono Pauliaus II progimnazija",11,"Nuo 5 iki 7 metų",5.00,7.00,4,Lenkų,10,61,6,Žiniukai,,61,0,Len
371,"Jono Pauliaus II progimnazija","Rygos g. 10",6065110,578729,Viršuliškių,371,"Jono Pauliaus II progimnazija",11,"Nuo 5 iki 7 metų",5.00,7.00,4,Lenkų,10,0,14,SPEC.VAIKAI,Taip,0,0,Len
374,"Sausio 13-osios progimnazija","Architektų g. 166",6061530,578374,Lazdynų,374,"Sausio 13-osios progimnazija",11,"Nuo 5 iki 7 metų",5.00,7.00,1,Lietuvių,,45,2,GUDRUČIAI,,45,0,Lie
377,Gluosnis,"Justiniškių g. 65",6064191,578425,Viršuliškių,377,Gluosnis,8,"Nuo 5 iki 6 metų",5.00,6.00,1,Lietuvių,3,23,18,BITUTĖS,,23,0,Lie
377,Gluosnis,"Justiniškių g. 65",6064191,578425,Viršuliškių,377,Gluosnis,11,"Nuo 5 iki 7 metų",5.00,7.00,1,Lietuvių,3,41,10,KIŠKUČIAI,,41,0,Lie
388,Žolynas,"Žolyno g. 45A",6064325,586025,Antakalnio,388,Žolynas,8,"Nuo 5 iki 6 metų",5.00,6.00,1,Lietuvių,1,22,21,Ramunėlės,,22,0,Lie
388,Žolynas,"Žolyno g. 45A",6064325,586025,Antakalnio,388,Žolynas,11,"Nuo 5 iki 7 metų",5.00,7.00,1,Lietuvių,3,23,22,Šlamučiai,,23,0,Lie
667,"Pušynėlis (A. Mickevičiaus g. 21)","A. Mickevičiaus g. 21",6062243,580686,Žvėryno,667,"Pušynėlis (A. Mickevičiaus g. 21)",11,"Nuo 5 iki 7 metų",5.00,7.00,1,Lietuvių,,22,8,LINELIS,,22,0,Lie
668,"Naminukas (Klinikų g. 5)","Klinikų g. 5",6064324,584673,Antakalnio,668,"Naminukas (Klinikų g. 5)",11,"Nuo 5 iki 7 metų",5.00,7.00,1,Lietuvių,,21,4,BITUTĖS,,21,0,Lie
670,"Kūlverstukas (Mindaugo g. 7)","Mindaugo g. 7",6061130,582078,Naujamiesčio,670,"Kūlverstukas (Mindaugo g. 7)",11,"Nuo 5 iki 7 metų",5.00,7.00,2,Rusų,,20,4,ZVONOČKI,,20,0,Rus
687,Malūnėlis,"Popieriaus g. 7",6071178,585719,Verkių,687,Malūnėlis,8,"Nuo 5 iki 6 metų",5.00,6.00,1,Lietuvių,19,37,2,VOVERIUKAI,,37,0,Lie
687,Malūnėlis,"Popieriaus g. 7",6071178,585719,Verkių,687,Malūnėlis,11,"Nuo 5 iki 7 metų",5.00,7.00,1,Lietuvių,37,25,1,BITUTĖS,,25,0,Lie
688,"Dainorėliai (Goštauto g. 4)","Goštauto g. 4",0,0,Naujamiesčio,688,"Dainorėliai (Goštauto g. 4)",11,"Nuo 5 iki 7 metų",5.00,7.00,1,Lietuvių,6,17,5,DEBESĖLIŲ,,17,0,Lie
720,"Krivūlė (Vokiečių g. 1)","Vokiečių g. 1",6060985,582957,Senamiesčio,720,"Krivūlė (Vokiečių g. 1)",11,"Nuo 5 iki 7 metų",5.00,7.00,1,Lietuvių,,17,3,GUDRUČIAI,,17,0,Lie
723,"Pilaitukas (Įsruties g. 27-101)","Įsruties g. 27",6064799,576100,Pilaitės,723,"Pilaitukas (Įsruties g. 27-101)",8,"Nuo 5 iki 6 metų",5.00,6.00,1,Lietuvių,26,20,1,ŠNEKUČIAI,,20,0,Lie
723,"Pilaitukas (Įsruties g. 27-101)","Įsruties g. 27",6064799,576100,Pilaitės,723,"Pilaitukas (Įsruties g. 27-101)",11,"Nuo 5 iki 7 metų",5.00,7.00,1,Lietuvių,28,23,3," GUDRUČIAI",,23,0,Lie
10204,"Kodėlčiukas (Pavilnionių g. 29)","Pavilnionių g. 29",6067356,578544,Pašilaičių,10204,"Kodėlčiukas (Pavilnionių g. 29)",11,"Nuo 5 iki 7 metų",5.00,7.00,1,Lietuvių,5,21,18,EŽIUKAI,,21,0,Lie
10207,"Gilužis (Pajautos g. 5)","Pajautos g. 5",6064266,575895,Pilaitės,10207,"Gilužis (Pajautos g. 5)",11,"Nuo 5 iki 7 metų",5.00,7.00,1,Lietuvių,7,20,1,PAUKŠTELIŲ,,20,0,Lie
10207,"Gilužis (Pajautos g. 5)","Pajautos g. 5",6064266,575895,Pilaitės,10207,"Gilužis (Pajautos g. 5)",11,"Nuo 5 iki 7 metų",5.00,7.00,1,Lietuvių,7,0,5,"SPEC.VAIKAI ",Taip,0,0,Lie
10208,"Antakalnio pradinė mokykla","Šilo g. 15",6063811,584926,Antakalnio,10208,"Antakalnio pradinė mokykla",11,"Nuo 5 iki 7 metų",5.00,7.00,2,Rusų,,0,3,"SPEC.VAIKAI ",Taip,0,0,Rus
10208,"Antakalnio pradinė mokykla","Šilo g. 15",6063811,584926,Antakalnio,10208,"Antakalnio pradinė mokykla",11,"Nuo 5 iki 7 metų",5.00,7.00,2,Rusų,,20,7,Smalsučiai,,20,0,Rus
44,Drevinukas,"K. Donelaičio g. 12",6061130,580761,Naujamiesčio,44,Drevinukas,8,"Nuo 5 iki 6 metų",5.00,6.00,1,Lietuvių,,21,2,AŽUOLIUKŲ,,20,1,Lie
52,"Gervelė (Dzūkų g. 32)","Dzūkų g. 32",6059432,582984,Naujininkų,52,"Gervelė (Dzūkų g. 32)",8,"Nuo 5 iki 6 metų",5.00,6.00,1,Lietuvių,,22,1,ŽIRNIUKAI,,21,1,Lie
59,Karuselė,"Gedvydžių g. 25A",6067281,579910,Fabijoniškių,59,Karuselė,11,"Nuo 5 iki 7 metų",5.00,7.00,2,Rusų,,20,3,NYKŠTUKAS,,19,1,Rus
86,Pasaka,"Žirmūnų g. 110",6066164,583842,Žirmūnų,86,Pasaka,8,"Nuo 5 iki 6 metų",5.00,6.00,1,Lietuvių,,35,11,"Voveriukų ",,34,1,Lie
94,Puriena,"Tujų g. 1",6063771,579356,Viršuliškių,94,Puriena,8,"Nuo 5 iki 6 metų",5.00,6.00,1,Lietuvių,,1,47,"2016 M. AMZ. 2021",,0,1,Lie
115,Šermukšnėlė,"Didlaukio g. 66",6066404,581891,Verkių,115,Šermukšnėlė,11,"Nuo 5 iki 7 metų",5.00,7.00,2,Rusų,,20,12,AKMENUKAI,,19,1,Rus
134,Žiedas,"Žemynos g. 41",6066420,579182,Pašilaičių,134,Žiedas,8,"Nuo 5 iki 6 metų",5.00,6.00,4,Lenkų,,1,63,RAMUNĖLĖS_2021,,0,1,Len
136,Žilvinėlio,"Taikos g. 130",6065108,578345,Justiniškių,136,Žilvinėlio,8,"Nuo 5 iki 6 metų",5.00,6.00,1,Lietuvių,,41,7,UOSIUKAI,,40,1,Lie
141,Žirniukas,"Verkių g. 17",6064149,582987,Žirmūnų,141,Žirniukas,11,"Nuo 5 iki 7 metų",5.00,7.00,1,Lietuvių,,43,5,Smalsučiai,,42,1,Lie
156,Obelėlė,"Architektų g. 204",6061258,578692,Lazdynų,156,Obelėlė,8,"Nuo 5 iki 6 metų",5.00,6.00,1,Lietuvių,,41,6,Pasakaitė,,40,1,Lie
156,Obelėlė,"Architektų g. 204",6061258,578692,Lazdynų,156,Obelėlė,11,"Nuo 5 iki 7 metų",5.00,7.00,1,Lietuvių,,39,14,Pabiručiai,,38,1,Lie
164,Saulėgrąža,"Taikos g. 31",6065577,579285,Justiniškių,164,Saulėgrąža,8,"Nuo 5 iki 6 metų",5.00,6.00,1,Lietuvių,,63,4,Šnekučiai,,62,1,Lie
166,Vilija,"Taikos g. 15",6065426,579249,Justiniškių,166,Vilija,8,"Nuo 5 iki 6 metų",5.00,6.00,4,Lenkų,,20,3,ANČIUKAI,,19,1,Len
169,Švelnukas,"Giedraičių g. 60",6063926,582484,Šnipiškių,169,Švelnukas,11,"Nuo 5 iki 7 metų",5.00,7.00,1,Lietuvių,,22,1,Pelėdžiukai,,21,1,Lie
170,Boružėlė,"Latvių g. 40",6062729,580386,Žvėryno,170,Boružėlė,8,"Nuo 5 iki 6 metų",5.00,6.00,1,Lietuvių,,66,6,Smalsutis,,65,1,Lie
314,"karaliaus Mindaugo mokykla","Mindaugo g. 9",6060990,582092,Naujamiesčio,314,"karaliaus Mindaugo mokykla",11,"Nuo 5 iki 7 metų",5.00,7.00,1,Lietuvių,9,65,5,"PUG 2",,65,0,Lie
381,"Simono Stanevičiaus progimnazija","S. Stanevičiaus g. 25",6065963,580949,Fabijoniškių,381,"Simono Stanevičiaus progimnazija",11,"Nuo 5 iki 7 metų",5.00,7.00,1,Lietuvių,,38,2,BITUTĖS,,37,1,Lie
381,"Simono Stanevičiaus progimnazija","S. Stanevičiaus g. 25",6065963,580949,Fabijoniškių,381,"Simono Stanevičiaus progimnazija",11,"Nuo 5 iki 7 metų",5.00,7.00,1,Lietuvių,,0,6,SPEC.VAIKAI,Taip,0,0,Lie
383,"Saulėtekio mokykla-daugiafunkcinis centras","Kaminkelio g. 10",6058856,582305,Naujininkų,383,"Saulėtekio mokykla-daugiafunkcinis centras",11,"Nuo 5 iki 7 metų",5.00,7.00,2,Rusų,,0,8,SPEC.VAIKAI,Taip,0,0,Rus
383,"Saulėtekio mokykla-daugiafunkcinis centras","Kaminkelio g. 10",6058856,582305,Naujininkų,383,"Saulėtekio mokykla-daugiafunkcinis centras",11,"Nuo 5 iki 7 metų",5.00,7.00,2,Rusų,,46,12,"PRIEŠMOKYKLINĖ 1 2021",,45,1,Rus
721,"Pumpurėlis (Trinapolio g. 11)","Trinapolio g. 11",6066065,583013,Šnipiškių,721,"Pumpurėlis (Trinapolio g. 11)",8,"Nuo 5 iki 6 metų",5.00,6.00,1,Lietuvių,,20,2,PABIRUČIAI,,19,1,Lie
55,Giraitė,"Erfurto g. 42",6060492,577795,Lazdynų,55,Giraitė,11,"Nuo 5 iki 7 metų",5.00,7.00,1,Lietuvių,,38,1,Aviliukas,,36,2,Lie
58,Jurginėlis,"Justiniškių g. 47",6063867,578565,Viršuliškių,58,Jurginėlis,11,"Nuo 5 iki 7 metų",5.00,7.00,1,Lietuvių,,40,45,PU_2021,,38,2,Lie
66,Lakštingala,"Lakštingalų g. 10",6066921,585208,Antakalnio,66,Lakštingala,8,"Nuo 5 iki 6 metų",5.00,6.00,1,Lietuvių,,45,7,Aitvariukai,,43,2,Lie
79,Ozas,"Gelvonų g. 24",6064973,580945,Šeškinės,79,Ozas,8,"Nuo 5 iki 6 metų",5.00,6.00,1,Lietuvių,,47,4,Boružėlės,,45,2,Lie
87,Paslaptis,"Darželio g. 7",6062328,591333,"Naujosios Vilnios",87,Paslaptis,11,"Nuo 5 iki 7 metų",5.00,7.00,2,Rusų,,20,11,KALAMBURIKI,,18,2,Rus
105,Sakalėlis,"S. Stanevičiaus g. 86",6066416,580734,Fabijoniškių,105,Sakalėlis,8,"Nuo 5 iki 6 metų",5.00,6.00,1,Lietuvių,,42,4,GENIUKŲ,,40,2,Lie
114,Sveikuolis,"Dūkštų g. 14",6064720,580125,Šeškinės,114,Sveikuolis,8,"Nuo 5 iki 6 metų",5.00,6.00,2,Rusų,,71,4,Nykštukai,,69,2,Rus
139,Žuvėdra,"Parko g. 8A",6062362,591153,"Naujosios Vilnios",139,Žuvėdra,11,"Nuo 5 iki 7 metų",5.00,7.00,2,Rusų,,19,6,OSMINOŽKI,,17,2,Rus
171,Žaliakalnio,"Pergalės g. 22",6062066,591084,"Naujosios Vilnios",171,Žaliakalnio,11,"Nuo 5 iki 7 metų",5.00,7.00,4,Lenkų,,24,14,SAULUTĖS,,22,2,Len
333,"Pranciškaus Skorinos gimnazija","Sietyno g. 21",6062539,577833,Karoliniškių,333,"Pranciškaus Skorinos gimnazija",11,"Nuo 5 iki 7 metų",5.00,7.00,8,Baltarusių,,20,3,SAULYTĖ,,18,2,
375,"Grigiškių gimnazija","Kovo 11-osios g. 21",6059947,570299,Grigiškių,375,"Grigiškių gimnazija",11,"Nuo 5 iki 7 metų",5.00,7.00,4,Lenkų,,15,3,"PRIEŠMOKYKLINIO UGDYMO (LENKŲ KALBA)",,13,2,Len
669,"Gervelė (Stadiono g. 5)","Stadiono g. 5",6059968,583357,Rasų,669,"Gervelė (Stadiono g. 5)",11,"Nuo 5 iki 7 metų",5.00,7.00,2,Rusų,,15,4,GĖLYTĖS,,13,2,Rus
671,"Pavilnio pagrindinė mokykla","J. Kolaso g. 18, Vilnius",0,0,"Naujosios Vilnios",671,"Pavilnio pagrindinė mokykla",11,"Nuo 5 iki 7 metų",5.00,7.00,2,Rusų,,15,3,"PRIEŠMOKYKLINĖ RU",,13,2,Rus
671,"Pavilnio pagrindinė mokykla","J. Kolaso g. 18, Vilnius",0,0,"Naujosios Vilnios",671,"Pavilnio pagrindinė mokykla",11,"Nuo 5 iki 7 metų",5.00,7.00,2,Rusų,,0,5,SPEC.VAIKAI,Taip,0,0,Rus
102,Ramunėlė,"Žirmūnų g. 10",6063409,583687,Žirmūnų,102,Ramunėlė,8,"Nuo 5 iki 6 metų",5.00,6.00,1,Lietuvių,,21,8,DRUGELIAI,,18,3,Lie
116,Šypsena,"P. Višinskio g. 23",0,0,Senamiesčio,116,Šypsena,8,"Nuo 5 iki 6 metų",5.00,6.00,4,Lenkų,,20,3,SKRUZDELIUKAI,,17,3,Len
121,Varpelis,"Ukmergės g. 204",6064729,580302,Šeškinės,121,Varpelis,8,"Nuo 5 iki 6 metų",5.00,6.00,1,Lietuvių,,40,1,NYKŠTUKAI,,37,3,Lie
280,"Vilnios pagrindinė mokykla","Palydovo g. 29A",6063647,591077,"Naujosios Vilnios",280,"Vilnios pagrindinė mokykla",8,"Nuo 5 iki 6 metų",5.00,6.00,1,Lietuvių,,3,35,2016_Darželis_2021,,0,3,Lie
370,"Juzefo Ignacijaus Kraševskio gimnazija","Rugiagėlių g. 15",6063483,591579,"Naujosios Vilnios",370,"Juzefo Ignacijaus Kraševskio gimnazija",11,"Nuo 5 iki 7 metų",5.00,7.00,4,Lenkų,,21,1,Priešmokyklinė,,18,3,Len
380,"Ateities mokykla","S. Stanevičiaus g. 98",6066603,580657,Fabijoniškių,380,"Ateities mokykla",11,"Nuo 5 iki 7 metų",5.00,7.00,2,Rusų,,36,1,Priešmokyklinė,,33,3,Rus
380,"Ateities mokykla","S. Stanevičiaus g. 98",6066603,580657,Fabijoniškių,380,"Ateities mokykla",11,"Nuo 5 iki 7 metų",5.00,7.00,2,Rusų,,0,7,SPEC.VAIKAI,Taip,0,0,Rus
332,"Liepkalnio mokykla","Liepkalnio g. 18",6059802,583698,Rasų,332,"Liepkalnio mokykla",11,"Nuo 5 iki 7 metų",5.00,7.00,2,Rusų,,21,1,Bitutės,,16,5,Rus
332,"Liepkalnio mokykla","Liepkalnio g. 18",6059802,583698,Rasų,332,"Liepkalnio mokykla",11,"Nuo 5 iki 7 metų",5.00,7.00,2,Rusų,,0,5,SPEC.VAIKAI,Taip,0,0,Rus
375,"Grigiškių gimnazija","Kovo 11-osios g. 21",6059947,570299,Grigiškių,375,"Grigiškių gimnazija",11,"Nuo 5 iki 7 metų",5.00,7.00,2,Rusų,,41,14,Žiniukai,,35,6,Rus
10208,"Antakalnio pradinė mokykla","Šilo g. 15",6063811,584926,Antakalnio,10208,"Antakalnio pradinė mokykla",11,"Nuo 5 iki 7 metų",5.00,7.00,4,Lenkų,,0,4,"SPEC.VAIKAI ",Taip,0,0,Len
10208,"Antakalnio pradinė mokykla","Šilo g. 15",6063811,584926,Antakalnio,10208,"Antakalnio pradinė mokykla",11,"Nuo 5 iki 7 metų",5.00,7.00,4,Lenkų,,19,6,Protonai,,9,10,Len
671,"Pavilnio pagrindinė mokykla","J. Kolaso g. 18, Vilnius",0,0,"Naujosios Vilnios",671,"Pavilnio pagrindinė mokykla",11,"Nuo 5 iki 7 metų",5.00,7.00,4,Lenkų,,15,4,"PRIEŠMOKYKLINĖ PL",,3,12,Len
671,"Pavilnio pagrindinė mokykla","J. Kolaso g. 18, Vilnius",0,0,"Naujosios Vilnios",671,"Pavilnio pagrindinė mokykla",11,"Nuo 5 iki 7 metų",5.00,7.00,4,Lenkų,,0,6,SPEC.VAIKAI,Taip,0,0,Len
44,Drevinukas,"K. Donelaičio g. 12",6061130,580761,Naujamiesčio,44,Drevinukas,9,"Nuo 6 iki 7 metų",6.00,7.00,1,Lietuvių,,20,3,PELĖDŽIUKAI,,20,0,Lie
114,Sveikuolis,"Dūkštų g. 14",6064720,580125,Šeškinės,114,Sveikuolis,9,"Nuo 6 iki 7 metų",6.00,7.00,2,Rusų,,41,13,Boružėlė,,41,0,Rus
115,Šermukšnėlė,"Didlaukio g. 66",6066404,581891,Verkių,115,Šermukšnėlė,9,"Nuo 6 iki 7 metų",6.00,7.00,1,Lietuvių,13,21,13,SIŪLINUKAI,,21,0,Lie
121,Varpelis,"Ukmergės g. 204",6064729,580302,Šeškinės,121,Varpelis,9,"Nuo 6 iki 7 metų",6.00,7.00,1,Lietuvių,,20,9,AITVARIUKŲ,,20,0,Lie
156,Obelėlė,"Architektų g. 204",6061258,578692,Lazdynų,156,Obelėlė,9,"Nuo 6 iki 7 metų",6.00,7.00,1,Lietuvių,,20,29,Kodėlčiukai,,20,0,Lie
166,Vilija,"Taikos g. 15",6065426,579249,Justiniškių,166,Vilija,9,"Nuo 6 iki 7 metų",6.00,7.00,4,Lenkų,,29,1,BORUŽĖLĖS,,29,0,Len
171,Žaliakalnio,"Pergalės g. 22",6062066,591084,"Naujosios Vilnios",171,Žaliakalnio,9,"Nuo 6 iki 7 metų",6.00,7.00,4,Lenkų,,20,2,Boružėlių,,20,0,Len
273,Santariškių,"Santariškių g. 27A",6070181,582535,Verkių,273,Santariškių,9,"Nuo 6 iki 7 metų",6.00,7.00,1,Lietuvių,67,62,8,Kankorėžiukai,,62,0,Lie
327,Ąžuolas,"Žirmūnų g. 32",6063664,583795,Žirmūnų,327,Ąžuolas,9,"Nuo 6 iki 7 metų",6.00,7.00,1,Lietuvių,,64,15,Žvaigždučių,,64,0,Lie
388,Žolynas,"Žolyno g. 45A",6064325,586025,Antakalnio,388,Žolynas,9,"Nuo 6 iki 7 metų",6.00,7.00,1,Lietuvių,2,22,25,Čiobreliai,,22,0,Lie
66,Lakštingala,"Lakštingalų g. 10",6066921,585208,Antakalnio,66,Lakštingala,9,"Nuo 6 iki 7 metų",6.00,7.00,1,Lietuvių,,1,51,"PRIEŠMOKYKLINĖ 2021",,0,1,Lie
79,Ozas,"Gelvonų g. 24",6064973,580945,Šeškinės,79,Ozas,9,"Nuo 6 iki 7 metų",6.00,7.00,1,Lietuvių,,23,13,Kodelčiukai,,21,2,Lie
105,Sakalėlis,"S. Stanevičiaus g. 86",6066416,580734,Fabijoniškių,105,Sakalėlis,9,"Nuo 6 iki 7 metų",6.00,7.00,1,Lietuvių,,2,52,PU_2021,,0,2,Lie
720,"Krivūlė (Vokiečių g. 1)","Vokiečių g. 1",6060985,582957,Senamiesčio,720,"Krivūlė (Vokiečių g. 1)",9,"Nuo 6 iki 7 metų",6.00,7.00,1,Lietuvių,,2,9,PU_2021,,0,2,Lie
170,Boružėlė,"Latvių g. 40",6062729,580386,Žvėryno,170,Boružėlė,9,"Nuo 6 iki 7 metų",6.00,7.00,1,Lietuvių,,7,38,PU_2021,,0,7,Lie
681,"Šilo mokykla","Lakštingalų g. 8",6066865,585309,"Visos seniūnijos",681,"Šilo mokykla",45,"Nuo 8m.",8.00,99.99,1,Lietuvių,,55,6,"3 spec.",Taip,55,0,Lie
681,"Šilo mokykla","Lakštingalų g. 8",6066865,585309,"Visos seniūnijos",681,"Šilo mokykla",45,"Nuo 8m.",8.00,99.99,1,Lietuvių,,65,58,"1-2 spec.",,65,0,Lie
681,"Šilo mokykla","Lakštingalų g. 8",6066865,585309,"Visos seniūnijos",681,"Šilo mokykla",45,"Nuo 8m.",8.00,99.99,2,Rusų,,0,48,"5-7 spec. ",Taip,0,0,Rus
