"ID","LABEL","CHILDSCOUNT","TYPE","SCHOOL_ID"
"20","VIJURKAI (ALERG.)","7","Nuo 6 iki 7 metų","31"
"21","SMALSUČIAI (ALERG.)","7","Nuo 6 iki 7 metų","31"
"22","PADAUŽIUKAI","12","Nuo 6 iki 7 metų","31"
"23","AITVARIUKAI (ALERG.)","0","Nuo 2 iki 5 metų","31"
"24","SAULĖS ZUIKUČIAI  (ALERG.)","0","Nuo 2 iki 4 metų","31"
"25","ŽEMYNUKAI (ALERG.)","0","Nuo 3 iki 6 metų","31"
"26","LINKSMUČIAI (ALERG.)","20","Nuo 5 iki 6 metų","31"
"27","NAMINUKAI","0","Nuo 3 iki 4 metų","31"
"28","ŠELMIAI","0","Nuo 5 iki 6 metų","31"
"29","KODĖLČIUKAI","0","Nuo 4 iki 5 metų","31"
"33","PABIRUČIAI","0","Nuo 1,5 iki 3 metų","31"
"31","SVAJOKLIAI  (ALERG.)","20","Nuo 2 iki 5 metų","31"
"34","NAUJA (LOPŠELIS)","13","Nuo 1,5 iki 3 metų","31"
"35","NAUJA (LOPŠELIS) ALERGIŠKI","20","Nuo 2 iki 4 metų","31"
"3","Gėlytės","25","Nuo 5 iki 6 metų","32"
"5","Drugeliai","0","Nuo 6 iki 7 metų","32"
"7","Gandriukai","0","Nuo 3 iki 4 metų","32"
"8","Voveriukai","0","Nuo 3 iki 7 metų","32"
"9","Žirniukai","0","Nuo 1,5 iki 3 metų","32"
"10","Ežiukai","0","Nuo 1,5 iki 3 metų","32"
"11","Paukšteliai","0","Nuo 4 iki 5 metų","32"
"12","Meškiukai","0","Nuo 4 iki 5 metų","32"
"15","NAUJA (LOPŠELIS)","13","Nuo 1,5 iki 3 metų","32"
"16","NAUJA (LOPŠELIS)","14","Nuo 1,5 iki 3 metų","32"
"1","PASAKIUKAI","14","Nuo 5 iki 6 metų","33"
"2","BORUŽĖLĖS","9","Nuo 5 iki 6 metų","33"
"3","SMALSUČIAI","12","Nuo 4 iki 5 metų","33"
"4","KODĖLČIUKAI","10","Nuo 4 iki 5 metų","33"
"8","PELĖDŽIUKAI","3","Nuo 6 iki 7 metų","33"
"10","AITVARIUKAI","2","Nuo 6 iki 7 metų","33"
"12","BITUTĖS","14","Nuo 4 iki 5 metų","33"
"13","ŽIRNIUKAI","16","Nuo 3 iki 4 metų","33"
"14","GRYBUKAI","14","Nuo 3 iki 4 metų","33"
"17","DRUGELIAI","14","Nuo 1,5 iki 3 metų","33"
"18","NYKŠTUKAI","0","Nuo 1,5 iki 3 metų","33"
"19","NAUJA (LOPŠELIS)","15","Nuo 1,5 iki 3 metų","33"
"20","NAUJA (LOPŠELIS)","15","Nuo 1,5 iki 3 metų","33"
"3","SVIRPLIUKAI","0","Nuo 4 iki 5 metų","34"
"4","PELEDŽIUKAI","6","Nuo 6 iki 7 metų","34"
"5","ŽIOGELIAI","0","Nuo 3 iki 4 metų","34"
"7","ŽVIRBLIUKAI","0","Nuo 5 iki 6 metų","34"
"9","ŽIRNIUKAI","0","Iki 1,5 metų","34"
"10","VIŠČIUKAI","0","Nuo 1,5 iki 3 metų","34"
"11","NAUJA (LOPŠELIS)","10","Iki 1,5 metų","34"
"12","NAUJA (LOPŠELIS)","12","Nuo 1,5 iki 3 metų","34"
"3","Svetliački savaitinė","18","Nuo 3 iki 7 metų","35"
"5","Zaičiata savaitinė ( keli alergiški vaikai)","0","Nuo 1,5 iki 3 metų","35"
"6","Gnomiki","15","Nuo 3 iki 4 metų","35"
"7","Zvonočki","21","Nuo 3 iki 7 metų","35"
"11","NAUJA (LOPŠELIS)","11","Nuo 1,5 iki 3 metų","35"
"1","SKRUZDELIUKŲ","0","Nuo 5 iki 6 metų","36"
"2","BITUČIŲ","16","Nuo 6 iki 7 metų","36"
"5","BORUŽIUKAI","0","Nuo 4 iki 5 metų","36"
"7","DRUGELIAI","17","Nuo 3 iki 4 metų","36"
"8","NAUJA DARŽELIS","20","Nuo 3 iki 4 metų","36"
"22","Aitvariukų","0","Nuo 5 iki 6 metų","37"
"12","Ežiukų","16","Nuo 3 iki 7 metų","37"
"13","Žvirbliukų","0","Nuo 4 iki 5 metų","37"
"16","Gandriukų","2","Nuo 6 iki 7 metų","37"
"17","Pelėdžiukai","7","Nuo 6 iki 7 metų","37"
"18","Boružėlių","0","Nuo 5 iki 6 metų","37"
"23","Šokliukų","0","Nuo 3 iki 4 metų","37"
"24","Drugelių","20","Nuo 3 iki 4 metų","37"
"31","Kiškučių","0","Nuo 3 iki 7 metų","37"
"32","Viščiukų ","0","Nuo 1,5 iki 3 metų","37"
"34","Skruzdėliukai ","19","Nuo 3 iki 4 metų","37"
"35","Nykštukų ","0","Nuo 1,5 iki 3 metų","37"
"36","NAUJA (LOPŠELIS)","14","Nuo 1,5 iki 3 metų","37"
"37","NAUJA (LOPŠELIS)","14","Nuo 1,5 iki 3 metų","37"
"38","NAUJA DARŽELIS","10","Nuo 3 iki 4 metų","37"
"2","DRUGELIAI","0","Nuo 1,5 iki 3 metų","39"
"3","BITUTĖS","0","Nuo 3 iki 7 metų","39"
"4","VABALIUKAI","0","Nuo 3 iki 7 metų","39"
"5","NYKŠTUKAI","0","Nuo 3 iki 7 metų","39"
"7","GĖLYTĖS","0","Iki 1,5 metų","39"
"11","BORUŽĖLĖS (SPEC.)","12","Nuo 3 iki 7 metų","39"
"14","NAUJA (LOPŠELIS)","10","Iki 1,5 metų","39"
"1","BITUTĖS","17","Nuo 3 iki 5 metų","40"
"2","ŽVIRBLIUKAI","0","Nuo 1,5 iki 3 metų","40"
"3","SAULUTĖS","12","Nuo 6 iki 7 metų","40"
"4","EŽIUKAI","11","Nuo 3 iki 5 metų","40"
"5","DRUGELIAI","15","Nuo 3 iki 5 metų","40"
"6","GENELIAI","4","Nuo 5 iki 6 metų","40"
"7","LINKSMUČIAI","6","Nuo 6 iki 7 metų","40"
"8","KIŠKUČIAI","18","Nuo 3 iki 5 metų","40"
"9","LAPIUKAI","12","Nuo 3 iki 5 metų","40"
"10","MEŠKUČIAI","8","Nuo 3 iki 5 metų","40"
"11","PELĖDŽIUKAI","12","Nuo 3 iki 5 metų","40"
"12","NYKŠTUKAI","12","Nuo 3 iki 5 metų","40"
"3","Kačiukai (sav.)","0","Nuo 3 iki 4 metų","41"
"5","Bitutės","10","Nuo 4 iki 7 metų","41"
"6","Spinduliukai (sav.)","5","Nuo 5 iki 7 metų","41"
"7","Korotyški (sav.)","0","Nuo 4 iki 7 metų","41"
"8","VIEVERSĖLIAI (SPEC)","12","Nuo 3 iki 7 metų","41"
"9","SAULUTĖ (SPEC.sav.)","10","Nuo 3 iki 7 metų","41"
"14","Lašeliai","0","Nuo 3 iki 5 metų","41"
"15","Nevaliaški (sav.)","14","Nuo 1,5 iki 3 metų","41"
"16","Funtiki (sav.)","0","Iki 1,5 metų","41"
"17","NAUJA (LOPŠELIS)","10","Iki 1,5 metų","41"
"18","NAUJA (LOPŠELIS)","10","Nuo 1,5 iki 3 metų","41"
"2","Boružėlių","0","Nuo 3 iki 4 metų","42"
"3","Saulytės","16","Nuo 5 iki 6 metų","42"
"4","Pelėdžiukų","0","Nuo 5 iki 6 metų","42"
"6","Varliukų","15","Nuo 1,5 iki 3 metų","42"
"7","Varpelių","0","Nuo 3 iki 6 metų","42"
"8","Delfinukai","18","Nuo 3 iki 4 metų","42"
"9","Drugeliai","16","Nuo 5 iki 6 metų","42"
"10","Žuvytės","0","Nuo 4 iki 5 metų","42"
"14","Delfinai","20","Nuo 4 iki 5 metų","42"
"16","Paukšteliai","13","Nuo 1 iki 2 metų","42"
"18","Kiškučiai","0","Nuo 3 iki 4 metų","42"
"19","NAUJA (LOPŠELIS)","10","Nuo 1 iki 2 metų","42"
"20","NAUJA (LOPŠELIS)","10","Nuo 1,5 iki 3 metų","42"
"21","NAUJA DARŽELIS","18","Nuo 3 iki 4 metų","42"
"22","NAUJA DARŽELIS","20","Nuo 4 iki 5 metų","42"
"1","I grupė","10","Nuo 3 iki 7 metų","43"
"2","II grupė","9","Nuo 3 iki 7 metų","43"
"1","ZUIKUČIAI","0","Nuo 4 iki 5 metų","44"
"2","AŽUOLIUKŲ","0","Nuo 4 iki 5 metų","44"
"3","PELĖDŽIUKAI","2","Nuo 6 iki 7 metų","44"
"4","BORUŽĖLĖS","0","Nuo 5 iki 6 metų","44"
"5","BITUTĖS","7","Nuo 6 iki 7 metų","44"
"9","NYKŠTUKAI","0","Nuo 3 iki 4 metų","44"
"17","SMALSUČIAI","0","Nuo 1,5 iki 3 metų","44"
"18","ŽVIRBLIUKAI","0","Nuo 1,5 iki 3 metų","44"
"19","NAUJA (LOPŠELIS)","0","Nuo 1,5 iki 3 metų","44"
"20","NAUJA DARŽELIS","16","Nuo 3 iki 4 metų","44"
"3","NYKŠTUKŲ","20","Nuo 5 iki 6 metų","45"
"4","SMALSUČIŲ","11","Nuo 6 iki 7 metų","45"
"6","MUMINUKŲ","22","Nuo 4 iki 5 metų","45"
"10","PŪKUOTUKAI","0","Nuo 3 iki 4 metų","45"
"11","SPINDULIUKAI","0","Nuo 1,5 iki 3 metų","45"
"12","KIŠKUČIAI","17","Nuo 1,5 iki 3 metų","45"
"13","NAUJA (LOPŠELIS)","12","Nuo 1,5 iki 3 metų","45"
"2","Uodelių","19","Nuo 3 iki 4 metų","46"
"3","OŽIUKŲ","19","Nuo 4 iki 5 metų","46"
"4","Vištyčių","0","Nuo 5 iki 6 metų","46"
"5","GAIDŽIUKŲ","6","Nuo 6 iki 7 metų","46"
"7","Musyčių","0","Nuo 1,5 iki 3 metų","46"
"13","MALŪNO","13","Nuo 1,5 iki 3 metų","46"
"15","NAUJA (LOPŠELIS)","0","Nuo 1,5 iki 3 metų","46"
"21","RAMUNĖ","0","Nuo 5 iki 6 metų","47"
"22","PELĖDŽIUKAI","0","Nuo 6 iki 7 metų","47"
"13","KODĖLČIUKAI","0","Nuo 3 iki 4 metų","47"
"15","OBUOLIUKAI","0","Nuo 3 iki 4 metų","47"
"16","KAŠTONAS","0","Nuo 5 iki 6 metų","47"
"17","EŽIUKAI","0","Nuo 6 iki 7 metų","47"
"18","GILĖ","0","Nuo 5 iki 6 metų","47"
"19","SAULUTĖ","0","Nuo 4 iki 5 metų","47"
"20","ŠARKELĖ","0","Nuo 4 iki 5 metų","47"
"25","NYKŠTUKAI","0","Nuo 1,5 iki 3 metų","47"
"26","ŽIRNIUKAI","0","Nuo 1,5 iki 3 metų","47"
"27","BORUŽIUKAI","0","Nuo 1,5 iki 3 metų","47"
"28","NAUJA (LOPŠELIS)","15","Nuo 1,5 iki 3 metų","47"
"29","NAUJA (LOPŠELIS)","0","Nuo 1,5 iki 3 metų","47"
"1","Varpeliai","0","Nuo 3 iki 4 metų","48"
"3","Bitutės","0","Nuo 3 iki 6 metų","48"
"5","Drugeliai","19","Nuo 4 iki 5 metų","48"
"6","Boružėlės","16","Nuo 5 iki 6 metų","48"
"7","Zuikučiai","0","Nuo 1,5 iki 3 metų","48"
"8","Meškiukai","0","Nuo 1,5 iki 3 metų","48"
"10","NAUJA (LOPŠELIS)","0","Nuo 1,5 iki 3 metų","48"
"3","Obuoliukai","0","Nuo 5 iki 6 metų","49"
"4","Žvaigždutės","12","Nuo 6 iki 7 metų","49"
"5","Gintarėliai","10","Nuo 6 iki 7 metų","49"
"6","Voriukai","9","Nuo 6 iki 7 metų","49"
"10","Varpeliai","0","Nuo 5 iki 6 metų","49"
"11","Bitutės","0","Nuo 4 iki 5 metų","49"
"12","Boružiukai","0","Nuo 4 iki 5 metų","49"
"13","Žirniukai","0","Nuo 3 iki 4 metų","49"
"14","Spindulėliai","0","Nuo 3 iki 4 metų","49"
"15","Meškiukai","0","Nuo 4 iki 5 metų","49"
"17","Kregždutės ","0","Nuo 1,5 iki 3 metų","49"
"18","Pingvinukai","0","Nuo 1,5 iki 3 metų","49"
"19","NAUJA (LOPŠELIS)","0","Nuo 1,5 iki 3 metų","49"
"20","NAUJA DARŽELIS","20","Nuo 3 iki 4 metų","49"
"22","SAULUTĖS","0","Nuo 5 iki 6 metų","50"
"12","BITUTĖS","7","Nuo 6 iki 7 metų","50"
"23","KIŠKUČIAI","0","Nuo 5 iki 6 metų","50"
"24","VYTURĖLIAI","7","Nuo 6 iki 7 metų","50"
"13","DRUGELIAI","0","Nuo 5 iki 6 metų","50"
"14","SAULĖS ZUIKUČIAI","20","Nuo 3 iki 4 metų","50"
"15","SMALSUČIAI","20","Nuo 3 iki 4 metų","50"
"16","RUDNOSIUKAI","20","Nuo 5 iki 6 metų","50"
"17","PELĖDŽIUKAI","0","Nuo 5 iki 6 metų","50"
"21","BORUŽĖLĖS","0","Nuo 4 iki 5 metų","50"
"25","PAGRANDUKAI","0","Nuo 1,5 iki 3 metų","50"
"26","NYKŠTUKAI","0","Nuo 1,5 iki 3 metų","50"
"27","NAUJA (LOPŠELIS)","12","Nuo 1,5 iki 3 metų","50"
"28","NAUJA (LOPŠELIS)","14","Nuo 1,5 iki 3 metų","50"
"29","NAUJA DARŽELIS","16","Nuo 3 iki 4 metų","50"
"2","ĄŽUOLIUKAI","0","Nuo 4 iki 5 metų","51"
"3","ŽVIRBLIUKAI","0","Nuo 5 iki 6 metų","51"
"4","RASELĖS","18","Nuo 5 iki 6 metų","51"
"6","SAULUTĖ","0","Nuo 5 iki 7 metų","51"
"7","PELĖDŽIUKAI","19","Nuo 6 iki 7 metų","51"
"8","DRUGELIAI","0","Nuo 3 iki 5 metų","51"
"10","VARPELIAI","0","Nuo 4 iki 5 metų","51"
"12","BORUŽĖLĖS","0","Nuo 3 iki 4 metų","51"
"13","NYKŠTUKAI","0","Nuo 3 iki 4 metų","51"
"20","BITUTĖS","0","Nuo 1,5 iki 3 metų","51"
"21","RAMUNĖLĖS","0","Nuo 1,5 iki 3 metų","51"
"22","NAUJA (LOPŠELIS)","15","Nuo 1,5 iki 3 metų","51"
"23","NAUJA (LOPŠELIS)","15","Nuo 1,5 iki 3 metų","51"
"1","ŽIRNIUKAI","20","Nuo 3 iki 5 metų","52"
"2","LAŠIUKAI","0","Nuo 3 iki 7 metų","52"
"3","PABIRUČIAI","20","Nuo 5 iki 6 metų","52"
"4","BITUTĖS","7","Nuo 6 iki 7 metų","52"
"5","BURATINO","0","Nuo 1,5 iki 3 metų","52"
"9","VIŠČIUKŲ","0","Nuo 1,5 iki 3 metų","52"
"10","NAUJA DARŽELIS","12","Nuo 3 iki 4 metų","52"
"11","NAUJA DARŽELIS","10","Nuo 3 iki 7 metų","52"
"1","Skruzdėliukų","11","Nuo 6 iki 7 metų","53"
"4","Nykštukų","0","Nuo 5 iki 6 metų","53"
"5","Bitučių","0","Nuo 4 iki 5 metų","53"
"6","Kačiukų","0","Nuo 4 iki 5 metų","53"
"7","Pelėdžiukų","0","Nuo 5 iki 6 metų","53"
"8","Drugelių","0","Nuo 5 iki 6 metų","53"
"12","Saulučių","10","Nuo 6 iki 7 metų","53"
"14","Paukštelių","0","Nuo 3 iki 4 metų","53"
"15","Obuoliukų","0","Nuo 3 iki 4 metų","53"
"16","KIŠKUČIŲ","0","Nuo 3 iki 4 metų","53"
"17","Meškučių","0","Nuo 3 iki 4 metų","53"
"18","Pagrandukai","0","Nuo 1,5 iki 3 metų","53"
"19","Boružėlių","0","Nuo 1,5 iki 3 metų","53"
"20","NAUJA (LOPŠELIS)","0","Nuo 1,5 iki 3 metų","53"
"1","PAPŪGĖLĖS","0","Nuo 3 iki 4 metų","54"
"2","SPINDULIUKAI","0","Nuo 3 iki 4 metų","54"
"3","LAŠIUKAI","0","Nuo 5 iki 6 metų","54"
"4","GAIDŽIUKAI","0","Nuo 5 iki 6 metų","54"
"5","MEŠKUČIAI","15","Nuo 6 iki 7 metų","54"
"6","DRUGELIAI","19","Nuo 5 iki 6 metų","54"
"8","KAČIUKAI","0","Nuo 3 iki 4 metų","54"
"10","KIŠKUČIAI","0","Nuo 3 iki 4 metų","54"
"13","VYTURIUKAI","11","Nuo 5 iki 6 metų","54"
"15","BORUŽĖLĖS","0","Nuo 3 iki 4 metų","54"
"17","EŽIUKAI","0","Nuo 4 iki 5 metų","54"
"21","VIŠČIUKAI","0","Nuo 1,5 iki 3 metų","54"
"22","SAULĖS ZUIKUČIAI","0","Nuo 1,5 iki 3 metų","54"
"26","NAUJA (LOPŠELIS)","15","Nuo 1,5 iki 3 metų","54"
"27","NAUJA (LOPŠELIS)","7","Nuo 1,5 iki 3 metų","54"
"28","NAUJA DARŽELIS","0","Nuo 3 iki 4 metų","54"
"1","Aviliukas","0","Nuo 4 iki 5 metų","55"
"2","LapiukaI","0","Nuo 3 iki 4 metų","55"
"3","Voveriukai","0","Nuo 4 iki 5 metų","55"
"5","Grybukai","10","Nuo 6 iki 7 metų","55"
"6","Riešutėliai","0","Nuo 5 iki 6 metų","55"
"7","Meškiukai","9","Nuo 6 iki 7 metų","55"
"9","Uogelės","20","Nuo 3 iki 4 metų","55"
"11","Šaltinėlis","0","Nuo 5 iki 6 metų","55"
"12","Boružėlės","0","Nuo 1,5 iki 3 metų","55"
"13","Gandriukai","18","Nuo 3 iki 4 metų","55"
"15","ŽVIRBLIUKAI","18","Nuo 3 iki 4 metų","55"
"17","Kiškeliai","0","Nuo 1,5 iki 3 metų","55"
"19","NAUJA (LOPŠELIS)","13","Nuo 1,5 iki 3 metų","55"
"20","NAUJA (LOPŠELIS)","12","Nuo 1,5 iki 3 metų","55"
"21","NAUJA DARŽELIS","15","Nuo 3 iki 4 metų","55"
"1","Gandriukų","19","Nuo 4 iki 5 metų","56"
"2","Saulės zuikučių","0","Nuo 5 iki 6 metų","56"
"3","Pelėdžiukų","0","Nuo 5 iki 6 metų","56"
"4","BITUČIŲ","12","Nuo 6 iki 7 metų","56"
"7","Boružėlių","0","Nuo 3 iki 4 metų","56"
"13","Drugeliai","0","Nuo 1,5 iki 3 metų","56"
"14","NAUJA (LOPŠELIS)","13","Nuo 1,5 iki 3 metų","56"
"3","SVAJONĖLĖS","0","Nuo 6 iki 7 metų","57"
"4","KIŠKUČIAI","0","Nuo 5 iki 6 metų","57"
"5","SMALSUČIAI","0","Nuo 5 iki 6 metų","57"
"19","GUDRUČIŲ","0","Nuo 4 iki 5 metų","57"
"14","DRUGELIAI","0","Nuo 4 iki 5 metų","57"
"15","VOVERIUKAI","0","Nuo 4 iki 5 metų","57"
"17","BITUTĖS","0","Nuo 3 iki 4 metų","57"
"18","KATINĖLIAI","0","Nuo 3 iki 4 metų","57"
"22","NYKŠTUKAI","0","Nuo 1,5 iki 3 metų","57"
"23","SPINDULIUKAI","0","Nuo 3 iki 4 metų","57"
"24","BORUŽĖLĖS","0","Nuo 1,5 iki 3 metų","57"
"26","ŽIRNIUKAI","0","Nuo 3 iki 4 metų","57"
"27","NAUJA (LOPŠELIS)","13","Nuo 1,5 iki 3 metų","57"
"28","NAUJA (LOPŠELIS)","14","Nuo 1,5 iki 3 metų","57"
"1","Ąžuoliukai","0","Nuo 4 iki 5 metų","58"
"2","Žiogeliai","0","Nuo 4 iki 5 metų","58"
"3","Pelėdžiukų","0","Nuo 5 iki 6 metų","58"
"5","Boružėlių","11","Nuo 6 iki 7 metų","58"
"6","Bitučių","10","Nuo 6 iki 7 metų","58"
"11","Skruzdeliukų","0","Nuo 5 iki 6 metų","58"
"17","Drugelių","0","Nuo 3 iki 4 metų","58"
"18","Žibučių","20","Nuo 3 iki 4 metų","58"
"23","Zuikučių","19","Nuo 3 iki 5 metų","58"
"24","Viščiukų","0","Nuo 1,5 iki 3 metų","58"
"25","Meškiukų","0","Nuo 1,5 iki 3 metų","58"
"26","Gandriukų","18","Nuo 3 iki 4 metų","58"
"28","NAUJA (LOPŠELIS)","0","Nuo 1,5 iki 3 metų","58"
"2","PAGRANDUKAS","0","Nuo 5 iki 6 metų","59"
"3","NYKŠTUKAS","0","Nuo 3 iki 4 metų","59"
"7","BITUTĖ","0","Nuo 5 iki 6 metų","59"
"8","BORUŽĖLĖ","0","Nuo 6 iki 7 metų","59"
"10","UOGELĖ","0","Nuo 6 iki 7 metų","59"
"12","GINTARĖLIS","0","Nuo 3 iki 4 metų","59"
"14","SAULUTĖ","0","Nuo 4 iki 5 metų","59"
"18","TIGRIUKAS","0","Nuo 3 iki 6 metų","59"
"19","VAIVORYKŠTĖ","0","Nuo 4 iki 5 metų","59"
"22","AUKSINĖ ŽUVELĖ","0","Nuo 5 iki 7 metų","59"
"24","RAMUNĖ","0","Nuo 1,5 iki 3 metų","59"
"26","NAUJA (LOPŠELIS)","0","Nuo 1,5 iki 3 metų","59"
"27","NAUJA DARŽELIS","13","Nuo 3 iki 4 metų","59"
"28","NAUJA DARŽELIS","15","Nuo 3 iki 4 metų","59"
"1","NYKŠTUKAI","0","Nuo 3 iki 5 metų","60"
"2","DRUGELIAI","0","Nuo 5 iki 6 metų","60"
"4","KIŠKUČIAI","0","Nuo 1,5 iki 3 metų","60"
"5","BITUTĖS","0","Nuo 3 iki 6 metų","60"
"6","MEŠKIUKAI","20","Nuo 3 iki 6 metų","60"
"11","BORUŽĖLĖS","0","Nuo 1,5 iki 3 metų","60"
"12","NAUJA DARŽELIS","5","Nuo 3 iki 4 metų","60"
"13","NAUJA (LOPŠELIS)","12","Nuo 1,5 iki 3 metų","60"
"1","SPINDULIUKAI","0","Nuo 4 iki 5 metų","61"
"2","BORUŽĖLĖS","18","Nuo 5 iki 6 metų","61"
"4","DRUGELIŲ","9","Nuo 6 iki 7 metų","61"
"8","BITUTĖS (VALDOFRO)","0","Nuo 2 iki 6 metų","61"
"7","EŽIUKAI","0","Nuo 3 iki 4 metų","61"
"10","NYKŠTUKAI","0","Nuo 1,5 iki 3 metų","61"
"12","NAUJA (LOPŠELIS)","10","Nuo 1,5 iki 3 metų","61"
"1","Saulutės","0","Nuo 4 iki 5 metų","62"
"2","Nežiniukai","0","Nuo 4 iki 5 metų","62"
"3","Gintarėliai","0","Nuo 5 iki 6 metų","62"
"4","Šnekučiai","0","Nuo 5 iki 6 metų","62"
"5","Pabiručiai","19","Nuo 6 iki 7 metų","62"
"6","Smalsučiai","0","Nuo 6 iki 7 metų","62"
"12","Giliukai","0","Nuo 3 iki 4 metų","62"
"13","Gudručiai","0","Nuo 3 iki 4 metų","62"
"16","Žirniukai","0","Nuo 1,5 iki 3 metų","62"
"17","Katinėliai","0","Nuo 1,5 iki 3 metų","62"
"18","Nykštukai","0","Nuo 1,5 iki 3 metų","62"
"19","NAUJA (LOPŠELIS)","0","Nuo 1,5 iki 3 metų","62"
"20","NAUJA DARŽELIS","10","Nuo 3 iki 4 metų","62"
"5","Gėlytės","17","Nuo 5 iki 7 metų","63"
"6","Paukšteliai","0","Nuo 3 iki 5 metų","63"
"7","Spindulėliai","22","Nuo 3 iki 7 metų","63"
"10","BORUŽĖLĖS","0","Nuo 1,5 iki 3 metų","63"
"11","NAUJA (LOPŠELIS)","15","Nuo 1,5 iki 3 metų","63"
"12","NAUJA DARŽELIS","10","Nuo 3 iki 5 metų","63"
"1","Viščiukų","0","Nuo 1,5 iki 3 metų","64"
"2","Gėlyčių","0","Nuo 3 iki 4 metų","64"
"3","Drugelių","0","Nuo 4 iki 5 metų","64"
"4","Pelyčių","10","Nuo 5 iki 7 metų","64"
"9","NAUJA (LOPŠELIS)","10","Nuo 1,5 iki 3 metų","64"
"2","Saulutės","20","Nuo 4 iki 5 metų","65"
"3","Peledžiukai","0","Nuo 5 iki 7 metų","65"
"5","Gelytės","20","Nuo 3 iki 4 metų","65"
"8","Bitutės","0","Nuo 1,5 iki 3 metų","65"
"9","NAUJA (LOPŠELIS)","10","Nuo 1,5 iki 3 metų","65"
"3","Saulutės","0","Nuo 6 iki 7 metų","66"
"4","Nykštukai","0","Nuo 3 iki 4 metų","66"
"5","Bitutės","0","Nuo 6 iki 7 metų","66"
"6","Pūkeliai","0","Nuo 4 iki 5 metų","66"
"7","Aitvariukai","0","Nuo 4 iki 5 metų","66"
"10","Boružiukai","0","Nuo 5 iki 6 metų","66"
"13","KIŠKUČIAI (SAV.)","0","Nuo 3 iki 5 metų","66"
"14","Žiogeliai","0","Nuo 5 iki 6 metų","66"
"16","SPINDULIUKAI","20","Nuo 3 iki 4 metų","66"
"17","Pėledžiukai","0","Nuo 3 iki 4 metų","66"
"19","Katinėliai","0","Nuo 1,5 iki 3 metų","66"
"20","Deimantėliai","0","Nuo 1,5 iki 3 metų","66"
"21","NAUJA (LOPŠELIS)","18","Nuo 1,5 iki 3 metų","66"
"22","NAUJA (LOPŠELIS)","0","Nuo 1,5 iki 3 metų","66"
"23","NAUJA DARŽELIS","9","Nuo 3 iki 4 metų","66"
"1","VIŠČIUKAI","0","Nuo 3 iki 4 metų","67"
"2","ŠYPSENA","0","Nuo 4 iki 5 metų","67"
"3","NYKŠTUKAI","0","Nuo 5 iki 6 metų","67"
"5","SAULUTĖ","7","Nuo 6 iki 7 metų","67"
"7","BORUŽĖLĖS","0","Nuo 1,5 iki 3 metų","67"
"8","SKRUZDELIUKAI","0","Iki 1,5 metų","67"
"9","NAUJA (LOPŠELIS)","10","Iki 1,5 metų","67"
"3","BITUTĖS","0","Nuo 5 iki 6 metų","68"
"4","EŽIUKAI","0","Nuo 4 iki 5 metų","68"
"5","BORUŽIUKAI","0","Nuo 3 iki 4 metų","68"
"6","KAČIUKAI","0","Nuo 4 iki 5 metų","68"
"7","VOVERIUKAI","0","Nuo 6 iki 7 metų","68"
"8","RIEŠUTĖLIAI","0","Nuo 4 iki 5 metų","68"
"9","ANČIUKAI","19","Nuo 3 iki 4 metų","68"
"13","GUDRUČIAI","0","Nuo 6 iki 7 metų","68"
"14","MEŠKIUKAI","0","Nuo 1,5 iki 3 metų","68"
"15","NAUJA (LOPŠELIS)","10","Nuo 1,5 iki 3 metų","68"
"16","NAUJA DARŽELIS","10","Nuo 3 iki 4 metų","68"
"17","NAUJA DARŽELIS","10","Nuo 4 iki 5 metų","68"
"4","Ramunėlės","15","Nuo 5 iki 7 metų","69"
"5","Zuikučiai","20","Nuo 4 iki 5 metų","69"
"7","Nykštukai","12","Nuo 5 iki 7 metų","69"
"8","Žvirbliukai","20","Nuo 3 iki 4 metų","69"
"9","Meškiukai","0","Nuo 3 iki 4 metų","69"
"10","VARPELIAI (SAV.)","0","Nuo 4 iki 6 metų","69"
"11","SAULUTĖ","14","Nuo 1,5 iki 3 metų","69"
"12","NAUJA (LOPŠELIS)","15","Nuo 1,5 iki 3 metų","69"
"1","Giliukai","0","Nuo 4 iki 5 metų","70"
"4","Saulutė","19","Nuo 5 iki 7 metų","70"
"5","Nykštukai","0","Nuo 3 iki 4 metų","70"
"7","Daigiukai","0","Nuo 1,5 iki 3 metų","70"
"8","NAUJA (LOPŠELIS)","15","Nuo 1,5 iki 3 metų","70"
"1","Bitutės","20","Nuo 5 iki 6 metų","71"
"2","Geniukų","20","Nuo 4 iki 5 metų","71"
"3","Drugelių","20","Nuo 4 iki 5 metų","71"
"5","Gandriukų","0","Nuo 5 iki 6 metų","71"
"8","Žiogelių","0","Nuo 5 iki 6 metų","71"
"13","Peliukų","19","Nuo 3 iki 4 metų","71"
"14","Ežiukų","0","Nuo 3 iki 4 metų","71"
"24","Kiškučių","0","Nuo 1,5 iki 3 metų","71"
"25","Pelėdžiukai","15","Nuo 1,5 iki 3 metų","71"
"26","Boružėlių","0","Nuo 1,5 iki 3 metų","71"
"27","Žvirbliukai","0","Nuo 6 iki 7 metų","71"
"28","Voveriukų","0","Nuo 6 iki 7 metų","71"
"29","NAUJA (LOPŠELIS)","15","Nuo 1,5 iki 3 metų","71"
"30","NAUJA (LOPŠELIS)","15","Nuo 1,5 iki 3 metų","71"
"31","NAUJA (LOPŠELIS)","15","Nuo 1,5 iki 3 metų","71"
"1","Žirniukų","0","Nuo 4 iki 5 metų","72"
"2","Nykštukų","19","Nuo 4 iki 5 metų","72"
"3","Pelėdžiukų","20","Nuo 5 iki 6 metų","72"
"4","Boružėlių","19","Nuo 6 iki 7 metų","72"
"5","Bitučių","20","Nuo 6 iki 7 metų","72"
"8","Drugelių","0","Nuo 3 iki 4 metų","72"
"12","Skruzdėliukų","0","Nuo 3 iki 4 metų","72"
"13","ZUIKUČIŲ","0","Nuo 1,5 iki 3 metų","72"
"14","ŽIOGELIŲ","0","Nuo 1,5 iki 3 metų","72"
"16","Ežiukių","0","Nuo 1,5 iki 3 metų","72"
"17","NAUJA (LOPŠELIS)","0","Nuo 1,5 iki 3 metų","72"
"18","NAUJA DARŽELIS","10","Nuo 3 iki 4 metų","72"
"2","2 DARŽELIO GR.","0","Nuo 4 iki 5 metų","73"
"3","4 PRIEŠMOKYKLINĖ GR.","11","Nuo 6 iki 7 metų","73"
"5","5 DARŽ.GR.","0","Nuo 5 iki 6 metų","73"
"7","3 DARŽELIO GR.","0","Nuo 3 iki 4 metų","73"
"8","6 DARŽELIO GR.","0","Nuo 4 iki 5 metų","73"
"11","1 NAUJA (LOPŠELIS)","0","Nuo 1,5 iki 3 metų","73"
"13","NAUJA (LOPŠELIS)","14","Nuo 1,5 iki 3 metų","73"
"1","BITUTĖS","0","Nuo 4 iki 5 metų","74"
"2","DRUGELIAI","0","Nuo 4 iki 5 metų","74"
"3","SKRUZDĖLIUKAI","12","Nuo 5 iki 6 metų","74"
"4","VOVERIUKAI","18","Nuo 5 iki 6 metų","74"
"5","MEŠKIUKAI","0","Nuo 3 iki 4 metų","74"
"6","PELĖDŽIUKAI","19","Nuo 3 iki 4 metų","74"
"12","BORUŽIUKAI","0","Nuo 3 iki 4 metų","74"
"13","EŽIUKAI","0","Nuo 3 iki 4 metų","74"
"15","ZUIKUČIAI","0","Nuo 1,5 iki 3 metų","74"
"16","KAČIUKAI","0","Nuo 1,5 iki 3 metų","74"
"17","PELIUKAI","0","Nuo 1,5 iki 3 metų","74"
"21","NAUJA (LOPŠELIS)","0","Nuo 1,5 iki 3 metų","74"
"1","NYKŠTUKAI","0","Nuo 4 iki 5 metų","75"
"3","ZUIKUČIŲ","0","Nuo 5 iki 6 metų","75"
"4","SRAIGIUKŲ","10","Nuo 6 iki 7 metų","75"
"7","VOVERIUKAI","0","Nuo 3 iki 4 metų","75"
"11","ŽVIRBLIUKŲ","13","Nuo 1,5 iki 3 metų","75"
"12","KAČIUKŲ","14","Nuo 1,5 iki 3 metų","75"
"13","NAUJA (LOPŠELIS)","12","Nuo 1,5 iki 3 metų","75"
"14","NAUJA (LOPŠELIS)","10","Nuo 1,5 iki 3 metų","75"
"1","Drugeliai","0","Nuo 5 iki 6 metų","76"
"2","Bitutės","20","Nuo 6 iki 7 metų","76"
"5","Paukšteliai","21","Nuo 4 iki 5 metų","76"
"6","NYKŠTUKAI ","21","Nuo 3 iki 4 metų","76"
"7","NAUJA DARŽELIS","17","Nuo 3 iki 4 metų","76"
"2","DEBESĖLIŲ","10","Nuo 5 iki 7 metų","77"
"4","PUMPURĖLIŲ","18","Nuo 3 iki 5 metų","77"
"5","NAUJA DARŽELIS","11","Nuo 3 iki 5 metų","77"
"1","SMAGURIAI","19","Nuo 4 iki 5 metų","78"
"2","SMALSIUKAI","0","Nuo 4 iki 5 metų","78"
"3","AITVARIUKAI","0","Nuo 5 iki 6 metų","78"
"4","DAINORĖLIAI","18","Nuo 5 iki 6 metų","78"
"5","POKŠTUKAI","11","Nuo 6 iki 7 metų","78"
"6","KODĖLČIUKAI","7","Nuo 6 iki 7 metų","78"
"11","PASAKORIAI","0","Nuo 3 iki 4 metų","78"
"12","GUDRUČIAI","34","Nuo 3 iki 4 metų","78"
"17","NAMINUKAI","18","Nuo 4 iki 5 metų","78"
"20","KŪLVERSTUKAI","18","Nuo 1,5 iki 3 metų","78"
"21","TREPSIUKAI","0","Nuo 1,5 iki 3 metų","78"
"24","NAUJA (LOPŠELIS)","0","Nuo 1,5 iki 3 metų","78"
"25","NAUJA (LOPŠELIS)","0","Nuo 1,5 iki 3 metų","78"
"1","Smalsučiai","10","Nuo 6 iki 7 metų","79"
"2","Drugeliai","6","Nuo 5 iki 6 metų","79"
"4","Boružėlės","10","Nuo 5 iki 6 metų","79"
"7","Žiogeliai","0","Nuo 5 iki 6 metų","79"
"8","Bitutės","0","Nuo 5 iki 6 metų","79"
"11","Aitvarėliai","0","Nuo 4 iki 5 metų","79"
"12","Voveraitės","0","Nuo 4 iki 5 metų","79"
"13","Kodelčiukai","0","Nuo 3 iki 4 metų","79"
"14","Pelėdžiukai","0","Nuo 3 iki 4 metų","79"
"16","Kačiukai ","18","Nuo 3 iki 4 metų","79"
"17","Ančiukų","0","Nuo 1,5 iki 3 metų","79"
"18","Nykškukų","0","Nuo 1,5 iki 3 metų","79"
"19","NAUJA (LOPŠELIS)","0","Nuo 1,5 iki 3 metų","79"
"20","NAUJA DARŽELIS","0","Nuo 3 iki 4 metų","79"
"4","Voveriukų","19","Nuo 5 iki 6 metų","80"
"5","Boružiukų","0","Nuo 5 iki 6 metų","80"
"6","Katinėlių","5","Nuo 6 iki 7 metų","80"
"7","Žiogelių","8","Nuo 6 iki 7 metų","80"
"10","Smalsiukai","19","Nuo 4 iki 5 metų","80"
"11","Kiškučiai","0","Nuo 4 iki 5 metų","80"
"13","Pėledžiukai ","0","Nuo 3 iki 4 metų","80"
"14","Kodelčiūkai ","0","Nuo 3 iki 4 metų","80"
"15","Peliukų ","0","Nuo 1,5 iki 3 metų","80"
"16","Viščiukų ","18","Nuo 1,5 iki 3 metų","80"
"17","Drugelių ","0","Nuo 1,5 iki 3 metų","80"
"18","NAUJA (LOPŠELIS)","15","Nuo 1,5 iki 3 metų","80"
"19","NAUJA (LOPŠELIS)","14","Nuo 1,5 iki 3 metų","80"
"1","Saulytės","21","Nuo 4 iki 5 metų","81"
"2","Zuikučiai","0","Nuo 5 iki 6 metų","81"
"3","Boružėlių","11","Nuo 6 iki 7 metų","81"
"6","Bitutės","0","Nuo 3 iki 6 metų","81"
"7","Pelėdžiukai","23","Nuo 3 iki 4 metų","81"
"11","Žvaigždutė","0","Nuo 1,5 iki 3 metų","81"
"12","NAUJA (LOPŠELIS)","15","Nuo 1,5 iki 3 metų","81"
"1","Pagrandukai","0","Nuo 4 iki 5 metų","82"
"2","Pelėdžiukų ","19","Nuo 3 iki 4 metų","82"
"3","Ežiukai","20","Nuo 6 iki 7 metų","82"
"4","Skruzdėliukų","0","Nuo 5 iki 6 metų","82"
"5","Bitučių","8","Nuo 6 iki 7 metų","82"
"6","Boružiukų","9","Nuo 5 iki 7 metų","82"
"9","Meškiukų","17","Nuo 2 iki 6 metų","82"
"11","Nykštukai","0","Nuo 3 iki 4 metų","82"
"13","Zuikučių ","0","Nuo 1,5 iki 3 metų","82"
"15","Drugelių ","0","Nuo 3 iki 4 metų","82"
"17","NAUJA (LOPŠELIS)","15","Nuo 1,5 iki 3 metų","82"
"18","NAUJA (LOPŠELIS)","15","Nuo 1,5 iki 3 metų","82"
"2","Rūtelė","14","Nuo 4 iki 7 metų","83"
"4","Gėlytės","0","Nuo 3 iki 5 metų","83"
"6","Boružė","13","Nuo 1,5 iki 3 metų","83"
"7","NAUJA (LOPŠELIS)","13","Nuo 1,5 iki 3 metų","83"
"3","ZUIKUČIAI","0","Nuo 5 iki 6 metų","84"
"4","DRUGELIAI","0","Nuo 5 iki 6 metų","84"
"6","ŽVIRBLIUKAI","10","Nuo 6 iki 7 metų","84"
"7","PELĖDŽIUKAI","10","Nuo 6 iki 7 metų","84"
"12","SAULUTĖS","19","Nuo 3 iki 4 metų","84"
"14","GANDRIUKAI","0","Nuo 5 iki 6 metų","84"
"15","AITVARELIAI","0","Nuo 4 iki 5 metų","84"
"17","SMALSUČIAI","0","Nuo 3 iki 4 metų","84"
"19","ŽIRNIUKAI ","19","Nuo 3 iki 4 metų","84"
"20","BORUŽĖLĖS","0","Nuo 1,5 iki 3 metų","84"
"21","VARPELIAI","0","Nuo 1,5 iki 3 metų","84"
"22","NYKŠTUKAI","14","Nuo 6 iki 7 metų","84"
"23","NAUJA (LOPŠELIS)","10","Nuo 1,5 iki 3 metų","84"
"24","NAUJA (LOPŠELIS)","15","Nuo 1,5 iki 3 metų","84"
"25","NAUJA DARŽELIS","14","Nuo 3 iki 4 metų","84"
"1","SMALSUČIŲ","0","Nuo 4 iki 5 metų","85"
"2","GUDRUČIŲ","0","Nuo 5 iki 7 metų","85"
"7","PABIRUČIŲ","0","Nuo 3 iki 4 metų","85"
"18","Drugelių","11","Nuo 6 iki 7 metų","86"
"3","Nykštukų","0","Nuo 3 iki 4 metų","86"
"6","Montesori","0","Nuo 3 iki 7 metų","86"
"9","Žirniukų","0","Nuo 5 iki 6 metų","86"
"11","Voveriukų ","0","Nuo 3 iki 4 metų","86"
"13","VALDOFRO 12","0","Nuo 3 iki 7 metų","86"
"14","VALDORFO 2","0","Nuo 3 iki 7 metų","86"
"16","Gudručiai","10","Nuo 6 iki 7 metų","86"
"17","Bitelių","0","Nuo 4 iki 5 metų","86"
"19","Pabiručių ","0","Nuo 1,5 iki 3 metų","86"
"21","Šnekučių","0","Nuo 3 iki 4 metų","86"
"22","NAUJA (LOPŠELIS)","6","Nuo 1,5 iki 3 metų","86"
"2","Priešmokyklinė","16","Nuo 5 iki 7 metų","87"
"4","Darželio mišraus amžiaus grupė","0","Nuo 3 iki 5 metų","87"
"6","NAUJA (LOPŠELIS)","0","Nuo 1,5 iki 3 metų","87"
"7","NAUJA (LOPŠELIS)","0","Nuo 1,5 iki 3 metų","87"
"1","Vieversėlių","0","Nuo 4 iki 5 metų","88"
"2","Spindulėlių","0","Nuo 3 iki 6 metų","88"
"3","Pasagėlių","0","Nuo 5 iki 6 metų","88"
"4","Švyturėlių","0","Nuo 3 iki 6 metų","88"
"6","Kodėlčiukų","0","Nuo 3 iki 6 metų","88"
"7","Gudručių","6","Nuo 6 iki 7 metų","88"
"8","Čiulbonėlių","9","Nuo 6 iki 7 metų","88"
"11","Verpstelių ","0","Nuo 3 iki 4 metų","88"
"21","Smalsučiai","0","Nuo 1,5 iki 3 metų","88"
"22","Čiauškučiai ","0","Nuo 1,5 iki 3 metų","88"
"24","Pabiručiai","0","Nuo 3 iki 4 metų","88"
"26","NAUJA (LOPŠELIS)","0","Nuo 1,5 iki 3 metų","88"
"1","KIŠKUČIAI","0","Nuo 4 iki 5 metų","89"
"2","PELIUKAI","0","Nuo 4 iki 5 metų","89"
"3","GUDRUČIAI","0","Nuo 5 iki 6 metų","89"
"4","ŽIRNIUKAI","0","Nuo 5 iki 6 metų","89"
"6","KODĖLČIUKAI","0","Nuo 6 iki 7 metų","89"
"7","ĄŽUOLIUKAI","0","Nuo 6 iki 7 metų","89"
"9","NYKŠTUKAI","0","Nuo 3 iki 7 metų","89"
"12","BORUŽIUKŲ","0","Nuo 3 iki 4 metų","89"
"14","DRUGELIAI","0","Nuo 3 iki 4 metų","89"
"17","OBUOLIUKAI","0","Nuo 1,5 iki 3 metų","89"
"18","BITUTĖS","0","Nuo 1,5 iki 3 metų","89"
"19","NAUJA (LOPŠELIS)","15","Nuo 1,5 iki 3 metų","89"
"20","NAUJA (LOPŠELIS)","12","Nuo 1,5 iki 3 metų","89"
"21","Varpelis","12","Nuo 6 iki 7 metų","90"
"20","Saulutės","0","Nuo 4 iki 5 metų","90"
"19","Raktelis","18","Nuo 5 iki 6 metų","90"
"18","Žvaigždutės","0","Nuo 5 iki 6 metų","90"
"17","Nykštukas","0","Nuo 4 iki 5 metų","90"
"14","Žirniukai","0","Nuo 3 iki 4 metų","90"
"12","Lašeliai","0","Nuo 3 iki 4 metų","90"
"22","Grūdelis","18","Nuo 6 iki 7 metų","90"
"23","Braškytė","0","Nuo 1,5 iki 3 metų","90"
"24","Boružėlės","17","Nuo 3 iki 4 metų","90"
"25","Saldainiukai","0","Iki 1,5 metų","90"
"33","NAUJA (LOPŠELIS)","8","Iki 1,5 metų","90"
"34","NAUJA (LOPŠELIS)","6","Nuo 1,5 iki 3 metų","90"
"2","EŽIUKAI","0","Nuo 4 iki 5 metų","91"
"3","BITUTĖS","0","Nuo 5 iki 6 metų","91"
"4","NYKŠTUKAI","0","Nuo 5 iki 6 metų","91"
"5","PELĖDŽIUKAI","0","Nuo 6 iki 7 metų","91"
"6","DRUGELIAI","0","Nuo 6 iki 7 metų","91"
"12","GĖLYTĖS","0","Nuo 3 iki 4 metų","91"
"13","BORUŽĖLĖS","0","Nuo 3 iki 4 metų","91"
"14","SKRUZDĖLIUKAI","0","Nuo 4 iki 5 metų","91"
"16","ŽVIRBLIUKŲ","19","Nuo 3 iki 4 metų","91"
"17","ZUIKUČIŲ","0","Nuo 1,5 iki 3 metų","91"
"18","VARLIUKŲ","0","Nuo 1,5 iki 3 metų","91"
"20","ŽIOGELIŲ","19","Nuo 3 iki 4 metų","91"
"21","NAUJA (LOPŠELIS)","0","Nuo 1,5 iki 3 metų","91"
"22","NAUJA DARŽELIS","20","Nuo 3 iki 4 metų","91"
"1","ZUIKUČIŲ (SPEC.)","20","Nuo 3 iki 5 metų","92"
"2","PAUKŠČIUKŲ","0","Nuo 1,5 iki 3 metų","92"
"6","LINKSMOJI ŠEIMYNĖLĖ (SPEC)","6","Nuo 6 iki 7 metų","92"
"8","NYKŠTUKŲ","0","Nuo 4 iki 5 metų","92"
"10","LAŠELIŲ","0","Nuo 6 iki 7 metų","92"
"13","KAČIUKAI (SPEC)","8","Nuo 5 iki 6 metų","92"
"14","ŽVAIGŽDUTĖS  (SPEC)","18","Nuo 6 iki 7 metų","92"
"15","ANČIUKAI (SPEC)","15","Nuo 4 iki 5 metų","92"
"16","TIGRIUKAI","0","Nuo 3 iki 4 metų","92"
"17","EŽIUKŲ (SPEC)","17","Nuo 5 iki 6 metų","92"
"20","BORUŽIUKŲ (SPEC)","8","Nuo 6 iki 7 metų","92"
"23","SAULYTĖS","12","Nuo 3 iki 4 metų","92"
"1","RAMUNĖLIŲ","0","Nuo 4 iki 5 metų","93"
"2","VARPELIŲ","0","Nuo 4 iki 5 metų","93"
"3","DRUGELIŲ","0","Nuo 5 iki 6 metų","93"
"4","KODĖLČIUKŲ","0","Nuo 5 iki 6 metų","93"
"7","LINELIS","4","Nuo 6 iki 7 metų","93"
"9","SAULUTĖS","7","Nuo 6 iki 7 metų","93"
"12","BITUTĖS","0","Nuo 3 iki 4 metų","93"
"13","DOBILIUKAI","0","Nuo 3 iki 4 metų","93"
"22","PUPYČIŲ","0","Nuo 1,5 iki 3 metų","93"
"23","ŽIRNIUKŲ","0","Nuo 1,5 iki 3 metų","93"
"24","BORUŽĖLIŲ","20","Nuo 3 iki 5 metų","93"
"25","NAUJA (LOPŠELIS)","15","Nuo 1,5 iki 3 metų","93"
"26","NAUJA (LOPŠELIS)","15","Nuo 1,5 iki 3 metų","93"
"3","Ančiukų","0","Nuo 5 iki 6 metų","94"
"4","Drugeliai","0","Nuo 4 iki 5 metų","94"
"5","Pelėdžiukai","8","Nuo 6 iki 7 metų","94"
"6","Voveriukai","0","Nuo 4 iki 5 metų","94"
"7","Bitučių","0","Nuo 5 iki 6 metų","94"
"11","Zylutės","7","Nuo 6 iki 7 metų","94"
"12","Meškučių","0","Nuo 3 iki 4 metų","94"
"13","Nykštukų","0","Nuo 3 iki 4 metų","94"
"18","Ežiukai","0","Nuo 4 iki 5 metų","94"
"19","Boružiukų ","0","Nuo 1,5 iki 3 metų","94"
"20","Zuikučių ","0","Nuo 1,5 iki 3 metų","94"
"21","NAUJA (LOPŠELIS)","0","Nuo 1,5 iki 3 metų","94"
"1","Kodėlčiukai","0","Nuo 4 iki 5 metų","95"
"2","Saulutės","0","Nuo 4 iki 5 metų","95"
"3","Zuikučiai","0","Nuo 5 iki 6 metų","95"
"4","Vėžliukai","0","Nuo 5 iki 6 metų","95"
"5","Linksmieji nykštukai","0","Nuo 5 iki 6 metų","95"
"11","Kačiukų trobelė","15","Nuo 6 iki 7 metų","95"
"12","Ežiukai","13","Nuo 6 iki 7 metų","95"
"13","Gudručių šalis","0","Nuo 3 iki 4 metų","95"
"14","Lapučių mokyklėlė","20","Nuo 3 iki 4 metų","95"
"19","VOVERIUKAI ","0","Nuo 1,5 iki 3 metų","95"
"20","MEŠKUČIAI","0","Nuo 1,5 iki 3 metų","95"
"21","PELIUKAI","0","Nuo 1,5 iki 3 metų","95"
"22","NAUJA (LOPŠELIS)","0","Nuo 1,5 iki 3 metų","95"
"23","NAUJA (LOPŠELIS)","0","Nuo 1,5 iki 3 metų","95"
"2","PUMPURĖLIAI","0","Nuo 5 iki 6 metų","96"
"3","SAULUTĖS","0","Nuo 3 iki 5 metų","96"
"4","PRIEŠMOKYKLINĖ","12","Nuo 6 iki 7 metų","96"
"7","LOPŠELIS","0","Nuo 1,5 iki 3 metų","96"
"8","NAUJA (LOPŠELIS)","12","Nuo 1,5 iki 3 metų","96"
"21","LAŠIUKAI","3","Nuo 6 iki 7 metų","97"
"3","BITUTĖS","0","Nuo 3 iki 5 metų","97"
"4","BORUŽĖLĖS","0","Nuo 5 iki 6 metų","97"
"10","KAČIUKAI","0","Nuo 3 iki 4 metų","97"
"11","KIŠKUČIAI","0","Nuo 1,5 iki 3 metų","97"
"12","NYKŠTUKAI","0","Nuo 1,5 iki 3 metų","97"
"13","PELIUKAI","0","Nuo 1,5 iki 3 metų","97"
"14","AGUONOS","0","Nuo 4 iki 5 metų","97"
"15","LAPIUKŲ","0","Nuo 3 iki 5 metų","97"
"16","PELĖDŽIUKAI","0","Nuo 5 iki 7 metų","97"
"22","NAUJA (LOPŠELIS)","12","Nuo 1,5 iki 3 metų","97"
"23","NAUJA (LOPŠELIS)","0","Nuo 1,5 iki 3 metų","97"
"24","NAUJA (LOPŠELIS)","0","Nuo 1,5 iki 3 metų","97"
"2","Nykštukai","20","Nuo 4 iki 5 metų","98"
"3","Širdelė mergaičių estetinio lavinimo grupė","0","Nuo 3 iki 6 metų","98"
"4","Meškiukai","20","Nuo 5 iki 6 metų","98"
"5","Sauliukai","8","Nuo 6 iki 7 metų","98"
"6","Smalsučiai","3","Nuo 6 iki 7 metų","98"
"8","Pelėdžiukai ","0","Nuo 4 iki 5 metų","98"
"10","Katinėliai","17","Nuo 5 iki 6 metų","98"
"13","Ančiukai","0","Nuo 1,5 iki 3 metų","98"
"14","Vyturiukai ","0","Nuo 3 iki 4 metų","98"
"18","Voveriukai","20","Nuo 4 iki 5 metų","98"
"22","DRUGELIAI ","0","Iki 1,5 metų","98"
"23","Zuikučiai","19","Nuo 4 iki 5 metų","98"
"24","NAUJA (LOPŠELIS)","0","Nuo 1,5 iki 3 metų","98"
"2","Kiškučiai","0","Nuo 3 iki 4 metų","99"
"3","Nykštukai","0","Nuo 2 iki 4 metų","99"
"6","Saulutės","14","Nuo 6 iki 7 metų","99"
"9","Drugeliai","15","Nuo 6 iki 7 metų","99"
"10","Ežiukai","16","Nuo 4 iki 6 metų","99"
"11","Bitutės","10","Nuo 3 iki 6 metų","99"
"12","Žirniukai","0","Nuo 1,5 iki 3 metų","99"
"17","Žvirbliukai","0","Nuo 1,5 iki 3 metų","99"
"19","Ramunėlės","0","Nuo 5 iki 6 metų","99"
"20","Pipirai","20","Nuo 5 iki 6 metų","99"
"21","Meškučiai","0","Nuo 4 iki 5 metų","99"
"25","NAUJA (LOPŠELIS)","13","Nuo 1,5 iki 3 metų","99"
"26","NAUJA (LOPŠELIS)","0","Nuo 1,5 iki 3 metų","99"
"27","NAUJA DARŽELIS","11","Nuo 2 iki 4 metų","99"
"28","NAUJA DARŽELIS","15","Nuo 3 iki 4 metų","99"
"29","NAUJA DARŽELIS","10","Nuo 3 iki 6 metų","99"
"1","Viščiukų","0","Nuo 4 iki 5 metų","100"
"2","Riešutėliai ","19","Nuo 3 iki 4 metų","100"
"5","Ežiukai","0","Nuo 5 iki 6 metų","100"
"6","Pelėdžiukai","0","Nuo 6 iki 7 metų","100"
"7","Meškiukai","0","Nuo 5 iki 7 metų","100"
"11","Kiškučiai","0","Nuo 3 iki 4 metų","100"
"13","Voveriukų","0","Nuo 4 iki 5 metų","100"
"15","Saulutės","0","Nuo 3 iki 4 metų","100"
"16","Boruželės ","0","Nuo 1,5 iki 3 metų","100"
"18","Bitutės ","19","Nuo 3 iki 4 metų","100"
"19","Drugelių","0","Nuo 1,5 iki 3 metų","100"
"20","NAUJA (LOPŠELIS)","7","Nuo 1,5 iki 3 metų","100"
"21","NAUJA DARŽELIS","12","Nuo 3 iki 4 metų","100"
"1","Geniukų","0","Nuo 4 iki 5 metų","101"
"2","Svirpliukų","0","Nuo 6 iki 7 metų","101"
"4","Bitučių","15","Nuo 5 iki 6 metų","101"
"5","Boružėlių","0","Nuo 4 iki 5 metų","101"
"8","Drugelių","15","Nuo 5 iki 6 metų","101"
"12","Ežiukų","0","Nuo 3 iki 4 metų","101"
"13","Žirniukų","0","Nuo 3 iki 4 metų","101"
"22","Skruzdeliukų","0","Nuo 3 iki 4 metų","101"
"24","Pelėdžiukų","0","Nuo 1,5 iki 3 metų","101"
"25","Vyturėlių","0","Nuo 3 iki 4 metų","101"
"27","Aitvarų","0","Nuo 1,5 iki 3 metų","101"
"28","Voveriukų","0","Nuo 1,5 iki 3 metų","101"
"29","NAUJA (LOPŠELIS)","15","Nuo 1,5 iki 3 metų","101"
"30","NAUJA (LOPŠELIS)","15","Nuo 1,5 iki 3 metų","101"
"1","SAULUTĖS","0","Nuo 4 iki 5 metų","102"
"3","ŽIBUTĖ","0","Nuo 6 iki 7 metų","102"
"4","ŽIRNIUKAI","0","Nuo 5 iki 6 metų","102"
"5","BITUTĖS","0","Nuo 4 iki 7 metų","102"
"8","DRUGELIAI","0","Nuo 5 iki 7 metų","102"
"10","NEUŽMIRŠTUOLĖS","0","Nuo 2 iki 4 metų","102"
"12","OBUOLIUKAI","0","Nuo 3 iki 5 metų","102"
"14","SAULĖGRĄŽA","0","Nuo 3 iki 4 metų","102"
"17","BORUŽĖLĖS","0","Nuo 4 iki 5 metų","102"
"19","NYKŠTUKAS","0","Nuo 1,5 iki 3 metų","102"
"20","UOGELĖ","0","Nuo 1,5 iki 3 metų","102"
"22","VARPELIAI","0","Nuo 3 iki 4 metų","102"
"24","NAUJA (LOPŠELIS)","0","Nuo 1,5 iki 3 metų","102"
"25","NAUJA (LOPŠELIS)","8","Nuo 1,5 iki 3 metų","102"
"26","NAUJA (LOPŠELIS)","8","Nuo 2 iki 4 metų","102"
"1","SMALSUČIAI","0","Nuo 5 iki 6 metų","103"
"2","KŪLVERSTUKAI","0","Nuo 5 iki 6 metų","103"
"3","KODĖLČIUKAI","15","Nuo 1,5 iki 3 metų","103"
"4","BORUŽĖLĖS","0","Nuo 1,5 iki 3 metų","103"
"5","VYTURĖLIAI","8","Nuo 6 iki 7 metų","103"
"6","PABIRUČIAI (LOGOPEDINĖ)","10","Nuo 3 iki 6 metų","103"
"7","GUDRUČIAI","0","Nuo 4 iki 5 metų","103"
"11","SEKLYTĖLĖ","9","Nuo 6 iki 7 metų","103"
"13","VARPELIAI (LOGOPEDINĖ)","3","Nuo 6 iki 7 metų","103"
"16","KIŠKUČIŲ","0","Nuo 3 iki 4 metų","103"
"17","ŽVIRBLIUKAI","0","Nuo 3 iki 4 metų","103"
"21","SAULUTĖS","0","Nuo 4 iki 5 metų","103"
"22","NAUJA (LOPŠELIS)","13","Nuo 1,5 iki 3 metų","103"
"23","NAUJA (LOPŠELIS)","13","Nuo 1,5 iki 3 metų","103"
"24","NAUJA DARŽELIS","11","Nuo 3 iki 4 metų","103"
"1","Kiškučiai","0","Nuo 3 iki 4 metų","104"
"2","Boružėlės","0","Nuo 4 iki 5 metų","104"
"3","Bitutės","0","Nuo 5 iki 6 metų","104"
"4","Drugeliai","0","Nuo 6 iki 7 metų","104"
"7","Pėledžiukai","0","Nuo 3 iki 4 metų","104"
"10","Kačiukų","0","Nuo 1,5 iki 3 metų","104"
"11","NAUJA (LOPŠELIS)","13","Nuo 1,5 iki 3 metų","104"
"1","GIRINUKŲ","0","Nuo 4 iki 5 metų","105"
"2","VYTURIUKŲ","0","Nuo 4 iki 5 metų","105"
"3","DRUGELIŲ","0","Nuo 5 iki 6 metų","105"
"4","GENIUKŲ","0","Nuo 5 iki 6 metų","105"
"5","VOVERIUKŲ","5","Nuo 6 iki 7 metų","105"
"6","PĖLEDŽIUKŲ","11","Nuo 6 iki 7 metų","105"
"10","BITUČIŲ (LOGOPEDINĖ)","12","Nuo 3 iki 6 metų","105"
"11","BORUŽIUKŲ (LOGOPEDINĖ)","10","Nuo 3 iki 6 metų","105"
"12","MEŠKUČIŲ","0","Nuo 3 iki 4 metų","105"
"17","KIŠKUČIŲ","0","Nuo 1,5 iki 3 metų","105"
"18","SVIRPLIUKŲ","0","Nuo 1,5 iki 3 metų","105"
"19","NAUJA (LOPŠELIS)","14","Nuo 1,5 iki 3 metų","105"
"20","NAUJA (LOPŠELIS)","14","Nuo 1,5 iki 3 metų","105"
"1","BORUŽIUKAI","0","Nuo 4 iki 5 metų","106"
"2","GĖLYTĖS","7","Nuo 5 iki 6 metų","106"
"3","DRUGELIAI","0","Nuo 3 iki 4 metų","106"
"4","ŽIRNIUKAI","0","Nuo 1,5 iki 3 metų","106"
"6","PAUKŠČIUKAI","0","Nuo 3 iki 4 metų","106"
"15","NAUJA (LOPŠELIS)","14","Nuo 1,5 iki 3 metų","106"
"1","Daigelis(šatil)","0","Nuo 2 iki 4 metų","107"
"2","Pienė (savjon)","0","Nuo 4 iki 7 metų","107"
"9","NAUJA (LOPŠELIS)","5","Nuo 2 iki 4 metų","107"
"1","BERŽELIS","0","Nuo 4 iki 5 metų","108"
"3","ŠYPSENA","6","Nuo 6 iki 7 metų","108"
"4","NYKŠTUKAI","0","Nuo 4 iki 6 metų","108"
"6","PAGRANDUKAS","9","Nuo 6 iki 7 metų","108"
"7","RAMUNĖLIŲ","0","Nuo 4 iki 5 metų","108"
"11","PASAKAITĖ","20","Nuo 5 iki 6 metų","108"
"13","VARPELIAI","20","Nuo 3 iki 4 metų","108"
"14","GRŪDELIS","20","Nuo 3 iki 4 metų","108"
"15","JONVABALIS","20","Nuo 3 iki 5 metų","108"
"18","SMALSUČIAI","21","Nuo 3 iki 4 metų","108"
"19","BITUTĖS","0","Nuo 1,5 iki 3 metų","108"
"20","RIEŠUTĖLIAI","0","Nuo 1,5 iki 3 metų","108"
"23","NAUJA","2","Nuo 1,5 iki 3 metų","108"
"24","NAUJA (LOPŠELIS)","16","Nuo 1,5 iki 3 metų","108"
"25","NAUJA (LOPŠELIS)","14","Nuo 1,5 iki 3 metų","108"
"2","SVIRPLIUKŲ","0","Nuo 4 iki 5 metų","109"
"3","GANDRIUKŲ","0","Nuo 5 iki 6 metų","109"
"4","VYTURIUKŲ","0","Nuo 5 iki 6 metų","109"
"5","GENIUKŲ","0","Nuo 5 iki 7 metų","109"
"6","BITUČIŲ","0","Nuo 6 iki 7 metų","109"
"11","BORUŽĖLIŲ","0","Nuo 1,5 iki 3 metų","109"
"12","SKRUZDĖLIUKŲ","0","Nuo 4 iki 5 metų","109"
"14","ŽVIRBLIUKŲ","0","Nuo 1,5 iki 3 metų","109"
"15","ŽIOGELIŲ","0","Nuo 1,5 iki 3 metų","109"
"16","STRAZDELIŲ","14","Nuo 1,5 iki 3 metų","109"
"21","DRUGELIŲ","0","Nuo 3 iki 4 metų","109"
"20","PELĖDŽIUKŲ","0","Nuo 3 iki 4 metų","109"
"22","NAUJA (LOPŠELIS)","0","Nuo 1,5 iki 3 metų","109"
"23","NAUJA (LOPŠELIS)","0","Nuo 1,5 iki 3 metų","109"
"1","Žibuoklės","0","Nuo 4 iki 5 metų","110"
"2","Aitvarų","0","Nuo 4 iki 5 metų","110"
"3","Sraigiukų","0","Nuo 5 iki 6 metų","110"
"4","Saulučių","0","Nuo 4 iki 6 metų","110"
"5","Viščiukų","19","Nuo 5 iki 6 metų","110"
"10","Boružėlių","12","Nuo 6 iki 7 metų","110"
"12","Zuikių","5","Nuo 6 iki 7 metų","110"
"13","Nykštukų","20","Nuo 3 iki 4 metų","110"
"14","Katinėlių","20","Nuo 3 iki 4 metų","110"
"15","PELĖDŽIUKAI","11","Nuo 6 iki 7 metų","110"
"19","Pingvinukai","15","Nuo 1,5 iki 3 metų","110"
"20","Voverikų","0","Nuo 1,5 iki 3 metų","110"
"21","NAUJA (LOPŠELIS)","15","Nuo 1,5 iki 3 metų","110"
"22","NAUJA (LOPŠELIS)","15","Nuo 1,5 iki 3 metų","110"
"23","NAUJA DARŽELIS","0","Nuo 3 iki 4 metų","110"
"2","SAULUTĖS","0","Nuo 3 iki 5 metų","111"
"3","DRUGELIAI","0","Nuo 4 iki 6 metų","111"
"4","BITUTĖS","18","Nuo 5 iki 7 metų","111"
"7","VARPELIAI","0","Nuo 1,5 iki 3 metų","111"
"8","NAUJA (LOPŠELIS)","12","Nuo 1,5 iki 3 metų","111"
"1","NYKŠTUKAI","9","Nuo 3 iki 5 metų","112"
"2","SAULUTĖ","0","Nuo 4 iki 5 metų","112"
"4","SPINDULĖLIAI","0","Nuo 5 iki 6 metų","112"
"5","GINTARĖLIAI","0","Nuo 4 iki 5 metų","112"
"9","ČIPOLINO","5","Nuo 5 iki 7 metų","112"
"10","BORUŽĖLĖS","18","Nuo 5 iki 7 metų","112"
"21","DRUGELIAI","17","Nuo 6 iki 7 metų","112"
"16","GAIDELIAI","15","Nuo 3 iki 4 metų","112"
"19","ŽUVELĖS","0","Nuo 3 iki 4 metų","112"
"20","RIEŠUTĖLIAI","0","Nuo 5 iki 6 metų","112"
"22","VIŠČIUKAI","0","Nuo 1,5 iki 3 metų","112"
"23","MEŠKIUKAI","0","Nuo 1,5 iki 3 metų","112"
"24","NAUJA (LOPŠELIS)","0","Nuo 1,5 iki 3 metų","112"
"25","NAUJA (LOPŠELIS)","0","Nuo 1,5 iki 3 metų","112"
"26","NAUJA DARŽELIS","12","Nuo 3 iki 5 metų","112"
"3","Žiogelių","0","Nuo 3 iki 4 metų","113"
"4","Šeimynėlės","0","Nuo 5 iki 6 metų","113"
"5","Genelio","0","Nuo 6 iki 7 metų","113"
"6","Vikruolių","20","Nuo 6 iki 7 metų","113"
"7","Vyturėlių","0","Nuo 6 iki 7 metų","113"
"8","Varpelio","0","Nuo 4 iki 6 metų","113"
"9","Pelėdžiukų","0","Nuo 4 iki 5 metų","113"
"10","Saulutės","0","Nuo 5 iki 6 metų","113"
"11","Bitutės","0","Nuo 3 iki 5 metų","113"
"13","Mažylių","0","Nuo 1,5 iki 3 metų","113"
"14","Pabiručių","0","Nuo 1,5 iki 3 metų","113"
"18","NAUJA (LOPŠELIS)","0","Nuo 1,5 iki 3 metų","113"
"19","NAUJA (LOPŠELIS)","10","Nuo 1,5 iki 3 metų","113"
"20","NAUJA DARŽELIS","20","Nuo 3 iki 4 metų","113"
"21","NAUJA DARŽELIS","10","Nuo 3 iki 4 metų","113"
"3","Saulėgrąža","0","Nuo 5 iki 6 metų","114"
"4","Nykštukai","12","Nuo 6 iki 7 metų","114"
"5","Saulutė","19","Nuo 6 iki 7 metų","114"
"7","Gintarėlis","20","Nuo 4 iki 6 metų","114"
"11","Žvaigždutė","19","Nuo 3 iki 4 metų","114"
"12","EŽIUKAI","0","Nuo 3 iki 4 metų","114"
"13","Boružėlė","0","Nuo 4 iki 6 metų","114"
"15","Bitutė","0","Nuo 4 iki 5 metų","114"
"19","Meškiukai","20","Nuo 3 iki 4 metų","114"
"20","Laivelis","0","Nuo 1,5 iki 3 metų","114"
"21","Varpelis","0","Nuo 1,5 iki 3 metų","114"
"22","NAUJA (LOPŠELIS)","15","Nuo 1,5 iki 3 metų","114"
"23","NAUJA (LOPŠELIS)","14","Nuo 1,5 iki 3 metų","114"
"1","MOLINUKAI","0","Nuo 4 iki 5 metų","115"
"2","ŠIAUDINUKAI","0","Nuo 5 iki 7 metų","115"
"4","TOŠINUKAI","23","Nuo 5 iki 7 metų","115"
"5","ODINUKAI","0","Nuo 6 iki 7 metų","115"
"6","KRIAUKLELĖS","21","Nuo 3 iki 5 metų","115"
"7","VYTINUKAI","12","Nuo 5 iki 6 metų","115"
"9","GINTARĖLIAI","10","Nuo 6 iki 7 metų","115"
"12","AKMENUKAI","0","Nuo 5 iki 7 metų","115"
"13","SIŪLINUKAI","0","Nuo 4 iki 5 metų","115"
"20","VYTINUKAI NAUJA","0","Nuo 3 iki 4 metų","115"
"21","MEDINUKAi","14","Nuo 1,5 iki 3 metų","115"
"23","SKUDURINUKAI NAUJA","0","Nuo 1,5 iki 3 metų","115"
"24","PAGRANDUKAI NAUJA","14","Nuo 1,5 iki 3 metų","115"
"25","GINTARĖLIAI NAUJA","19","Nuo 4 iki 5 metų","115"
"1","NYKŠTUKAI","20","Nuo 3 iki 4 metų","116"
"2","SPINDULIUKAI","22","Nuo 4 iki 5 metų","116"
"3","SKRUZDELIUKAI","14","Nuo 5 iki 6 metų","116"
"4","Bitutės","9","Nuo 6 iki 7 metų","116"
"8","MEŠKIUKAI","13","Nuo 1,5 iki 3 metų","116"
"9","BORUŽĖLĖS","13","Nuo 1,5 iki 3 metų","116"
"12","NAUJA (LOPŠELIS)","15","Nuo 1,5 iki 3 metų","116"
"2","DRUGELIŲ","0","Nuo 3 iki 4 metų","117"
"4","Kačiukų","0","Nuo 4 iki 5 metų","117"
"6","Pėlėdžiukų","0","Nuo 6 iki 7 metų","117"
"9","Boružėlių","0","Nuo 3 iki 4 metų","117"
"10","Meškučių","0","Nuo 1,5 iki 3 metų","117"
"11","Viščiukų","14","Nuo 1,5 iki 3 metų","117"
"12","NAUJA (LOPŠELIS)","12","Nuo 1,5 iki 3 metų","117"
"13","NAUJA (LOPŠELIS)","13","Nuo 1,5 iki 3 metų","117"
"3","VYTURĖLIŲ","0","Nuo 4 iki 5 metų","118"
"4","KAČIUKŲ","0","Nuo 4 iki 5 metų","118"
"5","BITUČIŲ","0","Nuo 5 iki 6 metų","118"
"6","DRUGELIŲ","0","Nuo 5 iki 6 metų","118"
"7","EŽIUKŲ","0","Nuo 5 iki 6 metų","118"
"8","BORUŽĖLIŲ","13","Nuo 6 iki 7 metų","118"
"10","SPINDULIUKŲ","0","Nuo 6 iki 7 metų","118"
"12","ŽVIRBLIUKŲ","0","Nuo 5 iki 6 metų","118"
"14","PELĖDŽIUKŲ","14","Nuo 6 iki 7 metų","118"
"15","VARPELIŲ","19","Nuo 3 iki 4 metų","118"
"16","SAULUČIŲ","0","Nuo 3 iki 4 metų","118"
"19","LAPIUKŲ","0","Nuo 1,5 iki 3 metų","118"
"20","NYKŠTUKŲ","0","Nuo 1,5 iki 3 metų","118"
"21","NAUJA (LOPŠELIS)","12","Nuo 1,5 iki 3 metų","118"
"22","NAUJA DARŽELIS","0","Nuo 3 iki 4 metų","118"
"1","Žiogelis","0","Nuo 4 iki 5 metų","119"
"2","Rūtelė","0","Nuo 4 iki 5 metų","119"
"3","Voveraitė","18","Nuo 5 iki 6 metų","119"
"4","Saulutė","0","Nuo 5 iki 6 metų","119"
"5","Žibutė","20","Nuo 5 iki 6 metų","119"
"6","Ąžuoliukas ","18","Nuo 6 iki 7 metų","119"
"7","Žemuogėlė ","13","Nuo 6 iki 7 metų","119"
"12","Vyturėlis ","0","Nuo 3 iki 4 metų","119"
"14","Varpelis ","18","Nuo 4 iki 5 metų","119"
"16","Boružėlių ","0","Nuo 1,5 iki 3 metų","119"
"17","Malūnelis ","0","Nuo 1,5 iki 3 metų","119"
"18","Riešutėlis ","0","Nuo 3 iki 4 metų","119"
"19","NAUJA (LOPŠELIS)","15","Nuo 1,5 iki 3 metų","119"
"20","NAUJA (LOPŠELIS)","15","Nuo 1,5 iki 3 metų","119"
"1","ŽUVĖDRŲ","0","Nuo 4 iki 5 metų","120"
"2","RUONIUKŲ","0","Nuo 5 iki 6 metų","120"
"4","ŽUVYČIŲ","9","Nuo 6 iki 7 metų","120"
"5","PERLIUKŲ","0","Nuo 4 iki 5 metų","120"
"7","ANČIUKŲ","0","Nuo 5 iki 6 metų","120"
"8","VĖŽLIUKŲ","0","Nuo 4 iki 5 metų","120"
"10","AŠTUNKOJŲ","17","Nuo 6 iki 7 metų","120"
"11","GANDRIUKŲ","9","Nuo 6 iki 7 metų","120"
"13","ŽĄSIUKAI","0","Nuo 3 iki 4 metų","120"
"14","PURIENŲ","0","Nuo 3 iki 4 metų","120"
"17","VARLIUKAI","0","Nuo 1,5 iki 3 metų","120"
"18","PINGVINAI","0","Nuo 1,5 iki 3 metų","120"
"19","NAUJA (LOPŠELIS)","0","Nuo 1,5 iki 3 metų","120"
"1","NYKŠTUKAI","0","Nuo 4 iki 5 metų","121"
"2","SPINDULIUKŲ su Valdorfo elementais","0","Nuo 3 iki 5 metų","121"
"3","SMALSUČIŲ","7","Nuo 6 iki 7 metų","121"
"4","GINTARĖLIAI","24","Nuo 4 iki 5 metų","121"
"6","PELĖDŽIUKAI","0","Nuo 5 iki 6 metų","121"
"9","AITVARIUKŲ","11","Nuo 6 iki 7 metų","121"
"11","BORUŽĖLIŲ","0","Nuo 5 iki 6 metų","121"
"12","ZUIKUČIŲ","7","Nuo 6 iki 7 metų","121"
"15","BITUTĖS","0","Nuo 3 iki 4 metų","121"
"18","DRUGELIAI","0","Nuo 3 iki 4 metų","121"
"21","LAŠIUKŲ","0","Nuo 1,5 iki 3 metų","121"
"22","ŽIRNIUKŲ","0","Nuo 1,5 iki 3 metų","121"
"23","NAUJA (LOPŠELIS)","0","Nuo 1,5 iki 3 metų","121"
"24","NAUJA DARŽELIS","14","Nuo 3 iki 4 metų","121"
"3","Pumpurėliai","0","Nuo 4 iki 5 metų","122"
"6","Drugeliai","0","Nuo 6 iki 7 metų","122"
"8","Malūnėlis","0","Nuo 4 iki 5 metų","122"
"10","Žvaigždutės","0","Nuo 4 iki 5 metų","122"
"11","Varpeliai","0","Nuo 5 iki 7 metų","122"
"13","Pelėdžiukų","18","Nuo 3 iki 4 metų","122"
"14","Skruzdeliukų","0","Nuo 4 iki 5 metų","122"
"15","Pieštukų","0","Nuo 2 iki 4 metų","122"
"16","Ramunėlių","0","Nuo 4 iki 6 metų","122"
"19","Nykštukai","25","Nuo 3 iki 4 metų","122"
"21","BITUTĖS","0","Nuo 1,5 iki 3 metų","122"
"24","Boruželės","0","Nuo 1,5 iki 3 metų","122"
"25","NAUJA (LOPŠELIS)","15","Nuo 1,5 iki 3 metų","122"
"26","NAUJA (LOPŠELIS)","9","Nuo 2 iki 4 metų","122"
"27","NAUJA (LOPŠELIS)","0","Nuo 1,5 iki 3 metų","122"
"5","Debesėlių","0","Nuo 4 iki 5 metų","123"
"7","Zuikių","19","Nuo 5 iki 6 metų","123"
"8","Drugelių","0","Nuo 4 iki 5 metų","123"
"9","Do-re-mi","0","Nuo 5 iki 6 metų","123"
"10","Smalsučių","13","Nuo 6 iki 7 metų","123"
"11","Gudručių","8","Nuo 6 iki 7 metų","123"
"13","Kodėlčių","0","Nuo 3 iki 4 metų","123"
"14","Paukštelių","14","Nuo 1,5 iki 3 metų","123"
"15","Viščiukų","0","Nuo 1,5 iki 3 metų","123"
"18","Nykštukų","0","Nuo 3 iki 4 metų","123"
"19","Meškiukų","0","Iki 1,5 metų","123"
"20","Ąžuoliukų","0","Nuo 1,5 iki 3 metų","123"
"21","NAUJA (LOPŠELIS)","12","Nuo 1,5 iki 3 metų","123"
"22","NAUJA (LOPŠELIS)","10","Iki 1,5 metų","123"
"3","Lakštutė","0","Nuo 5 iki 6 metų","124"
"4","Vyturėlis","0","Nuo 5 iki 6 metų","124"
"5","Pagrandukas","3","Nuo 6 iki 7 metų","124"
"6","Bitutė","7","Nuo 6 iki 7 metų","124"
"7","Šaltinėlis","6","Nuo 6 iki 7 metų","124"
"13","Riešutėllis","18","Nuo 3 iki 4 metų","124"
"14","Nykštukas","18","Nuo 3 iki 4 metų","124"
"15","Pieštukas","0","Nuo 4 iki 5 metų","124"
"16","Voverytė","19","Nuo 4 iki 5 metų","124"
"17","Kodėlčiukas","0","Nuo 4 iki 5 metų","124"
"18","Žirniukas","0","Nuo 1,5 iki 3 metų","124"
"19","Pipiras","0","Nuo 1,5 iki 3 metų","124"
"20","NAUJA (LOPŠELIS)","15","Nuo 1,5 iki 3 metų","124"
"21","NAUJA (LOPŠELIS)","7","Nuo 1,5 iki 3 metų","124"
"22","NAUJA DARŽELIS","19","Nuo 3 iki 4 metų","124"
"23","NAUJA DARŽELIS","11","Nuo 3 iki 4 metų","124"
"1","GAIDELIAI","0","Nuo 4 iki 5 metų","125"
"6","SAULUTĖ","0","Nuo 3 iki 5 metų","125"
"7","NYKŠTUKAI","0","Nuo 4 iki 5 metų","125"
"8","BURATINAS","19","Nuo 5 iki 6 metų","125"
"9","GINTARĖLIAI","0","Nuo 4 iki 7 metų","125"
"10","RAMUNĖLĖS","17","Nuo 5 iki 7 metų","125"
"11","KODELČIUKŲ","13","Nuo 6 iki 7 metų","125"
"12","ŽIRNIUKAI","0","Nuo 3 iki 4 metų","125"
"14","VARPELIAI","15","Nuo 1,5 iki 3 metų","125"
"15","BORUŽĖLĖS","0","Nuo 3 iki 4 metų","125"
"19","SVEIKUOLIAI","0","Nuo 1,5 iki 3 metų","125"
"20","ŠIRDELĖS","0","Nuo 1,5 iki 3 metų","125"
"21","NAUJA (LOPŠELIS)","15","Nuo 1,5 iki 3 metų","125"
"22","NAUJA (LOPŠELIS)","14","Nuo 1,5 iki 3 metų","125"
"23","NAUJA (LOPŠELIS)","14","Nuo 1,5 iki 3 metų","125"
"1","Drugeliai","0","Nuo 4 iki 5 metų","126"
"4","Bitučių","0","Nuo 4 iki 5 metų","126"
"5","Boružėlių","0","Nuo 5 iki 6 metų","126"
"8","Gandriukų","0","Nuo 5 iki 6 metų","126"
"10","Aitvariukai","18","Nuo 6 iki 7 metų","126"
"11","Geniukų","17","Nuo 6 iki 7 metų","126"
"12","Saulutės","15","Nuo 6 iki 7 metų","126"
"13","Lapiukų","0","Nuo 3 iki 4 metų","126"
"14","Voveriukai","0","Nuo 3 iki 4 metų","126"
"20","Triušikai","0","Nuo 1,5 iki 3 metų","126"
"21","Kiškučiai","0","Nuo 1,5 iki 3 metų","126"
"22","Nykštukų","0","Nuo 1,5 iki 3 metų","126"
"23","NAUJA (LOPŠELIS)","0","Nuo 1,5 iki 3 metų","126"
"24","NAUJA (LOPŠELIS)","0","Nuo 1,5 iki 3 metų","126"
"25","NAUJA (LOPŠELIS)","13","Nuo 1,5 iki 3 metų","126"
"26","NAUJA DARŽELIS","14","Nuo 3 iki 4 metų","126"
"1","ŽVIRBLIUKŲ","19","Nuo 4 iki 5 metų","127"
"2","VOVERIUKŲ","0","Nuo 4 iki 5 metų","127"
"3","KIŠKUČIŲ","19","Nuo 5 iki 6 metų","127"
"4","KODĖLČIUKŲ","16","Nuo 5 iki 6 metų","127"
"5","MEŠKIUKŲ","18","Nuo 5 iki 6 metų","127"
"6","BORUŽĖLIŲ","12","Nuo 6 iki 7 metų","127"
"12","PELĖDŽIUKŲ","7","Nuo 5 iki 7 metų","127"
"14","DRUGELIŲ","17","Nuo 3 iki 4 metų","127"
"21","NYKŠTUKŲ","17","Nuo 3 iki 4 metų","127"
"22","GENIUKŲ","13","Nuo 6 iki 7 metų","127"
"23","LAPIUKŲ","0","Nuo 1,5 iki 3 metų","127"
"24","EŽIUKŲ","0","Nuo 1,5 iki 3 metų","127"
"25","NAUJA (LOPŠELIS)","0","Nuo 1,5 iki 3 metų","127"
"26","NAUJA DARŽELIS","20","Nuo 3 iki 4 metų","127"
"27","NAUJA DARŽELIS","17","Nuo 3 iki 4 metų","127"
"1","Voveriukų","19","Nuo 5 iki 6 metų","128"
"5","Boružėlių","0","Nuo 4 iki 5 metų","128"
"8","BITUTUČIŲ","0","Nuo 1,5 iki 3 metų","128"
"9","KIŠKUČIŲ","18","Nuo 3 iki 4 metų","128"
"10","NAUJA (LOPŠELIS)","10","Nuo 1,5 iki 3 metų","128"
"11","NAUJA DARŽELIS","8","Nuo 3 iki 4 metų","128"
"1","Katerok","19","Nuo 5 iki 6 metų","129"
"9","Vesole misiaki","16","Nuo 4 iki 7 metų","129"
"22","NYKŠTUKAI","19","Nuo 3 iki 4 metų","129"
"14","Ručijok","13","Nuo 4 iki 5 metų","129"
"15","Raduga","0","Nuo 5 iki 6 metų","129"
"17","Miki Maus","15","Nuo 2 iki 4 metų","129"
"18","Solnyško","0","Nuo 4 iki 5 metų","129"
"19","Motyliok","20","Nuo 3 iki 4 metų","129"
"24","ŽVIRBLIUKAI","16","Nuo 6 iki 7 metų","129"
"26","DRUŽNYJE REBIATA","0","Nuo 1,5 iki 3 metų","129"
"27","VIEVERSĖLIAI","0","Nuo 1,5 iki 3 metų","129"
"28","Nauja","3","Nuo 3 iki 4 metų","129"
"29","NAUJA (LOPŠELIS)","21","Nuo 1,5 iki 3 metų","129"
"30","NAUJA (LOPŠELIS)","9","Nuo 1,5 iki 3 metų","129"
"31","NAUJA DARŽELIS","10","Nuo 3 iki 4 metų","129"
"4","Bitučių","0","Nuo 5 iki 7 metų","130"
"7","Kačiukų","0","Nuo 4 iki 5 metų","130"
"8","Voveriukų","13","Nuo 5 iki 6 metų","130"
"9","Ežiukų","0","Nuo 4 iki 5 metų","130"
"10","Peledžiukų","8","Nuo 6 iki 7 metų","130"
"11","Drugelių","11","Nuo 6 iki 7 metų","130"
"12","Voriukų","0","Nuo 5 iki 6 metų","130"
"14","Boružėlių","0","Nuo 3 iki 4 metų","130"
"15","Pūkuotukų","0","Nuo 3 iki 4 metų","130"
"19","Ančiukų","0","Nuo 1,5 iki 3 metų","130"
"20","Nykštukų","0","Nuo 1,5 iki 3 metų","130"
"21","Lašelių","0","Nuo 1,5 iki 3 metų","130"
"22","NAUJA (LOPŠELIS)","0","Nuo 1,5 iki 3 metų","130"
"23","NAUJA (LOPŠELIS)","0","Nuo 1,5 iki 3 metų","130"
"1","Čiauškučiai","0","Nuo 4 iki 5 metų","131"
"2","Nykštukai","0","Nuo 4 iki 5 metų","131"
"3","Voveriukai","0","Nuo 5 iki 6 metų","131"
"4","Kiškučiai","0","Nuo 5 iki 6 metų","131"
"8","Vyturiukai","0","Nuo 5 iki 6 metų","131"
"9","Pelėdžiukai","0","Nuo 6 iki 7 metų","131"
"10","Vijurkai","0","Nuo 6 iki 7 metų","131"
"13","Šnekučiai","0","Nuo 3 iki 4 metų","131"
"21","Pabiručiai","0","Nuo 3 iki 5 metų","131"
"20","Drugeliai","0","Nuo 3 iki 4 metų","131"
"22","ŽIRNIUKAI ","0","Nuo 1,5 iki 3 metų","131"
"23","ŽIOGELIAI ","0","Nuo 1,5 iki 3 metų","131"
"24","NAUJA (LOPŠELIS)","0","Nuo 1,5 iki 3 metų","131"
"25","NAUJA DARŽELIS","10","Nuo 3 iki 4 metų","131"
"16","Boružiukai","20","Nuo 4 iki 5 metų","132"
"4","Šviesuliukai","0","Nuo 3 iki 5 metų","132"
"7","Lašiukai","20","Nuo 5 iki 6 metų","132"
"9","Skambaliukai","8","Nuo 6 iki 7 metų","132"
"13","Spinduliukai","16","Nuo 5 iki 7 metų","132"
"17","Perliukai","19","Nuo 5 iki 6 metų","132"
"15","Drugeliai","0","Nuo 3 iki 4 metų","132"
"19","VIEVERSIUKAI ","0","Nuo 1,5 iki 3 metų","132"
"20","NYKŠTUKAI ","0","Nuo 1,5 iki 3 metų","132"
"21","KIŠKUČIAI","0","Nuo 1,5 iki 3 metų","132"
"22","NAUJA (LOPŠELIS)","10","Nuo 1,5 iki 3 metų","132"
"23","NAUJA (LOPŠELIS)","0","Nuo 1,5 iki 3 metų","132"
"24","NAUJA (LOPŠELIS)","14","Nuo 1,5 iki 3 metų","132"
"4","PELĖDŽIUKAI","12","Nuo 6 iki 7 metų","133"
"5","KREGŽDUTĖS","0","Nuo 5 iki 6 metų","133"
"7","BORUŽĖLĖS","0","Nuo 3 iki 4 metų","133"
"8","BITUTĖS","16","Nuo 6 iki 7 metų","133"
"11","KAČIUKAI","0","Nuo 4 iki 5 metų","133"
"12","ZUIKIAI","0","Nuo 1,5 iki 3 metų","133"
"13","NAUJA (LOPŠELIS)","15","Nuo 1,5 iki 3 metų","133"
"14","NAUJA (LOPŠELIS)","15","Nuo 1,5 iki 3 metų","133"
"1","Bitutės","0","Nuo 6 iki 7 metų","134"
"2","Varpeliai","0","Nuo 5 iki 6 metų","134"
"3","Žirniukai","0","Nuo 4 iki 5 metų","134"
"4","Ramunėlės","0","Nuo 5 iki 6 metų","134"
"6","Bruknelės","0","Nuo 5 iki 7 metų","134"
"7","Pakalnutės","0","Nuo 3 iki 5 metų","134"
"9","Spanguolytės","0","Nuo 1,5 iki 6 metų","134"
"12","Rožytės","0","Nuo 5 iki 6 metų","134"
"13","Pumpurėliai","0","Nuo 3 iki 4 metų","134"
"14","Žemuogėlės","27","Nuo 3 iki 4 metų","134"
"23","Žibutė ","0","Nuo 1,5 iki 3 metų","134"
"24","Dobiliukai ","0","Nuo 1,5 iki 3 metų","134"
"25","NAUJA (LOPŠELIS)","0","Nuo 1,5 iki 3 metų","134"
"26","NAUJA (LOPŠELIS)","0","Nuo 1,5 iki 3 metų","134"
"27","NAUJA (LOPŠELIS)","3","Nuo 1,5 iki 3 metų","134"
"28","NAUJA DARŽELIS","0","Nuo 3 iki 4 metų","134"
"29","NAUJA DARŽELIS","4","Nuo 3 iki 6 metų","134"
"3","ŽIOGELIAI","18","Nuo 5 iki 7 metų","135"
"4","KREGŽDUTĖS","0","Nuo 4 iki 5 metų","135"
"5","BORUŽĖLĖS","0","Nuo 4 iki 5 metų","135"
"7","KIŠKIUKAI","9","Nuo 6 iki 7 metų","135"
"9","BITUČIŲ","0","Nuo 5 iki 6 metų","135"
"10","KATINĖLIŲ","6","Nuo 6 iki 7 metų","135"
"13","MEŠKIUKŲ","0","Nuo 5 iki 6 metų","135"
"27","DRUGELIAI","0","Nuo 4 iki 6 metų","135"
"28","EŽIUKAI","0","Nuo 4 iki 5 metų","135"
"25","VOVERIUKAI","0","Nuo 3 iki 4 metų","135"
"26","SVAJOKLIAI","0","Nuo 3 iki 4 metų","135"
"29","PELĖDŽIUKAI","0","Nuo 1,5 iki 3 metų","135"
"30","LAŠELIAI","0","Nuo 1,5 iki 3 metų","135"
"31","NAUJA (LOPŠELIS)","15","Nuo 1,5 iki 3 metų","135"
"32","NAUJA (LOPŠELIS)","15","Nuo 1,5 iki 3 metų","135"
"2","SAULUTĖS","11","Nuo 6 iki 7 metų","136"
"7","UOSIUKAI","0","Nuo 5 iki 6 metų","136"
"8","BANGELĖS","0","Nuo 4 iki 5 metų","136"
"9","RAMUNIUKAI","0","Nuo 5 iki 6 metų","136"
"10","ŽUVYČIŲ","11","Nuo 6 iki 7 metų","136"
"11","BERŽELIAI","8","Nuo 6 iki 7 metų","136"
"13","EGLUTĖS","0","Nuo 3 iki 4 metų","136"
"15","GINTARĖLIAI","0","Nuo 4 iki 5 metų","136"
"19","PAUKŠTELIAI","0","Nuo 5 iki 6 metų","136"
"23","DREBULIUKAI","0","Nuo 1,5 iki 3 metų","136"
"24","ĄŽUOLIUKAI","0","Nuo 1,5 iki 3 metų","136"
"25","NAUJA (LOPŠELIS)","15","Nuo 1,5 iki 3 metų","136"
"28","NAUJA DARŽELIS","20","Nuo 3 iki 4 metų","136"
"27","NAUJA DARŽELIS","15","Nuo 4 iki 5 metų","136"
"1","SKRUZDELYTĖS","0","Nuo 4 iki 5 metų","137"
"2","ŽIRNIUKAI","0","Nuo 4 iki 5 metų","137"
"3","DOBILĖLIAI","0","Nuo 5 iki 6 metų","137"
"4","BORUŽĖLĖS","0","Nuo 4 iki 5 metų","137"
"5","DRUGELIAI","1","Nuo 6 iki 7 metų","137"
"6","PELĖDŽIUKAI","10","Nuo 6 iki 7 metų","137"
"10","VARPELIAI","0","Nuo 3 iki 7 metų","137"
"11","KREGŽDUTĖS","0","Nuo 3 iki 4 metų","137"
"18","ŽVIRBLIUKAI","0","Nuo 1,5 iki 3 metų","137"
"19","BITUTĖS","34","Nuo 3 iki 4 metų","137"
"20","RIEŠUTĖLIAI","0","Nuo 1,5 iki 3 metų","137"
"21","NAUJA (LOPŠELIS)","15","Nuo 1,5 iki 3 metų","137"
"22","NAUJA (LOPŠELIS)","13","Nuo 1,5 iki 3 metų","137"
"3","Spanguolėlė","0","Nuo 4 iki 5 metų","138"
"13","ŽEMUOGĖLĖ (spec)","10","Nuo 3 iki 6 metų","138"
"14","RŪTELĖ (spec)","12","Nuo 3 iki 6 metų","138"
"15","SAULUTĖ (spec)","7","Nuo 4 iki 6 metų","138"
"16","LINELIS (spec)","5","Nuo 5 iki 7 metų","138"
"17","RASAKILA (spec)","4","Nuo 1,5 iki 3 metų","138"
"18","RAMUNĖLĖS (spec)","14","Nuo 5 iki 6 metų","138"
"20","Dobiliukai","0","Nuo 3 iki 4 metų","138"
"21","Aguonėlė","0","Nuo 1,5 iki 3 metų","138"
"22","Pienė","19","Nuo 5 iki 6 metų","138"
"23","Čiobreliai","9","Nuo 6 iki 7 metų","138"
"25","NAUJA LOPŠELIS","15","Nuo 1,5 iki 3 metų","138"
"26","NAUJA DARŽELIS","18","Nuo 3 iki 5 metų","138"
"27","NAUJA DARŽELIS","29","Nuo 3 iki 5 metų","138"
"28","NAUJA (LOPŠELIS)","0","Nuo 1,5 iki 3 metų","138"
"4","JŪROS ŽVAIGŽDUTĖS","0","Nuo 6 iki 7 metų","139"
"5","DELFINUKAI","0","Nuo 4 iki 6 metų","139"
"6","OSMINOŽKI","0","Nuo 5 iki 7 metų","139"
"9","RUSALAČKA","0","Nuo 3 iki 5 metų","139"
"12","JANTARIKI","0","Nuo 1,5 iki 3 metų","139"
"13","AUKSINĖ ŽUVELĖ","0","Nuo 1,5 iki 3 metų","139"
"15","NAUJA (LOPŠELIS)","0","Nuo 1,5 iki 3 metų","139"
"2","PELIUKŲ","0","Nuo 5 iki 6 metų","140"
"3","ANČIUKŲ","9","Nuo 6 iki 7 metų","140"
"5","PELĖDŽIUKŲ","0","Nuo 4 iki 5 metų","140"
"7","KAČIUKŲ","0","Nuo 3 iki 4 metų","140"
"15","MEŠKUČIŲ","0","Nuo 1,5 iki 3 metų","140"
"16","KIŠKUČIŲ","0","Nuo 3 iki 6 metų","140"
"17","NAUJA (LOPŠELIS)","0","Nuo 1,5 iki 3 metų","140"
"4","Boružiukų","0","Nuo 5 iki 6 metų","141"
"5","Smalsučiai","17","Nuo 6 iki 7 metų","141"
"8","Gėlyčių","12","Nuo 5 iki 7 metų","141"
"10","Nykštukų","0","Nuo 4 iki 5 metų","141"
"11","Saulytės","28","Nuo 3 iki 4 metų","141"
"12","Drugelių","8","Nuo 3 iki 5 metų","141"
"13","Pelėdžiukai","0","Nuo 4 iki 5 metų","141"
"15","ZUIKUČIAI","0","Nuo 1,5 iki 3 metų","141"
"16","NAUJA (LOPŠELIS)","14","Nuo 1,5 iki 3 metų","141"
"1","Kodėlčiukai","0","Nuo 5 iki 6 metų","142"
"2","Pelėdžiukai","7","Nuo 6 iki 7 metų","142"
"3","Smalsučiai(išeina)","1","Nuo 6 iki 7 metų","142"
"5","Smalsučiai","0","Nuo 4 iki 5 metų","142"
"6","Pagrandukai","20","Nuo 3 iki 4 metų","142"
"7","1A klasė","0","Nuo 6 iki 7 metų","142"
"8","1B klasė","20","Nuo 6 iki 7 metų","142"
"9","2A klasė","0","Nuo 6 iki 7 metų","142"
"10","3A klasė","17","Nuo 6 iki 7 metų","142"
"11","4A klasė","8","Nuo 6 iki 7 metų","142"
"12","4B klasė","10","Nuo 6 iki 7 metų","142"
"13","NAUJA DARŽELIS","20","Nuo 3 iki 4 metų","142"
"1","BOŽJI KOROVKI","12","Nuo 4 iki 5 metų","143"
"2","PČIOLKI","4","Nuo 6 iki 7 metų","143"
"7","SOLNYŠKO","10","Nuo 4 iki 5 metų","143"
"8","BABOČKI","15","Nuo 3 iki 4 metų","143"
"9","SOVUŠKI","0","Nuo 5 iki 6 metų","143"
"10","PČIOLKI","0","Nuo 6 iki 7 metų","143"
"11","PODSOLNUŠKI","13","Nuo 1,5 iki 3 metų","143"
"12","1 klasė","1","Nuo 6 iki 7 metų","143"
"13","2 klasė","1","Nuo 6 iki 7 metų","143"
"14","3 klasė","1","Nuo 6 iki 7 metų","143"
"15","4 klasė","1","Nuo 6 iki 7 metų","143"
"16","NAUJA (LOPŠELIS)","11","Nuo 1,5 iki 3 metų","143"
"2","Boružiukai","0","Nuo 4 iki 5 metų","144"
"3","Drugeliai","0","Nuo 5 iki 6 metų","144"
"4","Bitutės","0","Nuo 6 iki 7 metų","144"
"5","Šimtakojai","0","Nuo 3 iki 4 metų","144"
"10","Voriukai","0","Nuo 6 iki 7 metų","144"
"12","Žiogeliai","0","Nuo 4 iki 5 metų","144"
"13","SKRUZDELIUKAI","0","Nuo 1,5 iki 3 metų","144"
"14","NAUJA (LOPŠELIS)","0","Nuo 1,5 iki 3 metų","144"
"2","Drugeliai","0","Nuo 3 iki 4 metų","145"
"3","Saulės zuikučiai","0","Nuo 6 iki 7 metų","145"
"4","Boružėlės","0","Nuo 5 iki 6 metų","145"
"5","Nykštukai","19","Nuo 3 iki 7 metų","145"
"6","Meškiukai","0","Nuo 1,5 iki 3 metų","145"
"8","Ežiukai","19","Nuo 3 iki 5 metų","145"
"9","Bitutės","19","Nuo 1,5 iki 3 metų","145"
"11","Pelėdžiukai","19","Nuo 4 iki 5 metų","145"
"13","Zylutės","18","Nuo 5 iki 7 metų","145"
"14","1 klasė","1","Nuo 6 iki 7 metų","145"
"15","2 klasė","1","Nuo 6 iki 7 metų","145"
"16","3 klasė","1","Nuo 6 iki 7 metų","145"
"17","4 klasė","1","Nuo 6 iki 7 metų","145"
"18","NAUJA (LOPŠELIS)","13","Nuo 1,5 iki 3 metų","145"
"19","NAUJA (LOPŠELIS)","14","Nuo 1,5 iki 3 metų","145"
"1","SAULĖGRĄŽA","0","Nuo 5 iki 6 metų","146"
"7","STEBUKLINGAS ŽIBINTAS","0","Nuo 4 iki 5 metų","146"
"10","SAULUTĖ","0","Nuo 6 iki 7 metų","146"
"11","AUKSINĖ ŽUVELĖ","0","Nuo 3 iki 4 metų","146"
"12","PRIE ĮLANKOS","0","Nuo 6 iki 7 metų","146"
"14","1 B klasė","1","Nuo 6 iki 7 metų","146"
"13","1 A klasė","1","Nuo 6 iki 7 metų","146"
"15","1 C klasė","1","Nuo 6 iki 7 metų","146"
"16","2 A klasė","1","Nuo 6 iki 7 metų","146"
"17","2 B klasė","1","Nuo 6 iki 7 metų","146"
"18","3 A klasė","1","Nuo 6 iki 7 metų","146"
"19","3 B klasė","1","Nuo 6 iki 7 metų","146"
"20","3 C klasė","1","Nuo 6 iki 7 metų","146"
"21","4 A klasė","0","Nuo 8m.","146"
"22","4 B klasė","1","Nuo 6 iki 7 metų","146"
"23","4 C klasė","1","Nuo 6 iki 7 metų","146"
"24","NAUJA DARŽELIS","0","Nuo 3 iki 4 metų","146"
"25","NAUJA DARŽELIS","0","Nuo 6 iki 7 metų","146"
"1","PAUKŠTELIAI","19","Nuo 4 iki 5 metų","147"
"3","SKRUZDELIUKAI","0","Nuo 5 iki 6 metų","147"
"5","SMERFY","14","Nuo 3 iki 6 metų","147"
"6","EŽIUKAI","9","Nuo 6 iki 7 metų","147"
"7","NYKŠTUKAI","0","Nuo 4 iki 5 metų","147"
"9","ANČIUKAI","14","Nuo 6 iki 7 metų","147"
"10","KAČIUKAI","0","Nuo 5 iki 6 metų","147"
"12","KIŠKUČIAI","12","Nuo 3 iki 4 metų","147"
"20","KREGŽDUTĖS","16","Nuo 3 iki 4 metų","147"
"21","PAGRANDUKAI","18","Nuo 1,5 iki 3 metų","147"
"22","BITUTĖS","20","Nuo 1,5 iki 3 metų","147"
"23","DRUGELIAI","16","Nuo 1,5 iki 3 metų","147"
"24","NAUJA (LOPŠELIS)","14","Nuo 1,5 iki 3 metų","147"
"25","NAUJA DARŽELIS","11","Nuo 3 iki 4 metų","147"
"26","NAUJA DARŽELIS","12","Nuo 3 iki 6 metų","147"
"27","NAUJA DARŽELIS","6","Nuo 4 iki 5 metų","147"
"1","Vasilki","0","Nuo 5 iki 6 metų","148"
"2","Černički","0","Nuo 4 iki 6 metų","148"
"3","Smorodinki","0","Nuo 6 iki 7 metų","148"
"4","Klubnički","0","Nuo 6 iki 7 metų","148"
"11","Maki","0","Nuo 4 iki 5 metų","148"
"13","VIŠENKI (LOGOP.)","13","Nuo 3 iki 5 metų","148"
"14","ANIUTINY GLAZKI (LOGOPED.)","13","Nuo 5 iki 7 metų","148"
"15","Kolokolčiki ","0","Nuo 3 iki 4 metų","148"
"16","Vinogradiki ","20","Nuo 3 iki 4 metų","148"
"17","Malinki","17","Nuo 5 iki 7 metų","148"
"20","1A","0","Nuo 6 iki 8 metų","148"
"18","1B","0","Nuo 6 iki 8 metų","148"
"19","1C","0","Nuo 6 iki 8 metų","148"
"21","NAUJA DARŽELIS","0","Nuo 3 iki 4 metų","148"
"22","NAUJA DARŽELIS","0","Nuo 3 iki 4 metų","148"
"23","NAUJA DARŽELIS","10","Nuo 5 iki 6 metų","148"
"3","PAGRANDUKAI","0","Nuo 5 iki 6 metų","149"
"4","KODĖLČIUKAI","0","Nuo 6 iki 7 metų","149"
"6","SMALSUČIAI","0","Nuo 5 iki 6 metų","149"
"8","GILIUKAI","0","Nuo 3 iki 4 metų","149"
"9","BORUŽĖLĖS","0","Nuo 4 iki 5 metų","149"
"10","DRUGELIAI","0","Nuo 4 iki 5 metų","149"
"11","RIEŠUTĖLIAI","0","Nuo 1,5 iki 3 metų","149"
"12","1 klasė","1","Nuo 6 iki 7 metų","149"
"13","2 klasė","1","Nuo 6 iki 7 metų","149"
"14","3 klasė","1","Nuo 6 iki 7 metų","149"
"15","4 klasė","1","Nuo 6 iki 7 metų","149"
"16","NAUJA (LOPŠELIS)","13","Nuo 1,5 iki 3 metų","149"
"1","BORUŽĖLĖS","0","Nuo 6 iki 7 metų","150"
"3","SKRUZDĖLIUKAI","0","Nuo 4 iki 5 metų","150"
"8","1 klasė","1","Nuo 6 iki 7 metų","150"
"5","DRUGELIAI","0","Nuo 5 iki 6 metų","150"
"6","ŽIOGELIAI","0","Nuo 3 iki 4 metų","150"
"7","BITUTĖS","0","Nuo 1,5 iki 3 metų","150"
"9","2 klasė","1","Nuo 6 iki 7 metų","150"
"10","3 klasė","1","Nuo 6 iki 7 metų","150"
"11","4 klasė","1","Nuo 6 iki 7 metų","150"
"12","NAUJA (LOPŠELIS)","0","Nuo 1,5 iki 3 metų","150"
"2","Nykštukai","0","Nuo 4 iki 5 metų","151"
"3","Žiniukai ","0","Nuo 6 iki 7 metų","151"
"4","Smalsiukai ","0","Nuo 6 iki 7 metų","151"
"5","Giliukai ","0","Nuo 5 iki 6 metų","151"
"13","1 klasė","1","Nuo 6 iki 7 metų","151"
"8","Meškiukai","0","Nuo 3 iki 4 metų","151"
"11","Viščiukai","0","Nuo 1,5 iki 3 metų","151"
"12","Drambliukai ","0","Nuo 1,5 iki 3 metų","151"
"14","2 klasė","1","Nuo 6 iki 7 metų","151"
"15","3 klasė","1","Nuo 6 iki 7 metų","151"
"16","4 klasė","1","Nuo 6 iki 7 metų","151"
"17","NAUJA (LOPŠELIS)","0","Nuo 1,5 iki 3 metų","151"
"3","SMALSUČIŲ","15","Nuo 5 iki 6 metų","152"
"4","SVAJOKLIŲ","17","Nuo 5 iki 6 metų","152"
"7","SAULĖS ZUIKIŲ","0","Nuo 3 iki 4 metų","152"
"14","PABIRUČIŲ","0","Nuo 4 iki 5 metų","152"
"13","VYTURIUKŲ","0","Nuo 3 iki 4 metų","152"
"15","KODĖLČIUKŲ","0","Nuo 4 iki 5 metų","152"
"16","VIKRUOLIŲ","0","Nuo 3 iki 4 metų","152"
"19","PELEDŽIUKŲ","20","Nuo 4 iki 6 metų","152"
"20","ŽIRNIUKŲ","0","Nuo 1,5 iki 3 metų","152"
"22","GUDRUČIŲ","0","Nuo 1,5 iki 3 metų","152"
"23","BORUŽIUKŲ","0","Nuo 1,5 iki 3 metų","152"
"25","NAUJA (LOPŠELIS)","15","Nuo 1,5 iki 3 metų","152"
"26","NAUJA (LOPŠELIS)","12","Nuo 1,5 iki 3 metų","152"
"1","Boružėlių","4","Nuo 3 iki 7 metų","153"
"2","Drugelių","9","Nuo 3 iki 7 metų","153"
"3","Aitvariukų","6","Nuo 3 iki 7 metų","153"
"4","Meškučių kl.","6","Nuo 8m.","153"
"5","Gaidelių kl.","8","Nuo 8m.","153"
"6","Kiškelių kl","9","Nuo 8m.","153"
"7","Ančiukų kl.","10","Nuo 8m.","153"
"8","Pelėdžiukų kl.","8","Nuo 8m.","153"
"9","Papūgėlių kl.","10","Nuo 8m.","153"
"10","Saulutės kl.","11","Nuo 8m.","153"
"11","Katinėlių kl.","7","Nuo 8m.","153"
"3","Aštuonkojai","0","Nuo 5 iki 6 metų","154"
"19","Delfinukai,","0","Nuo 4 iki 5 metų","154"
"12","Saulės spindulėliai","0","Nuo 6 iki 7 metų","154"
"18","Pingvinukai ","0","Nuo 3 iki 4 metų","154"
"15","Jūros žvaigždutės ","0","Nuo 3 iki 4 metų","154"
"16","Žuvytės","0","Nuo 4 iki 6 metų","154"
"17","Ruoniai","0","Nuo 5 iki 7 metų","154"
"20","Pagrandukai ","0","Nuo 1,5 iki 3 metų","154"
"21","Zuikučiai ","0","Nuo 1,5 iki 3 metų","154"
"22","NAUJA (LOPŠELIS)","15","Nuo 1,5 iki 3 metų","154"
"23","NAUJA (LOPŠELIS)","14","Nuo 1,5 iki 3 metų","154"
"3","PAKALNUTĖ","0","Nuo 4 iki 5 metų","155"
"4","VARPELIS","0","Nuo 6 iki 7 metų","155"
"5","RAKTAŽOLĖ","0","Nuo 5 iki 6 metų","155"
"8","SAULĖGRĄŽA","0","Nuo 3 iki 4 metų","155"
"9","RAMUNĖLĖ","0","Nuo 1,5 iki 3 metų","155"
"10","ŽIBUTĖ","0","Nuo 1,5 iki 3 metų","155"
"3","Bildukai","0","Nuo 4 iki 5 metų","156"
"4","Gudručiai","18","Nuo 5 iki 6 metų","156"
"5","Drugeliai","0","Nuo 5 iki 6 metų","156"
"6","Pasakaitė","7","Nuo 6 iki 7 metų","156"
"7","Svajokliai","7","Nuo 6 iki 7 metų","156"
"12","Smalsučiai","0","Nuo 4 iki 5 metų","156"
"14","Pabiručiai","0","Nuo 3 iki 4 metų","156"
"15","Strakaliukai","0","Nuo 4 iki 5 metų","156"
"17","Saulutė","0","Nuo 3 iki 4 metų","156"
"22","Rieduliukai","0","Nuo 1,5 iki 3 metų","156"
"23","Žirniukai","0","Nuo 1,5 iki 3 metų","156"
"25","Bičiuliai","0","Nuo 1,5 iki 3 metų","156"
"26","NAUJA (LOPŠELIS)","15","Nuo 1,5 iki 3 metų","156"
"27","NAUJA (LOPŠELIS)","15","Nuo 1,5 iki 3 metų","156"
"1","Bitutės","0","Nuo 4 iki 5 metų","157"
"2","Kiškučiai","0","Nuo 3 iki 4 metų","157"
"3","Boružėlės","0","Nuo 5 iki 6 metų","157"
"4","Ežiukai","18","Nuo 5 iki 6 metų","157"
"5","Geniukai","20","Nuo 4 iki 5 metų","157"
"7","Riešutėliai","18","Nuo 6 iki 7 metų","157"
"8","Pelėdžiukai","17","Nuo 6 iki 7 metų","157"
"10","Zylutės","0","Nuo 3 iki 4 metų","157"
"11","Skruzdėliukai","0","Nuo 1,5 iki 3 metų","157"
"16","Voveraitės","19","Nuo 4 iki 5 metų","157"
"17","Giliukų","0","Nuo 1,5 iki 3 metų","157"
"20","NAUJA (LOPŠELIS)","0","Nuo 1,5 iki 3 metų","157"
"3","Žirniukai","0","Nuo 4 iki 5 metų","158"
"5","Varpelių","13","Nuo 6 iki 7 metų","158"
"6","Kiškučių","11","Nuo 6 iki 7 metų","158"
"11","Pelėdžiukų","0","Nuo 4 iki 5 metų","158"
"19","Saulučių","15","Nuo 5 iki 7 metų","158"
"13","Kregždučių","0","Nuo 3 iki 4 metų","158"
"14","Boružėlių","0","Nuo 3 iki 4 metų","158"
"16","Bitučių","0","Nuo 4 iki 5 metų","158"
"17","Smalsučių","0","Nuo 4 iki 5 metų","158"
"18","Kodėlčiukų","0","Nuo 5 iki 6 metų","158"
"21","NYKŠTUKAI","0","Nuo 1,5 iki 3 metų","158"
"22","DRUGELIAI","0","Nuo 1,5 iki 3 metų","158"
"23","NAUJA (LOPŠELIS)","0","Nuo 1,5 iki 3 metų","158"
"24","NAUJA DARŽELIS","16","Nuo 4 iki 5 metų","158"
"7","SAULUTĖS","0","Nuo 5 iki 6 metų","159"
"12","GILIUKAI","0","Nuo 3 iki 4 metų","159"
"16","DAINORĖLIAI","0","Nuo 3 iki 5 metų","159"
"17","DRUGELIAI","0","Nuo 4 iki 5 metų","159"
"18","BORUŽIUKAI","10","Nuo 6 iki 7 metų","159"
"19","EŽIUKAI","12","Nuo 5 iki 7 metų","159"
"20","ŽVIRBLIUKAI","8","Nuo 6 iki 7 metų","159"
"24","SPALVELĖS","0","Nuo 3 iki 5 metų","159"
"23","DEBESĖLIAI","0","Nuo 3 iki 5 metų","159"
"26","VIŠČIUKAI","0","Nuo 1,5 iki 3 metų","159"
"27","ZUIKUČIŲ","0","Nuo 1,5 iki 3 metų","159"
"28","OBUOLIUKAI","0","Nuo 3 iki 4 metų","159"
"29","NAUJA (LOPŠELIS)","0","Nuo 1,5 iki 3 metų","159"
"30","NAUJA DARŽELIS","14","Nuo 5 iki 6 metų","159"
"1","SAULUTĖS","0","Nuo 5 iki 6 metų","160"
"2","VARPELIAI","25","Nuo 6 iki 7 metų","160"
"5","ŽIOGELIAI","0","Nuo 4 iki 5 metų","160"
"6","DRUGELIAI","0","Nuo 3 iki 4 metų","160"
"7","1 klasė","1","Nuo 6 iki 7 metų","160"
"8","2 klasė","1","Nuo 6 iki 7 metų","160"
"9","3 klasė","1","Nuo 6 iki 7 metų","160"
"10","4 klasė","1","Nuo 6 iki 7 metų","160"
"11","NAUJA DARŽELIS","19","Nuo 3 iki 4 metų","160"
"2","BITUTĖS","0","Nuo 5 iki 6 metų","161"
"16","1 B klasė","1","Nuo 6 iki 7 metų","161"
"15","1 A klasė","1","Nuo 6 iki 7 metų","161"
"9","GUDRUČIAI","19","Nuo 6 iki 7 metų","161"
"10","BORUŽĖLĖS","0","Nuo 4 iki 5 metų","161"
"12","ANČIUKAI","0","Nuo 1,5 iki 3 metų","161"
"13","KODĖLČIUKAI","0","Nuo 6 iki 7 metų","161"
"14","DRUGELIAI","0","Nuo 3 iki 4 metų","161"
"17","2 A klasė","1","Nuo 6 iki 7 metų","161"
"18","2 B klasė","1","Nuo 6 iki 7 metų","161"
"19","3 A klasė","1","Nuo 6 iki 7 metų","161"
"20","3 B klasė","1","Nuo 6 iki 7 metų","161"
"21","4 A klasė","1","Nuo 6 iki 7 metų","161"
"22","4 B klasė","1","Nuo 6 iki 7 metų","161"
"23","NAUJA (LOPŠELIS)","12","Nuo 1,5 iki 3 metų","161"
"24","NAUJA DARŽELIS","12","Nuo 6 iki 7 metų","161"
"3","Ančiukų","0","Nuo 5 iki 6 metų","162"
"4","Bitučių","0","Nuo 6 iki 7 metų","162"
"5","Saulutės","20","Nuo 4 iki 5 metų","162"
"6","Meškiukų","20","Nuo 3 iki 7 metų","162"
"9","Nykštukai","0","Nuo 4 iki 5 metų","162"
"10","Perliukų","0","Nuo 3 iki 4 metų","162"
"11","BORUŽĖLĖS","0","Nuo 1,5 iki 3 metų","162"
"12","IA","1","Nuo 6 iki 7 metų","162"
"13","1B","1","Nuo 6 iki 7 metų","162"
"14","2A klasė","1","Nuo 6 iki 7 metų","162"
"15","2B klasė","1","Nuo 6 iki 7 metų","162"
"16","3A klasė","1","Nuo 6 iki 7 metų","162"
"17","4A klasė","1","Nuo 6 iki 7 metų","162"
"18","4B","1","Nuo 6 iki 7 metų","162"
"19","NAUJA (LOPŠELIS)","15","Nuo 1,5 iki 3 metų","162"
"2","GANDRIUKŲ","0","Nuo 5 iki 6 metų","163"
"3","LAKŠTINGALIUKŲ","0","Nuo 5 iki 6 metų","163"
"4","ŽVIRBLIUKŲ","9","Nuo 6 iki 7 metų","163"
"5","GENIUKŲ","7","Nuo 6 iki 7 metų","163"
"6","DAGILIUKŲ","6","Nuo 6 iki 7 metų","163"
"12","PELEDŽIUKŲ","0","Nuo 3 iki 4 metų","163"
"14","KREGZDŽIUKŲ","0","Nuo 4 iki 5 metų","163"
"16","ZYLIUKŲ","0","Nuo 4 iki 5 metų","163"
"19","VOLUNGĖLIŲ","0","Nuo 3 iki 4 metų","163"
"20","ANČIUKŲ","0","Nuo 1,5 iki 3 metų","163"
"21","BALANDŽIUKŲ","0","Nuo 1,5 iki 3 metų","163"
"22","VYTURIUKŲ","0","Nuo 3 iki 4 metų","163"
"23","NAUJA (LOPŠELIS)","0","Nuo 1,5 iki 3 metų","163"
"24","NAUJA DARŽELIS","0","Nuo 3 iki 4 metų","163"
"3","Bitutės","0","Nuo 5 iki 6 metų","164"
"4","Šnekučiai","10","Nuo 6 iki 7 metų","164"
"5","Skruzdėliukai","0","Nuo 5 iki 6 metų","164"
"6","Gudručiai","5","Nuo 6 iki 7 metų","164"
"11","Smalsučiai","0","Nuo 3 iki 4 metų","164"
"12","Boruželės ","0","Nuo 3 iki 4 metų","164"
"13","Žiogeliai","0","Nuo 4 iki 5 metų","164"
"14","Drugeliai","0","Nuo 4 iki 5 metų","164"
"20","Pabiručiai","0","Nuo 3 iki 4 metų","164"
"21","Žvirbliukai","0","Nuo 1,5 iki 3 metų","164"
"22","Pagrandukai","0","Nuo 1,5 iki 3 metų","164"
"23","NAUJA (LOPŠELIS)","0","Nuo 1,5 iki 3 metų","164"
"24","NAUJA (LOPŠELIS)","0","Nuo 1,5 iki 3 metų","164"
"1","BITUTĖS","0","Nuo 4 iki 5 metų","165"
"2","ZUIKUČIAI","0","Nuo 4 iki 5 metų","165"
"3","ANČIUKAI","0","Nuo 5 iki 6 metų","165"
"4","MEŠKIUKAI","0","Nuo 5 iki 6 metų","165"
"5","ŽUVYTĖS","10","Nuo 6 iki 7 metų","165"
"6","PAUKŠTELIAI","16","Nuo 6 iki 7 metų","165"
"9","BORUŽĖLĖS","0","Nuo 3 iki 7 metų","165"
"10","DRUGELIAI","17","Nuo 3 iki 7 metų","165"
"13","PELIUKAI","0","Nuo 3 iki 4 metų","165"
"14","KAČIUKAI","0","Nuo 3 iki 4 metų","165"
"15","SAULUTĖS","13","Nuo 1,5 iki 3 metų","165"
"20","MENULIUKAI","13","Nuo 1,5 iki 3 metų","165"
"21","ĖŽIUKAI","0","Nuo 1,5 iki 3 metų","165"
"22","NAUJA (LOPŠELIS)","10","Nuo 1,5 iki 3 metų","165"
"23","NAUJA (LOPŠELIS)","8","Nuo 1,5 iki 3 metų","165"
"24","NAUJA DARŽELIS","13","Nuo 3 iki 4 metų","165"
"1","BORUŽĖLĖS","0","Nuo 5 iki 6 metų","166"
"2","NYKŠTUKAI","16","Nuo 6 iki 7 metų","166"
"3","ANČIUKAI","0","Nuo 4 iki 5 metų","166"
"4","DRUGELIAI","19","Nuo 5 iki 6 metų","166"
"16","SMERFAI","18","Nuo 6 iki 7 metų","166"
"11","SAULUTĖS","0","Nuo 6 iki 7 metų","166"
"13","ZUIKUČIAI","0","Nuo 3 iki 5 metų","166"
"14","BITUTĖS","0","Nuo 3 iki 4 metų","166"
"19","NAUJA DARŽELIS","0","Nuo 3 iki 4 metų","166"
"20","NAUJA DARŽELIS","9","Nuo 3 iki 5 metų","166"
"21","NAUJA DARŽELIS","0","Nuo 6 iki 7 metų","166"
"1","Elfai","10","Nuo 3 iki 7 metų","167"
"1","Lopšelinė","14","Nuo 1,5 iki 3 metų","168"
"2","Darželinė","0","Nuo 3 iki 7 metų","168"
"4","NAUJA (LOPŠELIS)","7","Nuo 1,5 iki 3 metų","168"
"1","Pelėdžiukai","0","Nuo 4 iki 5 metų","169"
"2","Ežiukai","25","Nuo 3 iki 7 metų","169"
"3","Švelnukai","0","Nuo 5 iki 6 metų","169"
"4","Boružiukai","0","Nuo 6 iki 7 metų","169"
"7","Smalsučiai","24","Nuo 3 iki 4 metų","169"
"9","Nykštukai","0","Nuo 1,5 iki 3 metų","169"
"10","NAUJA (LOPŠELIS)","15","Nuo 1,5 iki 3 metų","169"
"1","Nykštukai gudručiai","0","Nuo 4 iki 5 metų","170"
"4","Saulės zuikučiai","0","Nuo 5 iki 6 metų","170"
"5","Gėlytės","0","Nuo 4 iki 5 metų","170"
"6","Smalsutis","0","Nuo 6 iki 7 metų","170"
"7","Drugeliai","0","Nuo 5 iki 6 metų","170"
"9","Vyturėliai","0","Nuo 6 iki 7 metų","170"
"10","Žvaigždutės","20","Nuo 5 iki 6 metų","170"
"11","Ąžuoliukai","0","Nuo 6 iki 7 metų","170"
"13","Saulutės","0","Nuo 3 iki 4 metų","170"
"14","Ežiukai","0","Nuo 3 iki 4 metų","170"
"17","Boružiukai","0","Nuo 1,5 iki 3 metų","170"
"18","Nykštukai","0","Nuo 1,5 iki 3 metų","170"
"19","NAUJA (LOPŠELIS)","0","Nuo 1,5 iki 3 metų","170"
"20","NAUJA DARŽELIS","0","Nuo 3 iki 4 metų","170"
"1","Drugeliai","0","Nuo 5 iki 6 metų","171"
"2","Boružėlių","0","Nuo 5 iki 6 metų","171"
"3","Zuikučiai","6","Nuo 6 iki 7 metų","171"
"7","Bitutė","0","Nuo 4 iki 5 metų","171"
"11","Nykštukų","0","Nuo 3 iki 4 metų","171"
"12","ŽIOGELIAI","11","Nuo 6 iki 7 metų","171"
"13","NAUJA DARŽELIS","20","Nuo 3 iki 4 metų","171"
"1","Bitutės","20","Nuo 6 iki 7 metų","181"
"2","Boružiukai","0","Nuo 5 iki 6 metų","181"
"3","Žvirbliukai","20","Nuo 4 iki 5 metų","181"
"4","Žiogeliai","0","Nuo 4 iki 5 metų","181"
"5","Pelėdžiukai","0","Nuo 6 iki 7 metų","181"
"10","Drugeliai","0","Nuo 3 iki 4 metų","181"
"11","SKRUZDĖLIUKAI ","0","Nuo 1,5 iki 3 metų","181"
"13","Zylutės","19","Nuo 3 iki 4 metų","181"
"14","NAUJA (LOPŠELIS)","15","Nuo 1,5 iki 3 metų","181"
"1","SMALSUČIAI","0","Nuo 5 iki 6 metų","186"
"2","GUDRUČIAI","0","Nuo 6 iki 7 metų","186"
"5","ŠNEKUČIAI","0","Nuo 4 iki 5 metų","186"
"6","PABIRUČIAI","0","Nuo 3 iki 4 metų","186"
"7","NAUJA DARŽELIS","20","Nuo 3 iki 4 metų","186"
"1","Gegužiukų","6","Nuo 2 iki 3 metų","189"
"2","Kregždučių","8","Nuo 3 iki 5 metų","189"
"3","Gandriukų","12","Nuo 3 iki 4 metų","189"
"4","Vyturėlių","10","Nuo 3 iki 4 metų","189"
"5","Pelėdžiukų","13","Nuo 4 iki 6 metų","189"
"6","Ereliukų","4","Nuo 1,5 iki 3 metų","189"
"7","Nykštukų","3","Nuo 1,5 iki 3 metų","189"
"8","NAUJA (LOPŠELIS)","1","Nuo 1,5 iki 3 metų","189"
"9","NAUJA (LOPŠELIS)","1","Nuo 1,5 iki 3 metų","189"
"10","Nauja","2","Nuo 3 iki 4 metų","189"
"11","Nauja","1","Nuo 3 iki 4 metų","189"
"2","2 GRUPĖ","0","Nuo 1,5 iki 3 metų","273"
"4","4 GRUPĖ","0","Nuo 1,5 iki 3 metų","273"
"7","11 GRUPĖ","18","Nuo 2 iki 6 metų","273"
"8","12 GRUPĖ","15","Nuo 2 iki 6 metų","273"
"11","5 GRUPĖ","0","Nuo 3 iki 6 metų","273"
"14","6 GRUPĖ","0","Nuo 3 iki 6 metų","273"
"15","7 GRUPĖ","0","Nuo 3 iki 6 metų","273"
"17","10 GRUPĖ","0","Nuo 3 iki 6 metų","273"
"19","8 GRUPĖ","20","Nuo 3 iki 6 metų","273"
"21","9 GRUPĖ","20","Nuo 3 iki 6 metų","273"
"22","3 GRUPĖ","0","Nuo 1,5 iki 3 metų","273"
"23","1 GRUPĖ","0","Nuo 1,5 iki 3 metų","273"
"1","BORUŽĖLĖS","18","Nuo 3 iki 4 metų","280"
"2","BITUTĖS","0","Nuo 4 iki 6 metų","280"
"3","PELĖDŽIUKAI","7","Nuo 6 iki 7 metų","280"
"5","NAUJA DARŽELIS","16","Nuo 3 iki 4 metų","280"
"1","Giliukai","14","Nuo 6 iki 7 metų","283"
"2","Riešutėliai","4","Nuo 5 iki 6 metų","283"
"5","NAUJA DARŽELIS","20","Nuo 6 iki 7 metų","283"
"6","NAUJA DARŽELIS","20","Nuo 6 iki 7 metų","283"
"1","NAUJA 1","20","Nuo 5 iki 6 metų","311"
"2","NAUJA 2","20","Nuo 4 iki 6 metų","311"
"1","Kodėlčiukai","6","Nuo 6 iki 7 metų","324"
"2","Smalsučiai","1","Nuo 6 iki 7 metų","324"
"3","Svajokliai","0","Nuo 6 iki 7 metų","324"
"4","Žiniukai","1","Nuo 6 iki 7 metų","324"
"1","NYKŠTUKAI","1","Nuo 1,5 iki 3 metų","327"
"2","DRUGELIAI","1","Nuo 3 iki 6 metų","327"
"3","BORUŽĖLĖS","1","Nuo 2 iki 6 metų","327"
"4","SAULUTĖ","1","Nuo 2 iki 6 metų","327"
"1","Saulytė","14","Nuo 5 iki 6 metų","333"
"1","Priešmokyklinė A","20","Nuo 6 iki 7 metų","337"
"1","1 grupė","0","Nuo 6 iki 7 metų","338"
"2","2 grupė","20","Nuo 6 iki 7 metų","338"
