Mikrorajonas;"Darželio pavadinimas";Grupės;"Lankančių Vaikų skaičius";"*Laukiančiu eilėje vaikų skaičius";"Laisvų vietų";"Pagal kalbas"
;"Vilniaus Aleksandro Puškino mokykla";"Nuo 6 iki 7 metų";72;1;15;Ru
Antakalnio;Atžalėlės;"Nuo 1,5 iki 3 metų";65;23;0;Lt
Antakalnio;Atžalėlės;"Nuo 3 iki 4 metų";42;2;0;Lt
Antakalnio;Atžalėlės;"Nuo 3 iki 7 metų";23;1;0;Lt
Antakalnio;Atžalėlės;"Nuo 4 iki 5 metų";20;0;0;Lt
Antakalnio;Atžalėlės;"Nuo 5 iki 6 metų";27;0;0;Lt
Antakalnio;Atžalėlės;"Nuo 6 iki 7 metų";48;0;4;Lt
Antakalnio;Kaštonas;"Nuo 1,5 iki 3 metų";22;5;0;Ru
Antakalnio;Kaštonas;"Nuo 1,5 iki 3 metų";36;3;0;Pl
Antakalnio;Kaštonas;"Nuo 3 iki 5 metų";22;0;0;Lt
Antakalnio;Kaštonas;"Nuo 3 iki 6 metų";25;2;0;Ru
Antakalnio;Kaštonas;"Nuo 3 iki 5 metų";8;0;0;Pl
Antakalnio;Kaštonas;"Nuo 3 iki 6 metų";28;0;0;Pl
Antakalnio;Kaštonas;"Nuo 5 iki 7 metų";25;0;1;Lt
Antakalnio;Kaštonas;"Nuo 5 iki 7 metų";0;0;1;Pl
Antakalnio;Lakštingala;"Nuo 1,5 iki 3 metų";79;38;0;Lt
Antakalnio;Lakštingala;"Nuo 3 iki 4 metų";96;0;0;Lt
Antakalnio;Lakštingala;"Nuo 4 iki 5 metų";43;0;5;Lt
Antakalnio;Lakštingala;"Nuo 5 iki 6 metų";49;0;5;Lt
Antakalnio;Lakštingala;"Nuo 6 iki 7 metų";68;0;1;Lt
Antakalnio;Molinukas;"Nuo 1,5 iki 3 metų";50;18;0;Lt
Antakalnio;Molinukas;"Nuo 3 iki 4 metų";20;3;0;Lt
Antakalnio;Molinukas;"Nuo 4 iki 5 metų";20;4;0;Lt
Antakalnio;Molinukas;"Nuo 5 iki 6 metų";22;0;0;Lt
Antakalnio;Molinukas;"Nuo 6 iki 7 metų";29;5;0;Lt
Antakalnio;Naminukas;"Nuo 3 iki 4 metų";32;0;5;Lt
Antakalnio;Naminukas;"Nuo 4 iki 5 metų";22;1;0;Lt
Antakalnio;Naminukas;"Nuo 5 iki 6 metų";19;0;1;Lt
Antakalnio;Naminukas;"Nuo 6 iki 7 metų";19;0;4;Lt
Antakalnio;Pušaitė;"Nuo 1,5 iki 3 metų";112;18;0;Lt
Antakalnio;Pušaitė;"Nuo 3 iki 4 metų";44;0;0;Lt
Antakalnio;Pušaitė;"Nuo 3 iki 5 metų";0;0;0;Lt
Antakalnio;Pušaitė;"Nuo 4 iki 5 metų";46;0;0;Lt
Antakalnio;Pušaitė;"Nuo 5 iki 6 metų";47;0;0;Lt
Antakalnio;Pušaitė;"Nuo 6 iki 7 metų";64;1;0;Lt
Antakalnio;Spindulėlis;"Nuo 1,5 iki 3 metų";28;5;2;Lt
Antakalnio;Spindulėlis;"Nuo 3 iki 5 metų";24;0;0;Lt
Antakalnio;Spindulėlis;"Nuo 4 iki 6 metų";24;0;0;Lt
Antakalnio;Spindulėlis;"Nuo 5 iki 7 metų";19;0;6;Lt
Antakalnio;"Vilniaus Joachimo Lelevelio inžinerijos mokykla";"Nuo 5 iki 7 metų";14;0;0;Ru
Antakalnio;"Vilniaus Joachimo Lelevelio inžinerijos mokykla";"Nuo 5 iki 7 metų";26;0;0;Pl
Antakalnio;"Vilniaus Joachimo Lelevelio inžinerijos mokykla";"Nuo 6 iki 7 metų";14;1;1;Ru
Antakalnio;"Vilniaus Joachimo Lelevelio inžinerijos mokykla";"Nuo 6 iki 7 metų";10;0;5;Pl
Antakalnio;Volungė;"Nuo 1,5 iki 3 metų";31;11;0;Lt
Antakalnio;Volungė;"Nuo 3 iki 4 metų";57;0;9;Lt
Antakalnio;Volungė;"Nuo 4 iki 5 metų";21;0;9;Lt
Antakalnio;Volungė;"Nuo 5 iki 6 metų";43;2;0;Lt
Antakalnio;Volungė;"Nuo 6 iki 7 metų";35;0;3;Lt
Antakalnio;Voveraitė;"Nuo 1,5 iki 3 metų";64;15;0;Lt
Antakalnio;Voveraitė;"Nuo 3 iki 4 metų";58;0;18;Lt
Antakalnio;Voveraitė;"Nuo 4 iki 5 metų";62;0;10;Lt
Antakalnio;Voveraitė;"Nuo 5 iki 6 metų";40;0;4;Lt
Antakalnio;Voveraitė;"Nuo 5 iki 7 metų";17;0;0;Lt
Antakalnio;Voveraitė;"Nuo 6 iki 7 metų";41;0;1;Lt
Antakalnio;Žolynas;"Nuo 1,5 iki 3 metų";55;31;0;Lt
Antakalnio;Žolynas;"Nuo 3 iki 4 metų";22;2;0;Lt
Antakalnio;Žolynas;"Nuo 3 iki 5 metų";44;0;1;Lt
Antakalnio;Žolynas;"Nuo 5 iki 7 metų";42;0;0;Lt
Antakalnio;Žolynėlis;"Nuo 1,5 iki 3 metų";40;8;0;Lt
Antakalnio;Žolynėlis;"Nuo 1,5 iki 6 metų";6;0;1;Lt
Antakalnio;Žolynėlis;"Nuo 2 iki 5 metų";7;0;0;Lt
Antakalnio;Žolynėlis;"Nuo 3 iki 6 metų";7;0;1;Lt
Antakalnio;Žolynėlis;"Nuo 3 iki 5 metų";30;0;42;Lt
Antakalnio;Žolynėlis;"Nuo 4 iki 5 metų";18;0;0;Lt
Antakalnio;Žolynėlis;"Nuo 5 iki 6 metų";0;0;0;Lt
Antakalnio;Žolynėlis;"Nuo 6 iki 7 metų";22;0;1;Lt
Antakalnio;Žolynėlis;"Nuo 6 iki 8 metų";6;1;0;Lt
Fabijoniškių;Gandriukas;"Nuo 1,5 iki 3 metų";79;40;0;Lt
Fabijoniškių;Gandriukas;"Nuo 3 iki 4 metų";47;9;0;Lt
Fabijoniškių;Gandriukas;"Nuo 4 iki 5 metų";62;8;0;Lt
Fabijoniškių;Gandriukas;"Nuo 5 iki 6 metų";49;8;0;Lt
Fabijoniškių;Gandriukas;"Nuo 6 iki 7 metų";77;8;0;Lt
Fabijoniškių;Jovarėlis;"Nuo 1,5 iki 3 metų";50;32;0;Lt
Fabijoniškių;Jovarėlis;"Nuo 3 iki 4 metų";59;7;0;Lt
Fabijoniškių;Jovarėlis;"Nuo 4 iki 5 metų";56;8;0;Lt
Fabijoniškių;Jovarėlis;"Nuo 5 iki 6 metų";103;4;1;Lt
Fabijoniškių;Jovarėlis;"Nuo 6 iki 7 metų";65;0;0;Lt
Fabijoniškių;Karusėlė;"Nuo 1,5 iki 3 metų";66;12;0;Ru
Fabijoniškių;Karusėlė;"Nuo 3 iki 4 metų";7;0;0;Lt
Fabijoniškių;Karusėlė;"Nuo 3 iki 4 metų";28;8;0;Ru
Fabijoniškių;Karusėlė;"Nuo 3 iki 6 metų";21;0;0;Pl
Fabijoniškių;Karusėlė;"Nuo 4 iki 5 metų";22;3;0;Lt
Fabijoniškių;Karusėlė;"Nuo 4 iki 5 metų";25;0;0;Ru
Fabijoniškių;Karusėlė;"Nuo 4 iki 6 metų";21;2;0;Lt
Fabijoniškių;Karusėlė;"Nuo 5 iki 6 metų";20;0;0;Lt
Fabijoniškių;Karusėlė;"Nuo 5 iki 6 metų";25;0;0;Ru
Fabijoniškių;Karusėlė;"Nuo 6 iki 7 metų";25;0;0;Lt
Fabijoniškių;Karusėlė;"Nuo 6 iki 7 metų";20;0;0;Ru
Fabijoniškių;Sakalėlis;"Nuo 1,5 iki 3 metų";61;26;0;Lt
Fabijoniškių;Sakalėlis;"Nuo 3 iki 4 metų";71;5;0;Lt
Fabijoniškių;Sakalėlis;"Nuo 3 iki 6 metų";30;2;0;Lt
Fabijoniškių;Sakalėlis;"Nuo 4 iki 5 metų";22;2;0;Lt
Fabijoniškių;Sakalėlis;"Nuo 5 iki 6 metų";24;1;0;Lt
Fabijoniškių;Sakalėlis;"Nuo 6 iki 7 metų";46;5;0;Lt
Fabijoniškių;Vandenis;"Nuo 1,5 iki 3 metų";70;90;0;Lt
Fabijoniškių;Vandenis;"Nuo 3 iki 4 metų";116;20;0;Lt
Fabijoniškių;Vandenis;"Nuo 4 iki 5 metų";24;14;0;Lt
Fabijoniškių;Vandenis;"Nuo 5 iki 6 metų";64;8;0;Lt
Fabijoniškių;Vandenis;"Nuo 6 iki 7 metų";69;5;0;Lt
Fabijoniškių;Vėrinėlis;"Nuo 1,5 iki 3 metų";18;7;0;Lt
Fabijoniškių;Vėrinėlis;"Nuo 1,5 iki 3 metų";35;14;0;Ru
Fabijoniškių;Vėrinėlis;"Nuo 3 iki 4 metų";20;3;0;Lt
Fabijoniškių;Vėrinėlis;"Nuo 3 iki 4 metų";27;2;0;Ru
Fabijoniškių;Vėrinėlis;"Nuo 3 iki 4 metų";23;3;0;Pl
Fabijoniškių;Vėrinėlis;"Nuo 3 iki 5 metų";24;0;0;Pl
Fabijoniškių;Vėrinėlis;"Nuo 4 iki 5 metų";21;0;0;Lt
Fabijoniškių;Vėrinėlis;"Nuo 4 iki 5 metų";23;0;0;Ru
Fabijoniškių;Vėrinėlis;"Nuo 4 iki 6 metų";20;1;0;Lt
Fabijoniškių;Vėrinėlis;"Nuo 4 iki 6 metų";19;0;0;Ru
Fabijoniškių;Vėrinėlis;"Nuo 5 iki 7 metų";20;0;0;Lt
Fabijoniškių;Vėrinėlis;"Nuo 5 iki 7 metų";20;0;2;Ru
Fabijoniškių;Vėrinėlis;"Nuo 5 iki 7 metų";19;0;0;Pl
Fabijoniškių;"Vilniaus Ateities mokykla";"Nuo 6 iki 7 metų";41;0;14;Ru
Fabijoniškių;"Vilniaus Simono Stanevičiaus progimnazija";"Nuo 6 iki 7 metų";75;0;3;Lt
Grigiškių;"Lokiuko giraitė";"Nuo 1,5 iki 3 metų";86;16;0;Lt
Grigiškių;"Lokiuko giraitė";"Nuo 3 iki 4 metų";75;4;0;Lt
Grigiškių;"Lokiuko giraitė";"Nuo 4 iki 5 metų";45;0;0;Lt
Grigiškių;"Lokiuko giraitė";"Nuo 5 iki 6 metų";41;0;2;Lt
Grigiškių;"Lokiuko giraitė";"Nuo 6 iki 7 metų";59;0;0;Lt
Grigiškių;Pelėdžiukas;"Nuo 1,5 iki 3 metų";33;28;0;Lt
Grigiškių;Pelėdžiukas;"Nuo 3 iki 4 metų";51;2;0;Lt
Grigiškių;Pelėdžiukas;"Nuo 4 iki 5 metų";27;0;0;Lt
Grigiškių;Pelėdžiukas;"Nuo 5 iki 6 metų";23;2;0;Lt
Grigiškių;Pelėdžiukas;"Nuo 6 iki 7 metų";42;2;0;Lt
Grigiškių;Rugelis;"Nuo 1,5 iki 3 metų";62;2;0;Lt
Grigiškių;Rugelis;"Nuo 2 iki 4 metų";21;7;0;Lt
Grigiškių;Rugelis;"Nuo 2 iki 4 metų";32;2;0;Ru
Grigiškių;Rugelis;"Nuo 2 iki 6 metų";26;0;1;Pl
Grigiškių;Rugelis;"Nuo 3 iki 4 metų";19;3;0;Lt
Grigiškių;Rugelis;"Nuo 4 iki 5 metų";43;1;0;Lt
Grigiškių;Rugelis;"Nuo 4 iki 6 metų";23;3;0;Ru
Grigiškių;Rugelis;"Nuo 5 iki 6 metų";24;0;0;Lt
Grigiškių;Rugelis;"Nuo 6 iki 7 metų";25;1;0;Lt
Grigiškių;"Vilniaus savivaldybės Grigiškių gimnazija";"Nuo 5 iki 7 metų";9;0;21;Pl
Grigiškių;"Vilniaus savivaldybės Grigiškių gimnazija";"Nuo 6 iki 7 metų";48;0;21;Ru
Justiniškių;Berželis;"Nuo 1,5 iki 3 metų";50;9;0;Ru
Justiniškių;Berželis;"Nuo 3 iki 4 metų";22;1;1;Ru
Justiniškių;Berželis;"Nuo 4 iki 5 metų";23;1;0;Ru
Justiniškių;Berželis;"Nuo 5 iki 6 metų";22;0;0;Ru
Justiniškių;Berželis;"Nuo 6 iki 7 metų";30;1;1;Ru
Justiniškių;Justinukas;"Nuo 1,5 iki 3 metų";68;14;0;Lt
Justiniškių;Justinukas;"Nuo 3 iki 4 metų";42;0;0;Lt
Justiniškių;Justinukas;"Nuo 4 iki 5 metų";63;0;0;Lt
Justiniškių;Justinukas;"Nuo 4 iki 6 metų";21;0;0;Lt
Justiniškių;Justinukas;"Nuo 5 iki 6 metų";58;0;0;Lt
Justiniškių;Nykštukas;"Nuo 1,5 iki 3 metų";94;18;1;Lt
Justiniškių;Nykštukas;"Nuo 3 iki 4 metų";65;1;27;Lt
Justiniškių;Nykštukas;"Nuo 4 iki 5 metų";46;0;0;Lt
Justiniškių;Nykštukas;"Nuo 5 iki 6 metų";51;0;0;Lt
Justiniškių;Nykštukas;"Nuo 6 iki 7 metų";66;0;0;Lt
Justiniškių;Pasakaitė;"Nuo 1,5 iki 3 metų";64;26;0;Lt
Justiniškių;Pasakaitė;"Nuo 3 iki 4 metų";30;1;0;Lt
Justiniškių;Pasakaitė;"Nuo 3 iki 6 metų";59;1;0;Lt
Justiniškių;Pasakaitė;"Nuo 4 iki 5 metų";22;1;0;Lt
Justiniškių;Pasakaitė;"Nuo 5 iki 6 metų";39;0;0;Lt
Justiniškių;Pasakaitė;"Nuo 6 iki 7 metų";24;0;7;Lt
Justiniškių;Pelenė;"Nuo 1,5 iki 3 metų";42;11;0;Lt
Justiniškių;Pelenė;"Nuo 1,5 iki 3 metų";50;5;10;Ru
Justiniškių;Pelenė;"Nuo 3 iki 4 metų";27;0;7;Lt
Justiniškių;Pelenė;"Nuo 3 iki 4 metų";26;1;1;Ru
Justiniškių;Pelenė;"Nuo 4 iki 5 metų";25;0;0;Lt
Justiniškių;Pelenė;"Nuo 4 iki 5 metų";23;0;2;Ru
Justiniškių;Pelenė;"Nuo 5 iki 6 metų";22;0;0;Ru
Justiniškių;Pelenė;"Nuo 5 iki 7 metų";23;0;0;Lt
Justiniškių;Pelenė;"Nuo 6 iki 7 metų";18;0;2;Lt
Justiniškių;Pelenė;"Nuo 6 iki 7 metų";18;0;4;Ru
Justiniškių;Saulėgrąža;"Nuo 1,5 iki 3 metų";44;14;0;Lt
Justiniškių;Saulėgrąža;"Nuo 3 iki 4 metų";53;1;0;Lt
Justiniškių;Saulėgrąža;"Nuo 4 iki 5 metų";63;0;3;Lt
Justiniškių;Saulėgrąža;"Nuo 5 iki 6 metų";63;1;5;Lt
Justiniškių;Saulėgrąža;"Nuo 6 iki 7 metų";53;0;6;Lt
Justiniškių;Vilija;"Nuo 1,5 iki 3 metų";63;16;0;Pl
Justiniškių;Vilija;"Nuo 3 iki 4 metų";63;3;0;Pl
Justiniškių;Vilija;"Nuo 3 iki 6 metų";20;0;0;Ru
Justiniškių;Vilija;"Nuo 3 iki 5 metų";22;0;0;Pl
Justiniškių;Vilija;"Nuo 4 iki 5 metų";48;0;0;Pl
Justiniškių;Vilija;"Nuo 5 iki 6 metų";61;0;0;Pl
Justiniškių;Vilija;"Nuo 6 iki 7 metų";64;1;2;Pl
Justiniškių;"Vilniaus „Pelėdos” pradinė mokykla";"Nuo 6 iki 7 metų";93;5;0;Lt
Justiniškių;"Vilniaus Taikos progimnazija";"Nuo 6 iki 7 metų";111;0;5;Lt
Justiniškių;Žilvinėlis;"Nuo 1,5 iki 3 metų";55;32;0;Lt
Justiniškių;Žilvinėlis;"Nuo 3 iki 4 metų";88;7;0;Lt
Justiniškių;Žilvinėlis;"Nuo 4 iki 5 metų";48;0;0;Lt
Justiniškių;Žilvinėlis;"Nuo 5 iki 6 metų";48;1;0;Lt
Justiniškių;Žilvinėlis;"Nuo 6 iki 7 metų";46;0;0;Lt
Karoliniškių;Delfinukas;"Iki 1,5 metų";13;23;0;Lt
Karoliniškių;Delfinukas;"Nuo 1,5 iki 3 metų";51;44;0;Lt
Karoliniškių;Delfinukas;"Nuo 3 iki 4 metų";98;4;1;Lt
Karoliniškių;Delfinukas;"Nuo 3 iki 6 metų";19;0;0;Lt
Karoliniškių;Delfinukas;"Nuo 4 iki 5 metų";30;4;0;Lt
Karoliniškių;Delfinukas;"Nuo 5 iki 6 metų";57;1;0;Lt
Karoliniškių;Lokiukas;"Nuo 1,5 iki 3 metų";30;9;0;Ru
Karoliniškių;Lokiukas;"Nuo 3 iki 4 metų";30;1;0;Ru
Karoliniškių;Lokiukas;"Nuo 4 iki 5 metų";24;2;0;Ru
Karoliniškių;Lokiukas;"Nuo 5 iki 6 metų";25;1;0;Ru
Karoliniškių;Lokiukas;"Nuo 6 iki 7 metų";46;0;7;Ru
Karoliniškių;Medynėlis;"Nuo 1,5 iki 3 metų";56;54;0;Lt
Karoliniškių;Medynėlis;"Nuo 3 iki 4 metų";66;6;0;Lt
Karoliniškių;Medynėlis;"Nuo 4 iki 5 metų";66;8;0;Lt
Karoliniškių;Medynėlis;"Nuo 5 iki 6 metų";87;0;0;Lt
Karoliniškių;Medynėlis;"Nuo 6 iki 7 metų";37;0;0;Lt
Karoliniškių;Raktelis;"Nuo 1,5 iki 3 metų";34;3;0;Ru
Karoliniškių;Raktelis;"Nuo 1,5 iki 3 metų";66;11;0;Pl
Karoliniškių;Raktelis;"Nuo 3 iki 4 metų";30;0;0;Pl
Karoliniškių;Raktelis;"Nuo 3 iki 5 metų";30;0;0;Ru
Karoliniškių;Raktelis;"Nuo 3 iki 5 metų";24;2;0;Pl
Karoliniškių;Raktelis;"Nuo 4 iki 5 metų";25;1;0;Pl
Karoliniškių;Raktelis;"Nuo 5 iki 6 metų";25;3;0;Pl
Karoliniškių;Raktelis;"Nuo 5 iki 7 metų";27;0;0;Ru
Karoliniškių;Raktelis;"Nuo 6 iki 7 metų";21;0;0;Pl
Karoliniškių;Strazdelis;"Nuo 1,5 iki 3 metų";69;35;0;Lt
Karoliniškių;Strazdelis;"Nuo 3 iki 4 metų";59;5;0;Lt
Karoliniškių;Strazdelis;"Nuo 3 iki 6 metų";22;3;0;Lt
Karoliniškių;Strazdelis;"Nuo 4 iki 5 metų";67;8;0;Lt
Karoliniškių;Strazdelis;"Nuo 5 iki 6 metų";47;0;0;Lt
Karoliniškių;Strazdelis;"Nuo 6 iki 7 metų";23;1;0;Lt
Karoliniškių;Šilelis;"Nuo 1,5 iki 3 metų";33;14;0;Lt
Karoliniškių;Šilelis;"Nuo 1,5 iki 3 metų";34;4;0;Ru
Karoliniškių;Šilelis;"Nuo 3 iki 4 metų";28;3;0;Lt
Karoliniškių;Šilelis;"Nuo 3 iki 4 metų";29;2;0;Ru
Karoliniškių;Šilelis;"Nuo 3 iki 6 metų";22;0;0;Pl
Karoliniškių;Šilelis;"Nuo 4 iki 5 metų";24;0;0;Lt
Karoliniškių;Šilelis;"Nuo 4 iki 5 metų";24;0;0;Ru
Karoliniškių;Šilelis;"Nuo 5 iki 6 metų";20;0;0;Lt
Karoliniškių;Šilelis;"Nuo 5 iki 6 metų";19;0;1;Ru
Karoliniškių;Šilelis;"Nuo 5 iki 7 metų";24;0;2;Lt
Karoliniškių;Šilelis;"Nuo 5 iki 7 metų";13;0;2;Ru
Karoliniškių;Šilelis;"Nuo 6 iki 7 metų";21;0;1;Lt
Karoliniškių;"Vilniaus „Spindulio“ progimnazija";"Nuo 6 iki 7 metų";134;0;1;Lt
Karoliniškių;"Vilniaus Pranciškaus Skorinos gimnazija";"Nuo 5 iki 7 metų";30;0;14;Ru
Karoliniškių;"Vilniaus Ryto progimnazija";"Nuo 5 iki 7 metų";71;1;27;Lt
Karoliniškių;Žiburėlis;"Nuo 1,5 iki 3 metų";50;11;0;Lt
Karoliniškių;Žiburėlis;"Nuo 3 iki 4 metų";19;3;0;Lt
Karoliniškių;Žiburėlis;"Nuo 4 iki 5 metų";24;2;0;Lt
Karoliniškių;Žiburėlis;"Nuo 5 iki 6 metų";24;0;0;Lt
Karoliniškių;Žiburėlis;"Nuo 6 iki 7 metų";41;0;21;Lt
Lazdynų;Giraitė;"Nuo 1,5 iki 3 metų";72;17;0;Lt
Lazdynų;Giraitė;"Nuo 3 iki 4 metų";64;0;8;Lt
Lazdynų;Giraitė;"Nuo 4 iki 5 metų";43;1;0;Lt
Lazdynų;Giraitė;"Nuo 5 iki 6 metų";62;0;0;Lt
Lazdynų;Giraitė;"Nuo 6 iki 7 metų";52;0;2;Lt
Lazdynų;Lazdynėlis;"Nuo 1,5 iki 3 metų";38;55;0;Lt
Lazdynų;Lazdynėlis;"Nuo 3 iki 4 metų";82;4;0;Lt
Lazdynų;Lazdynėlis;"Nuo 4 iki 5 metų";38;1;0;Lt
Lazdynų;Lazdynėlis;"Nuo 5 iki 6 metų";60;5;0;Lt
Lazdynų;Lazdynėlis;"Nuo 6 iki 7 metų";26;1;0;Lt
Lazdynų;"Lazdynų mokykla";"Nuo 2 iki 6 metų";18;4;0;Lt
Lazdynų;"Lazdynų mokykla";"Nuo 2 iki 6 metų";21;0;2;Pl
Lazdynų;"Lazdynų mokykla";"Nuo 6 iki 7 metų";29;0;15;Ru
Lazdynų;"Lazdynų mokykla";"Nuo 6 iki 7 metų";16;2;20;Pl
Lazdynų;Obelėlė;"Nuo 1,5 iki 3 metų";76;22;0;Lt
Lazdynų;Obelėlė;"Nuo 3 iki 4 metų";69;0;0;Lt
Lazdynų;Obelėlė;"Nuo 4 iki 5 metų";39;1;0;Lt
Lazdynų;Obelėlė;"Nuo 5 iki 6 metų";39;0;0;Lt
Lazdynų;Obelėlė;"Nuo 6 iki 7 metų";56;0;0;Lt
Lazdynų;Pakalnutė;"Nuo 1,5 iki 3 metų";46;6;0;Lt
Lazdynų;Pakalnutė;"Nuo 2 iki 5 metų";26;2;0;Pl
Lazdynų;Pakalnutė;"Nuo 3 iki 4 metų";69;0;6;Lt
Lazdynų;Pakalnutė;"Nuo 4 iki 5 metų";20;0;10;Lt
Lazdynų;Pakalnutė;"Nuo 5 iki 6 metų";36;0;2;Lt
Lazdynų;Pakalnutė;"Nuo 6 iki 7 metų";18;0;1;Lt
Lazdynų;Riešutėlis;"Nuo 1,5 iki 3 metų";31;19;0;Lt
Lazdynų;Riešutėlis;"Nuo 3 iki 4 metų";68;0;2;Lt
Lazdynų;Riešutėlis;"Nuo 4 iki 5 metų";66;2;0;Lt
Lazdynų;Riešutėlis;"Nuo 5 iki 6 metų";59;0;11;Lt
Lazdynų;Riešutėlis;"Nuo 6 iki 7 metų";45;0;0;Lt
Lazdynų;Rytas;"Nuo 1,5 iki 3 metų";83;21;0;Lt
Lazdynų;Rytas;"Nuo 3 iki 4 metų";60;0;1;Lt
Lazdynų;Rytas;"Nuo 4 iki 5 metų";66;0;0;Lt
Lazdynų;Rytas;"Nuo 5 iki 6 metų";76;0;0;Lt
Lazdynų;Rytas;"Nuo 6 iki 7 metų";3;0;4;Lt
Lazdynų;Spygliukas;"Nuo 1,5 iki 3 metų";64;13;0;Lt
Lazdynų;Spygliukas;"Nuo 3 iki 4 metų";46;0;7;Lt
Lazdynų;Spygliukas;"Nuo 4 iki 5 metų";39;2;2;Lt
Lazdynų;Spygliukas;"Nuo 5 iki 6 metų";45;0;4;Lt
Lazdynų;Spygliukas;"Nuo 5 iki 7 metų";16;0;0;Lt
Lazdynų;Spygliukas;"Nuo 6 iki 7 metų";41;0;0;Lt
Lazdynų;Svaja;"Nuo 3 iki 4 metų";44;0;1;Ru
Lazdynų;Svaja;"Nuo 4 iki 5 metų";24;2;0;Ru
Lazdynų;Svaja;"Nuo 5 iki 6 metų";20;5;0;Ru
Lazdynų;Svaja;"Nuo 6 iki 7 metų";68;0;4;Ru
Lazdynų;"Vilniaus Sausio 13-osios mokykla";"Nuo 6 iki 7 metų";77;0;32;Lt
Lazdynų;Žemuogėlė;"Nuo 1,5 iki 3 metų";58;14;0;Lt
Lazdynų;Žemuogėlė;"Nuo 1,5 iki 3 metų";30;5;0;Ru
Lazdynų;Žemuogėlė;"Nuo 3 iki 4 metų";24;0;0;Lt
Lazdynų;Žemuogėlė;"Nuo 3 iki 5 metų";21;1;0;Ru
Lazdynų;Žemuogėlė;"Nuo 4 iki 5 metų";21;0;0;Lt
Lazdynų;Žemuogėlė;"Nuo 5 iki 6 metų";33;0;3;Lt
Lazdynų;Žemuogėlė;"Nuo 5 iki 7 metų";22;1;0;Ru
Lazdynų;Žemuogėlė;"Nuo 6 iki 7 metų";22;0;2;Lt
Lazdynų;Žibutė;"Nuo 1,5 iki 3 metų";36;11;0;Lt
Lazdynų;Žibutė;"Nuo 3 iki 4 metų";43;0;0;Lt
Lazdynų;Žibutė;"Nuo 4 iki 5 metų";23;0;0;Lt
Lazdynų;Žibutė;"Nuo 5 iki 6 metų";23;0;0;Lt
Lazdynų;Žibutė;"Nuo 6 iki 7 metų";35;1;0;Lt
Naujamiesčio;Beržynėlis;"Iki 1,5 metų";12;13;0;Lt
Naujamiesčio;Beržynėlis;"Nuo 1,5 iki 3 metų";34;20;0;Lt
Naujamiesčio;Beržynėlis;"Nuo 3 iki 4 metų";21;0;0;Lt
Naujamiesčio;Beržynėlis;"Nuo 4 iki 5 metų";24;0;0;Lt
Naujamiesčio;Beržynėlis;"Nuo 5 iki 6 metų";22;5;0;Lt
Naujamiesčio;Beržynėlis;"Nuo 6 iki 7 metų";20;2;0;Lt
Naujamiesčio;Bildukas;"Nuo 1,5 iki 3 metų";48;5;1;Ru
Naujamiesčio;Bildukas;"Nuo 3 iki 7 metų";44;3;2;Ru
Naujamiesčio;Dainorėliai;"Nuo 3 iki 4 metų";66;1;0;Lt
Naujamiesčio;Dainorėliai;"Nuo 3 iki 5 metų";28;0;0;Lt
Naujamiesčio;Dainorėliai;"Nuo 4 iki 5 metų";22;2;0;Lt
Naujamiesčio;Dainorėliai;"Nuo 5 iki 7 metų";31;0;0;Lt
Naujamiesčio;Dainorėliai;"Nuo 6 iki 7 metų";25;1;0;Lt
Naujamiesčio;Drevinukas;"Nuo 1,5 iki 3 metų";31;22;0;Lt
Naujamiesčio;Drevinukas;"Nuo 3 iki 4 metų";64;0;8;Lt
Naujamiesčio;Drevinukas;"Nuo 4 iki 5 metų";45;0;3;Lt
Naujamiesčio;Drevinukas;"Nuo 5 iki 6 metų";22;0;0;Lt
Naujamiesčio;Drevinukas;"Nuo 5 iki 7 metų";21;0;0;Lt
Naujamiesčio;Drevinukas;"Nuo 6 iki 7 metų";21;0;0;Lt
Naujamiesčio;"Geniukų kalvė";"Nuo 1,5 iki 3 metų";65;39;0;Lt
Naujamiesčio;"Geniukų kalvė";"Nuo 3 iki 4 metų";79;2;1;Lt
Naujamiesčio;"Geniukų kalvė";"Nuo 4 iki 5 metų";49;0;1;Lt
Naujamiesčio;"Geniukų kalvė";"Nuo 5 iki 6 metų";68;0;0;Lt
Naujamiesčio;"Geniukų kalvė";"Nuo 6 iki 7 metų";62;5;0;Lt
Naujamiesčio;Kūlverstukas;"Nuo 1,5 iki 3 metų";27;6;0;Ru
Naujamiesčio;Kūlverstukas;"Nuo 3 iki 4 metų";25;0;0;Ru
Naujamiesčio;Kūlverstukas;"Nuo 4 iki 5 metų";21;2;0;Ru
Naujamiesčio;Kūlverstukas;"Nuo 5 iki 7 metų";21;0;0;Ru
Naujamiesčio;Kurpaitė;"Nuo 1,5 iki 3 metų";28;1;0;Ru
Naujamiesčio;Kurpaitė;"Nuo 3 iki 4 metų";21;0;5;Ru
Naujamiesčio;Kurpaitė;"Nuo 4 iki 5 metų";22;0;0;Ru
Naujamiesčio;Kurpaitė;"Nuo 5 iki 7 metų";23;0;0;Ru
Naujamiesčio;Mažylis;"Nuo 1,5 iki 3 metų";46;14;0;Lt
Naujamiesčio;Mažylis;"Nuo 3 iki 4 metų";27;5;0;Lt
Naujamiesčio;Mažylis;"Nuo 4 iki 5 metų";22;0;0;Lt
Naujamiesčio;Mažylis;"Nuo 5 iki 6 metų";19;0;0;Lt
Naujamiesčio;Mažylis;"Nuo 6 iki 7 metų";35;3;0;Lt
Naujamiesčio;Pagrandukas;"Nuo 1,5 iki 3 metų";33;20;0;Lt
Naujamiesčio;Pagrandukas;"Nuo 3 iki 4 metų";28;1;0;Lt
Naujamiesčio;Pagrandukas;"Nuo 3 iki 6 metų";27;0;0;Lt
Naujamiesčio;Pagrandukas;"Nuo 4 iki 5 metų";23;2;0;Lt
Naujamiesčio;Pagrandukas;"Nuo 5 iki 6 metų";23;0;0;Lt
Naujamiesčio;Pagrandukas;"Nuo 6 iki 7 metų";21;7;0;Lt
Naujamiesčio;Sadutė;"Nuo 1,5 iki 3 metų";33;29;0;Lt
Naujamiesčio;Sadutė;"Nuo 3 iki 4 metų";20;3;0;Lt
Naujamiesčio;Sadutė;"Nuo 4 iki 5 metų";26;1;0;Lt
Naujamiesčio;Sadutė;"Nuo 5 iki 6 metų";44;0;0;Lt
Naujamiesčio;Sadutė;"Nuo 6 iki 7 metų";26;0;0;Lt
Naujamiesčio;Salvija;"Nuo 2 iki 4 metų";26;8;0;He
Naujamiesčio;Salvija;"Nuo 4 iki 7 metų";29;0;0;He
Naujamiesčio;Šnekutis;"Nuo 1,5 iki 3 metų";58;8;0;Lt
Naujamiesčio;Šnekutis;"Nuo 3 iki 4 metų";36;2;0;Lt
Naujamiesčio;Šnekutis;"Nuo 4 iki 5 metų";24;0;0;Lt
Naujamiesčio;Šnekutis;"Nuo 5 iki 6 metų";40;0;0;Lt
Naujamiesčio;"Vilniaus Karaliaus Mindaugo pagrindinė mokykla";"Nuo 6 iki 7 metų";50;0;25;Lt
Naujamiesčio;"Vilniaus Simono Konarskio mokykla";"Nuo 5 iki 7 metų";27;0;24;Pl
Naujininkų;Daigelis;"Iki 1,5 metų";18;0;2;Ru
Naujininkų;Daigelis;"Nuo 1,5 iki 3 metų";45;2;0;Ru
Naujininkų;Daigelis;"Nuo 3 iki 4 metų";33;0;2;Ru
Naujininkų;Daigelis;"Nuo 3 iki 5 metų";26;1;0;Ru
Naujininkų;Daigelis;"Nuo 3 iki 7 metų";20;0;0;Ru
Naujininkų;Daigelis;"Nuo 4 iki 7 metų";17;0;0;Lt
Naujininkų;Daigelis;"Nuo 4 iki 7 metų";20;0;0;Ru
Naujininkų;Daigelis;"Nuo 5 iki 7 metų";20;0;0;Ru
Naujininkų;"Du gaideliai";"Nuo 1,5 iki 3 metų";50;8;1;Lt
Naujininkų;"Du gaideliai";"Nuo 3 iki 4 metų";22;7;0;Lt
Naujininkų;"Du gaideliai";"Nuo 4 iki 5 metų";20;0;0;Lt
Naujininkų;"Du gaideliai";"Nuo 5 iki 6 metų";22;0;2;Lt
Naujininkų;"Du gaideliai";"Nuo 6 iki 7 metų";21;3;0;Lt
Naujininkų;Gervelė;"Nuo 1,5 iki 3 metų";26;8;0;Lt
Naujininkų;Gervelė;"Nuo 3 iki 4 metų";31;1;0;Lt
Naujininkų;Gervelė;"Nuo 3 iki 7 metų";22;0;0;Ru
Naujininkų;Gervelė;"Nuo 4 iki 5 metų";21;1;0;Lt
Naujininkų;Gervelė;"Nuo 5 iki 6 metų";17;0;4;Lt
Naujininkų;Gervelė;"Nuo 6 iki 7 metų";22;0;0;Lt
Naujininkų;Lašelis;"Iki 1,5 metų";16;0;3;Ru
Naujininkų;Lašelis;"Nuo 1,5 iki 3 metų";23;7;0;Ru
Naujininkų;Lašelis;"Nuo 3 iki 4 metų";31;0;20;Ru
Naujininkų;Lašelis;"Nuo 4 iki 5 metų";20;0;4;Ru
Naujininkų;Lašelis;"Nuo 5 iki 6 metų";20;0;3;Ru
Naujininkų;Lašelis;"Nuo 6 iki 7 metų";15;0;0;Ru
Naujininkų;Liepsnelė;"Nuo 1,5 iki 3 metų";52;2;0;Ru
Naujininkų;Liepsnelė;"Nuo 3 iki 4 metų";3;0;20;Lt
Naujininkų;Liepsnelė;"Nuo 3 iki 4 metų";21;0;0;Ru
Naujininkų;Liepsnelė;"Nuo 3 iki 5 metų";20;2;0;Ru
Naujininkų;Liepsnelė;"Nuo 3 iki 6 metų";19;0;0;Ru
Naujininkų;Liepsnelė;"Nuo 4 iki 5 metų";23;1;0;Ru
Naujininkų;Liepsnelė;"Nuo 4 iki 7 metų";23;0;3;Lt
Naujininkų;Liepsnelė;"Nuo 5 iki 7 metų";21;0;0;Ru
Naujininkų;Pabiručiai;"Nuo 1,5 iki 3 metų";87;11;0;Lt
Naujininkų;Pabiručiai;"Nuo 3 iki 4 metų";49;3;0;Lt
Naujininkų;Pabiručiai;"Nuo 4 iki 5 metų";47;1;0;Lt
Naujininkų;Pabiručiai;"Nuo 5 iki 6 metų";40;0;5;Lt
Naujininkų;Pabiručiai;"Nuo 6 iki 7 metų";38;0;7;Lt
Naujininkų;Salininkų;"Nuo 1,5 iki 3 metų";67;17;0;Lt
Naujininkų;Salininkų;"Nuo 3 iki 4 metų";27;10;0;Lt
Naujininkų;Salininkų;"Nuo 4 iki 5 metų";23;3;0;Lt
Naujininkų;Salininkų;"Nuo 5 iki 6 metų";33;4;0;Lt
Naujininkų;Šaltinėlis;"Nuo 1,5 iki 3 metų";42;14;0;Pl
Naujininkų;Šaltinėlis;"Nuo 3 iki 4 metų";29;0;3;Pl
Naujininkų;Šaltinėlis;"Nuo 3 iki 7 metų";18;0;0;Ru
Naujininkų;Šaltinėlis;"Nuo 4 iki 5 metų";23;0;1;Pl
Naujininkų;Šaltinėlis;"Nuo 5 iki 6 metų";24;0;2;Pl
Naujininkų;Šaltinėlis;"Nuo 6 iki 7 metų";36;1;5;Pl
Naujininkų;"Vilniaus Naujininkų mokykla";"Nuo 3 iki 6 metų";25;0;1;Lt
Naujininkų;"Vilniaus Naujininkų mokykla";"Nuo 6 iki 7 metų";26;0;8;Lt
Naujininkų;"Vilniaus Salininkų gimnazija";"Nuo 6 iki 7 metų";79;0;0;Lt
Naujininkų;"Vilniaus Saulėtekio mokykla-daugiafunkcinis centras";"Nuo 5 iki 7 metų";56;0;4;Ru
Naujininkų;Želmenėliai;"Nuo 1,5 iki 3 metų";90;13;0;Lt
Naujininkų;Želmenėliai;"Nuo 3 iki 4 metų";44;4;0;Lt
Naujininkų;Želmenėliai;"Nuo 4 iki 5 metų";44;2;0;Lt
Naujininkų;Želmenėliai;"Nuo 4 iki 6 metų";19;0;0;Lt
Naujininkų;Želmenėliai;"Nuo 5 iki 6 metų";41;0;5;Lt
Naujininkų;Želmenėliai;"Nuo 6 iki 7 metų";38;0;4;Lt
"Naujosios Vilnios";"„Atžalyno” mokykla-darželis";"Nuo 3 iki 4 metų";17;1;0;Lt
"Naujosios Vilnios";"„Atžalyno” mokykla-darželis";"Nuo 3 iki 6 metų";24;0;0;Lt
"Naujosios Vilnios";"„Atžalyno” mokykla-darželis";"Nuo 4 iki 5 metų";3;0;0;Lt
"Naujosios Vilnios";"„Atžalyno” mokykla-darželis";"Nuo 6 iki 7 metų";30;7;0;Lt
"Naujosios Vilnios";Coliukė;"Nuo 1 iki 2 metų";18;20;0;Lt
"Naujosios Vilnios";Coliukė;"Nuo 1,5 iki 3 metų";26;23;0;Lt
"Naujosios Vilnios";Coliukė;"Nuo 3 iki 7 metų";23;9;0;Lt
"Naujosios Vilnios";Coliukė;"Nuo 3 iki 7 metų";46;4;3;Ru
"Naujosios Vilnios";Coliukė;"Nuo 3 iki 7 metų";26;0;2;Pl
"Naujosios Vilnios";Paslaptis;"Nuo 1,5 iki 3 metų";33;10;0;Ru
"Naujosios Vilnios";Paslaptis;"Nuo 3 iki 5 metų";29;7;0;Ru
"Naujosios Vilnios";Paslaptis;"Nuo 5 iki 7 metų";22;3;0;Ru
"Naujosios Vilnios";Saulėtekis;"Nuo 1,5 iki 3 metų";43;46;0;Lt
"Naujosios Vilnios";Saulėtekis;"Nuo 1,5 iki 3 metų";15;7;0;Ru
"Naujosios Vilnios";Saulėtekis;"Nuo 3 iki 4 metų";52;7;0;Lt
"Naujosios Vilnios";Saulėtekis;"Nuo 3 iki 4 metų";19;4;0;Ru
"Naujosios Vilnios";Saulėtekis;"Nuo 4 iki 5 metų";41;1;0;Lt
"Naujosios Vilnios";Saulėtekis;"Nuo 4 iki 6 metų";20;4;0;Ru
"Naujosios Vilnios";Saulėtekis;"Nuo 5 iki 6 metų";63;0;0;Lt
"Naujosios Vilnios";Saulėtekis;"Nuo 6 iki 7 metų";37;0;0;Lt
"Naujosios Vilnios";Saulėtekis;"Nuo 6 iki 7 metų";21;1;0;Ru
"Naujosios Vilnios";Vilnelė;"Nuo 1,5 iki 3 metų";59;41;0;Lt
"Naujosios Vilnios";Vilnelė;"Nuo 3 iki 4 metų";69;7;0;Lt
"Naujosios Vilnios";Vilnelė;"Nuo 4 iki 5 metų";61;5;0;Lt
"Naujosios Vilnios";Vilnelė;"Nuo 5 iki 6 metų";42;0;0;Lt
"Naujosios Vilnios";Vilnelė;"Nuo 6 iki 7 metų";60;0;0;Lt
"Naujosios Vilnios";"Vilniaus Juzefo Ignacijaus Kraševskio gimnazija";"Nuo 5 iki 6 metų";3;0;18;Pl
"Naujosios Vilnios";"Vilniaus Juzefo Ignacijaus Kraševskio gimnazija";"Nuo 5 iki 7 metų";23;0;16;Pl
"Naujosios Vilnios";"Vilnios pagrindinė mokykla";"Nuo 3 iki 4 metų";28;1;0;Lt
"Naujosios Vilnios";"Vilnios pagrindinė mokykla";"Nuo 3 iki 5 metų";0;0;23;Lt
"Naujosios Vilnios";"Vilnios pagrindinė mokykla";"Nuo 4 iki 6 metų";12;0;11;Lt
"Naujosios Vilnios";"Vilnios pagrindinė mokykla";"Nuo 6 iki 7 metų";21;0;10;Lt
"Naujosios Vilnios";Žaliakalnio;"Nuo 3 iki 4 metų";42;3;0;Pl
"Naujosios Vilnios";Žaliakalnio;"Nuo 4 iki 5 metų";45;0;1;Pl
"Naujosios Vilnios";Žaliakalnio;"Nuo 5 iki 6 metų";21;0;1;Pl
"Naujosios Vilnios";Žaliakalnio;"Nuo 6 iki 7 metų";34;0;21;Pl
"Naujosios Vilnios";Žiogelis;"Nuo 1,5 iki 3 metų";72;84;0;Lt
"Naujosios Vilnios";Žiogelis;"Nuo 3 iki 4 metų";50;7;0;Lt
"Naujosios Vilnios";Žiogelis;"Nuo 3 iki 7 metų";23;0;4;Pl
"Naujosios Vilnios";Žiogelis;"Nuo 4 iki 5 metų";48;9;0;Lt
"Naujosios Vilnios";Žiogelis;"Nuo 5 iki 6 metų";49;7;0;Lt
"Naujosios Vilnios";Žiogelis;"Nuo 6 iki 7 metų";51;3;0;Lt
"Naujosios Vilnios";Žuvėdra;"Nuo 1,5 iki 3 metų";33;4;0;Ru
"Naujosios Vilnios";Žuvėdra;"Nuo 1,5 iki 3 metų";31;20;0;Pl
"Naujosios Vilnios";Žuvėdra;"Nuo 3 iki 5 metų";21;0;0;Lt
"Naujosios Vilnios";Žuvėdra;"Nuo 3 iki 5 metų";24;7;0;Ru
"Naujosios Vilnios";Žuvėdra;"Nuo 5 iki 7 metų";19;0;3;Lt
"Naujosios Vilnios";Žuvėdra;"Nuo 5 iki 7 metų";23;1;0;Ru
Panerių;Panerių;"Nuo 1,5 iki 3 metų";27;4;2;Lt
Panerių;Panerių;"Nuo 3 iki 5 metų";26;0;0;Lt
Panerių;Panerių;"Nuo 4 iki 7 metų";21;0;0;Lt
Panerių;"Trakų Vokė";"Nuo 1,5 iki 3 metų";40;26;0;Lt
Panerių;"Trakų Vokė";"Nuo 3 iki 4 metų";30;5;0;Lt
Panerių;"Trakų Vokė";"Nuo 4 iki 5 metų";21;3;0;Lt
Panerių;"Trakų Vokė";"Nuo 5 iki 6 metų";28;3;0;Lt
Panerių;Vaduvos;"Nuo 1,5 iki 3 metų";49;11;0;Lt
Panerių;Vaduvos;"Nuo 3 iki 4 metų";26;1;0;Lt
Panerių;Vaduvos;"Nuo 4 iki 5 metų";19;2;0;Lt
Panerių;Vaduvos;"Nuo 5 iki 6 metų";43;1;0;Lt
Panerių;Vaduvos;"Nuo 6 iki 7 metų";42;0;0;Lt
Panerių;"Vilniaus Trakų Vokės gimnazija";"Nuo 6 iki 7 metų";70;1;14;Lt
Pašilaičių;Aitvaras;"Nuo 1,5 iki 3 metų";34;65;-1;Lt
Pašilaičių;Aitvaras;"Nuo 2 iki 4 metų";20;1;0;Lt
Pašilaičių;Aitvaras;"Nuo 2 iki 5 metų";61;0;6;Lt
Pašilaičių;Aitvaras;"Nuo 3 iki 4 metų";26;14;0;Lt
Pašilaičių;Aitvaras;"Nuo 3 iki 6 metų";43;1;0;Lt
Pašilaičių;Aitvaras;"Nuo 4 iki 5 metų";27;8;0;Lt
Pašilaičių;Aitvaras;"Nuo 5 iki 6 metų";42;0;0;Lt
Pašilaičių;Aitvaras;"Nuo 6 iki 7 metų";31;1;0;Lt
Pašilaičių;Aušra;"Nuo 3 iki 4 metų";45;1;0;Lt
Pašilaičių;Aušra;"Nuo 4 iki 5 metų";24;3;0;Lt
Pašilaičių;Aušra;"Nuo 5 iki 6 metų";23;1;0;Lt
Pašilaičių;Aušra;"Nuo 6 iki 7 metų";27;4;0;Lt
Pašilaičių;Gabijėlė;"Nuo 1,5 iki 3 metų";35;130;0;Lt
Pašilaičių;Gabijėlė;"Nuo 3 iki 4 metų";101;36;0;Lt
Pašilaičių;Gabijėlė;"Nuo 4 iki 5 metų";62;22;0;Lt
Pašilaičių;Gabijėlė;"Nuo 5 iki 6 metų";81;0;0;Lt
Pašilaičių;Gabijėlė;"Nuo 6 iki 7 metų";66;14;0;Lt
Pašilaičių;Puriena;"Nuo 1,5 iki 3 metų";68;28;0;Lt
Pašilaičių;Puriena;"Nuo 3 iki 4 metų";77;2;0;Lt
Pašilaičių;Puriena;"Nuo 4 iki 5 metų";49;0;0;Lt
Pašilaičių;Puriena;"Nuo 5 iki 6 metų";44;1;0;Lt
Pašilaičių;Puriena;"Nuo 6 iki 7 metų";56;0;0;Lt
Pašilaičių;Vėjelis;"Nuo 1,5 iki 3 metų";13;36;0;Lt
Pašilaičių;Vėjelis;"Nuo 1,5 iki 3 metų";37;16;0;Pl
Pašilaičių;Vėjelis;"Nuo 2 iki 4 metų";37;8;0;Ru
Pašilaičių;Vėjelis;"Nuo 3 iki 4 metų";20;7;0;Lt
Pašilaičių;Vėjelis;"Nuo 3 iki 4 metų";23;0;0;Pl
Pašilaičių;Vėjelis;"Nuo 4 iki 5 metų";42;8;0;Lt
Pašilaičių;Vėjelis;"Nuo 4 iki 6 metų";21;4;0;Ru
Pašilaičių;Vėjelis;"Nuo 5 iki 6 metų";30;0;3;Lt
Pašilaičių;Vėjelis;"Nuo 5 iki 6 metų";20;0;0;Pl
Pašilaičių;Vėjelis;"Nuo 5 iki 7 metų";21;0;0;Lt
Pašilaičių;Vėjelis;"Nuo 5 iki 7 metų";21;0;0;Ru
Pašilaičių;Vėjelis;"Nuo 6 iki 7 metų";22;0;0;Lt
Pašilaičių;Žemyna;"Nuo 1,5 iki 3 metų";70;42;0;Lt
Pašilaičių;Žemyna;"Nuo 3 iki 4 metų";55;8;0;Lt
Pašilaičių;Žemyna;"Nuo 4 iki 5 metų";56;2;0;Lt
Pašilaičių;Žemyna;"Nuo 5 iki 6 metų";73;0;0;Lt
Pašilaičių;Žemyna;"Nuo 6 iki 7 metų";79;0;0;Lt
Pašilaičių;Žiedas;"Nuo 1,5 iki 3 metų";35;20;0;Lt
Pašilaičių;Žiedas;"Nuo 1,5 iki 3 metų";34;12;0;Ru
Pašilaičių;Žiedas;"Nuo 1,5 iki 3 metų";23;4;0;Pl
Pašilaičių;Žiedas;"Nuo 3 iki 4 metų";42;4;1;Lt
Pašilaičių;Žiedas;"Nuo 3 iki 5 metų";25;3;0;Ru
Pašilaičių;Žiedas;"Nuo 3 iki 6 metų";29;0;0;Pl
Pašilaičių;Žiedas;"Nuo 4 iki 5 metų";48;3;0;Lt
Pašilaičių;Žiedas;"Nuo 5 iki 6 metų";50;0;0;Lt
Pašilaičių;Žiedas;"Nuo 5 iki 7 metų";21;0;0;Ru
Pašilaičių;Žiedas;"Nuo 6 iki 7 metų";35;2;0;Lt
Pilaitės;Gilužis;"Nuo 1,5 iki 3 metų";72;98;0;Lt
Pilaitės;Gilužis;"Nuo 3 iki 4 metų";69;14;0;Lt
Pilaitės;Gilužis;"Nuo 4 iki 5 metų";44;7;0;Lt
Pilaitės;Gilužis;"Nuo 5 iki 6 metų";65;8;1;Lt
Pilaitės;Gilužis;"Nuo 6 iki 7 metų";108;5;1;Lt
Pilaitės;Pilaitukas;"Nuo 1,5 iki 3 metų";66;74;0;Lt
Pilaitės;Pilaitukas;"Nuo 1,5 iki 3 metų";24;12;0;Pl
Pilaitės;Pilaitukas;"Nuo 3 iki 4 metų";44;19;0;Lt
Pilaitės;Pilaitukas;"Nuo 3 iki 7 metų";25;1;0;Ru
Pilaitės;Pilaitukas;"Nuo 3 iki 7 metų";20;1;0;Pl
Pilaitės;Pilaitukas;"Nuo 4 iki 5 metų";46;12;0;Lt
Pilaitės;Pilaitukas;"Nuo 5 iki 6 metų";45;6;0;Lt
Pilaitės;Pilaitukas;"Nuo 6 iki 7 metų";49;11;0;Lt
Pilaitės;"Vilniaus Martyno Mažvydo progimnazija";"Nuo 6 iki 7 metų";44;16;0;Lt
Rasų;Klevelis;"Nuo 1,5 iki 3 metų";32;3;0;Ru
Rasų;Klevelis;"Nuo 3 iki 5 metų";20;1;0;Ru
Rasų;Klevelis;"Nuo 3 iki 7 metų";22;2;0;Lt
Rasų;Klevelis;"Nuo 5 iki 7 metų";23;0;0;Ru
Rasų;Markučiai;"Nuo 1,5 iki 3 metų";42;22;1;Lt
Rasų;Markučiai;"Nuo 3 iki 4 metų";46;0;0;Lt
Rasų;Markučiai;"Nuo 4 iki 5 metų";58;1;0;Lt
Rasų;Markučiai;"Nuo 5 iki 6 metų";40;0;0;Lt
Rasų;Markučiai;"Nuo 6 iki 7 metų";35;0;0;Lt
Rasų;Vėtrungė;"Iki 1,5 metų";20;5;0;Lt
Rasų;Vėtrungė;"Nuo 1,5 iki 3 metų";52;28;0;Lt
Rasų;Vėtrungė;"Nuo 1,5 iki 3 metų";30;2;0;Ru
Rasų;Vėtrungė;"Nuo 3 iki 4 metų";46;6;0;Lt
Rasų;Vėtrungė;"Nuo 4 iki 5 metų";66;3;0;Lt
Rasų;Vėtrungė;"Nuo 5 iki 6 metų";24;0;4;Lt
Rasų;Vėtrungė;"Nuo 6 iki 7 metų";36;0;2;Lt
Rasų;"Vilniaus Liepkalnio Pagrindinė Mokykla";"Nuo 5 iki 7 metų";31;1;3;Ru
Senamiesčio;Gėlynas;"Nuo 1,5 iki 3 metų";63;19;0;Lt
Senamiesčio;Gėlynas;"Nuo 3 iki 4 metų";19;0;0;Lt
Senamiesčio;Gėlynas;"Nuo 4 iki 5 metų";22;0;0;Lt
Senamiesčio;Gėlynas;"Nuo 5 iki 6 metų";20;0;0;Lt
Senamiesčio;Gėlynas;"Nuo 6 iki 7 metų";21;0;0;Lt
Senamiesčio;Gudrutis;"Nuo 1,5 iki 3 metų";47;21;0;Lt
Senamiesčio;Gudrutis;"Nuo 3 iki 4 metų";36;1;0;Lt
Senamiesčio;Gudrutis;"Nuo 4 iki 5 metų";24;2;0;Lt
Senamiesčio;Gudrutis;"Nuo 5 iki 6 metų";25;2;0;Lt
Senamiesčio;Gudrutis;"Nuo 6 iki 7 metų";22;3;0;Lt
Senamiesčio;Krivūlė;"Nuo 1,5 iki 3 metų";34;44;0;Lt
Senamiesčio;Krivūlė;"Nuo 2 iki 6 metų";27;27;0;Lt
Senamiesčio;Krivūlė;"Nuo 3 iki 4 metų";61;2;0;Lt
Senamiesčio;Krivūlė;"Nuo 4 iki 5 metų";40;6;0;Lt
Senamiesčio;Krivūlė;"Nuo 5 iki 6 metų";19;4;0;Lt
Senamiesčio;Krivūlė;"Nuo 5 iki 7 metų";19;2;0;Lt
Senamiesčio;Krivūlė;"Nuo 6 iki 7 metų";33;0;3;Lt
Senamiesčio;Rasa;"Iki 1,5 metų";19;7;1;Lt
Senamiesčio;Rasa;"Nuo 1,5 iki 3 metų";30;30;0;Lt
Senamiesčio;Rasa;"Nuo 3 iki 4 metų";40;1;0;Lt
Senamiesčio;Rasa;"Nuo 3 iki 6 metų";40;0;0;Lt
Senamiesčio;Rasa;"Nuo 4 iki 5 metų";40;0;0;Lt
Senamiesčio;Rasa;"Nuo 5 iki 6 metų";53;0;2;Lt
Senamiesčio;Rasa;"Nuo 6 iki 7 metų";37;1;1;Lt
Senamiesčio;Šypsena;"Nuo 1,5 iki 3 metų";60;6;0;Pl
Senamiesčio;Šypsena;"Nuo 3 iki 4 metų";22;3;0;Pl
Senamiesčio;Šypsena;"Nuo 4 iki 5 metų";20;0;0;Pl
Senamiesčio;Šypsena;"Nuo 5 iki 6 metų";24;0;0;Pl
Senamiesčio;Šypsena;"Nuo 6 iki 7 metų";15;0;3;Pl
Senamiesčio;Užupiukas;"Nuo 1,5 iki 3 metų";34;51;0;Lt
Senamiesčio;Užupiukas;"Nuo 3 iki 4 metų";106;1;0;Lt
Senamiesčio;Užupiukas;"Nuo 4 iki 5 metų";64;0;0;Lt
Senamiesčio;Užupiukas;"Nuo 5 iki 6 metų";42;2;0;Lt
Senamiesčio;Užupiukas;"Nuo 6 iki 7 metų";71;2;0;Lt
Šeškinės;Bitutė;"Nuo 1,5 iki 3 metų";61;23;0;Lt
Šeškinės;Bitutė;"Nuo 3 iki 4 metų";52;7;0;Lt
Šeškinės;Bitutė;"Nuo 3 iki 7 metų";20;3;0;Lt
Šeškinės;Bitutė;"Nuo 4 iki 5 metų";42;0;0;Lt
Šeškinės;Bitutė;"Nuo 5 iki 6 metų";61;0;0;Lt
Šeškinės;Bitutė;"Nuo 6 iki 7 metų";40;1;0;Lt
Šeškinės;Gelvonėlis;"Nuo 1,5 iki 3 metų";30;12;0;Lt
Šeškinės;Gelvonėlis;"Nuo 1,5 iki 3 metų";29;9;0;Ru
Šeškinės;Gelvonėlis;"Nuo 3 iki 4 metų";29;2;0;Lt
Šeškinės;Gelvonėlis;"Nuo 3 iki 4 metų";26;1;0;Ru
Šeškinės;Gelvonėlis;"Nuo 3 iki 7 metų";32;0;0;Pl
Šeškinės;Gelvonėlis;"Nuo 4 iki 5 metų";22;0;0;Lt
Šeškinės;Gelvonėlis;"Nuo 4 iki 5 metų";23;0;2;Ru
Šeškinės;Gelvonėlis;"Nuo 5 iki 6 metų";22;1;0;Lt
Šeškinės;Gelvonėlis;"Nuo 5 iki 6 metų";21;0;2;Ru
Šeškinės;Gelvonėlis;"Nuo 5 iki 7 metų";18;0;7;Ru
Šeškinės;Gelvonėlis;"Nuo 6 iki 7 metų";21;1;0;Lt
Šeškinės;Kodėlčiukas;"Nuo 1,5 iki 3 metų";138;23;0;Lt
Šeškinės;Kodėlčiukas;"Nuo 3 iki 4 metų";81;3;0;Lt
Šeškinės;Kodėlčiukas;"Nuo 4 iki 5 metų";63;1;0;Lt
Šeškinės;Kodėlčiukas;"Nuo 5 iki 6 metų";41;1;0;Lt
Šeškinės;Kodėlčiukas;"Nuo 5 iki 7 metų";20;0;0;Lt
Šeškinės;Kodėlčiukas;"Nuo 6 iki 7 metų";39;0;0;Lt
Šeškinės;Ozas;"Nuo 1,5 iki 3 metų";64;19;0;Lt
Šeškinės;Ozas;"Nuo 3 iki 4 metų";52;4;0;Lt
Šeškinės;Ozas;"Nuo 4 iki 5 metų";72;1;0;Lt
Šeškinės;Ozas;"Nuo 5 iki 6 metų";66;1;0;Lt
Šeškinės;Ozas;"Nuo 6 iki 7 metų";47;4;0;Lt
Šeškinės;Papartis;"Nuo 1,5 iki 3 metų";69;16;0;Lt
Šeškinės;Papartis;"Nuo 3 iki 4 metų";63;1;0;Lt
Šeškinės;Papartis;"Nuo 4 iki 5 metų";44;1;0;Lt
Šeškinės;Papartis;"Nuo 5 iki 6 metų";60;0;0;Lt
Šeškinės;Papartis;"Nuo 6 iki 7 metų";43;0;0;Lt
Šeškinės;Pelėda;"Nuo 1,5 iki 3 metų";77;30;0;Lt
Šeškinės;Pelėda;"Nuo 3 iki 4 metų";52;1;0;Lt
Šeškinės;Pelėda;"Nuo 3 iki 6 metų";23;1;0;Lt
Šeškinės;Pelėda;"Nuo 4 iki 5 metų";53;0;4;Lt
Šeškinės;Pelėda;"Nuo 5 iki 6 metų";47;1;0;Lt
Šeškinės;Pelėda;"Nuo 6 iki 7 metų";50;6;0;Lt
Šeškinės;Sveikuolis;"Nuo 1,5 iki 3 metų";66;8;0;Ru
Šeškinės;Sveikuolis;"Nuo 3 iki 4 metų";51;0;1;Ru
Šeškinės;Sveikuolis;"Nuo 4 iki 5 metų";45;0;1;Ru
Šeškinės;Sveikuolis;"Nuo 4 iki 6 metų";18;0;0;Ru
Šeškinės;Sveikuolis;"Nuo 5 iki 6 metų";43;2;2;Ru
Šeškinės;Sveikuolis;"Nuo 6 iki 7 metų";47;0;9;Ru
Šeškinės;Varpelis;"Nuo 1,5 iki 3 metų";59;18;0;Lt
Šeškinės;Varpelis;"Nuo 3 iki 4 metų";53;0;0;Lt
Šeškinės;Varpelis;"Nuo 3 iki 7 metų";31;0;0;Lt
Šeškinės;Varpelis;"Nuo 4 iki 5 metų";69;0;5;Lt
Šeškinės;Varpelis;"Nuo 5 iki 6 metų";42;0;0;Lt
Šeškinės;Varpelis;"Nuo 6 iki 7 metų";46;0;0;Lt
Šeškinės;"Vilniaus Maironio progimnazija";"Nuo 6 iki 7 metų";46;2;0;Lt
Šnipiškių;Drugelis;"Nuo 1,5 iki 3 metų";62;26;0;Lt
Šnipiškių;Drugelis;"Nuo 3 iki 4 metų";22;3;0;Lt
Šnipiškių;Drugelis;"Nuo 4 iki 5 metų";22;5;0;Lt
Šnipiškių;Drugelis;"Nuo 5 iki 6 metų";22;5;0;Lt
Šnipiškių;Drugelis;"Nuo 6 iki 7 metų";23;0;0;Lt
Šnipiškių;Pipiras;"Nuo 1,5 iki 3 metų";52;18;3;Lt
Šnipiškių;Pipiras;"Nuo 3 iki 4 metų";54;1;0;Lt
Šnipiškių;Pipiras;"Nuo 4 iki 5 metų";44;1;0;Lt
Šnipiškių;Pipiras;"Nuo 5 iki 6 metų";75;0;0;Lt
Šnipiškių;Pipiras;"Nuo 6 iki 7 metų";41;0;4;Lt
Šnipiškių;Pumpurėlis;"Nuo 1,5 iki 3 metų";65;36;1;Lt
Šnipiškių;Pumpurėlis;"Nuo 3 iki 4 metų";54;1;0;Lt
Šnipiškių;Pumpurėlis;"Nuo 3 iki 6 metų";19;13;0;Lt
Šnipiškių;Pumpurėlis;"Nuo 4 iki 5 metų";49;6;0;Lt
Šnipiškių;Pumpurėlis;"Nuo 5 iki 6 metų";41;5;0;Lt
Šnipiškių;Pumpurėlis;"Nuo 6 iki 7 metų";51;0;0;Lt
Šnipiškių;Švelnukas;"Nuo 1,5 iki 3 metų";36;21;0;Lt
Šnipiškių;Švelnukas;"Nuo 3 iki 4 metų";27;0;0;Lt
Šnipiškių;Švelnukas;"Nuo 3 iki 7 metų";27;6;0;Lt
Šnipiškių;Švelnukas;"Nuo 4 iki 5 metų";25;1;0;Lt
Šnipiškių;Švelnukas;"Nuo 5 iki 6 metų";22;1;0;Lt
Šnipiškių;Švelnukas;"Nuo 6 iki 7 metų";25;1;0;Lt
Šnipiškių;"Vilniaus Vladislavo Sirokomlės gimnazija";"Nuo 6 iki 7 metų";47;0;15;Pl
Verkių;Gintarėlis;"Nuo 1,5 iki 3 metų";52;69;0;Lt
Verkių;Gintarėlis;"Nuo 3 iki 4 metų";67;31;0;Lt
Verkių;Gintarėlis;"Nuo 3 iki 6 metų";28;11;0;Lt
Verkių;Gintarėlis;"Nuo 4 iki 5 metų";55;6;0;Lt
Verkių;Gintarėlis;"Nuo 5 iki 6 metų";69;13;0;Lt
Verkių;Gintarėlis;"Nuo 6 iki 7 metų";62;4;0;Lt
Verkių;"Naujųjų verkių";"Nuo 1,5 iki 3 metų";25;5;0;Ru
Verkių;"Naujųjų verkių";"Nuo 3 iki 7 metų";21;4;0;Ru
Verkių;Rūta;"Nuo 1,5 iki 3 metų";64;15;0;Lt
Verkių;Rūta;"Nuo 3 iki 4 metų";58;1;0;Lt
Verkių;Rūta;"Nuo 3 iki 6 metų";11;0;2;Lt
Verkių;Rūta;"Nuo 4 iki 5 metų";46;2;0;Lt
Verkių;Rūta;"Nuo 5 iki 6 metų";42;1;0;Lt
Verkių;Rūta;"Nuo 6 iki 7 metų";46;0;7;Lt
Verkių;Santariškių;"Nuo 1,5 iki 3 metų";47;233;0;Lt
Verkių;Santariškių;"Nuo 3 iki 4 metų";97;103;0;Lt
Verkių;Santariškių;"Nuo 4 iki 5 metų";31;128;0;Lt
Verkių;Santariškių;"Nuo 5 iki 6 metų";86;48;0;Lt
Verkių;Santariškių;"Nuo 6 iki 7 metų";71;24;-1;Lt
Verkių;Smalsučiai;"Nuo 1,5 iki 3 metų";70;23;0;Lt
Verkių;Smalsučiai;"Nuo 3 iki 4 metų";65;0;0;Lt
Verkių;Smalsučiai;"Nuo 4 iki 5 metų";66;0;0;Lt
Verkių;Smalsučiai;"Nuo 5 iki 6 metų";45;0;0;Lt
Verkių;Smalsučiai;"Nuo 6 iki 7 metų";57;0;7;Lt
Verkių;Šermukšnėlė;"Nuo 1,5 iki 3 metų";31;32;1;Lt
Verkių;Šermukšnėlė;"Nuo 1,5 iki 3 metų";30;5;0;Ru
Verkių;Šermukšnėlė;"Nuo 3 iki 4 metų";72;8;0;Lt
Verkių;Šermukšnėlė;"Nuo 3 iki 5 metų";20;3;0;Ru
Verkių;Šermukšnėlė;"Nuo 4 iki 5 metų";24;8;0;Lt
Verkių;Šermukšnėlė;"Nuo 5 iki 6 metų";60;6;0;Lt
Verkių;Šermukšnėlė;"Nuo 5 iki 7 metų";22;0;0;Ru
Verkių;Šermukšnėlė;"Nuo 6 iki 7 metų";44;0;6;Lt
Verkių;"Vilniaus Baltupių progimnazija";"Nuo 6 iki 7 metų";93;8;2;Lt
Verkių;Žirmūnėliai;"Nuo 1,5 iki 3 metų";72;26;0;Lt
Verkių;Žirmūnėliai;"Nuo 3 iki 4 metų";61;0;0;Lt
Verkių;Žirmūnėliai;"Nuo 3 iki 5 metų";44;4;0;Lt
Verkių;Žirmūnėliai;"Nuo 4 iki 5 metų";32;0;0;Lt
Verkių;Žirmūnėliai;"Nuo 5 iki 6 metų";45;4;0;Lt
Verkių;Žirmūnėliai;"Nuo 5 iki 7 metų";20;0;0;Lt
Verkių;Žirmūnėliai;"Nuo 6 iki 7 metų";43;0;3;Lt
Verkių;Žirniukas;"Nuo 1,5 iki 3 metų";32;30;0;Lt
Verkių;Žirniukas;"Nuo 3 iki 4 metų";44;0;0;Lt
Verkių;Žirniukas;"Nuo 3 iki 6 metų";20;2;0;Lt
Verkių;Žirniukas;"Nuo 3 iki 5 metų";0;0;0;Lt
Verkių;Žirniukas;"Nuo 3 iki 7 metų";17;3;0;Ru
Verkių;Žirniukas;"Nuo 4 iki 5 metų";21;2;0;Lt
Verkių;Žirniukas;"Nuo 4 iki 7 metų";1;0;2;Ru
Verkių;Žirniukas;"Nuo 5 iki 6 metų";20;2;0;Lt
Verkių;Žirniukas;"Nuo 6 iki 7 metų";45;1;0;Lt
Verkių;Žvangutis;"Nuo 1,5 iki 3 metų";30;19;0;Lt
Verkių;Žvangutis;"Nuo 3 iki 4 metų";49;0;2;Lt
Verkių;Žvangutis;"Nuo 4 iki 5 metų";25;0;0;Lt
Verkių;Žvangutis;"Nuo 5 iki 6 metų";21;0;0;Lt
Verkių;Žvangutis;"Nuo 6 iki 7 metų";39;0;0;Lt
Vilkpėdės;Aušrelė;"Nuo 1,5 iki 3 metų";59;16;1;Lt
Vilkpėdės;Aušrelė;"Nuo 3 iki 4 metų";61;0;9;Lt
Vilkpėdės;Aušrelė;"Nuo 4 iki 5 metų";38;2;0;Lt
Vilkpėdės;Aušrelė;"Nuo 5 iki 6 metų";61;0;7;Lt
Vilkpėdės;Aušrelė;"Nuo 5 iki 7 metų";19;0;0;Lt
Vilkpėdės;Aušrelė;"Nuo 6 iki 7 metų";25;0;1;Lt
Vilkpėdės;Bangelė;"Nuo 1,5 iki 3 metų";33;6;0;Ru
Vilkpėdės;Bangelė;"Nuo 1,5 iki 3 metų";33;1;0;Pl
Vilkpėdės;Bangelė;"Nuo 3 iki 4 metų";24;0;7;Ru
Vilkpėdės;Bangelė;"Nuo 3 iki 4 metų";28;0;3;Pl
Vilkpėdės;Bangelė;"Nuo 4 iki 5 metų";22;0;3;Ru
Vilkpėdės;Bangelė;"Nuo 4 iki 6 metų";23;0;1;Pl
Vilkpėdės;Bangelė;"Nuo 5 iki 6 metų";20;0;3;Ru
Vilkpėdės;Bangelė;"Nuo 5 iki 7 metų";24;0;4;Pl
Vilkpėdės;Bangelė;"Nuo 6 iki 7 metų";19;0;5;Ru
Vilkpėdės;Skroblinukas;"Nuo 1,5 iki 3 metų";100;11;0;Lt
Vilkpėdės;Skroblinukas;"Nuo 3 iki 4 metų";42;2;0;Lt
Vilkpėdės;Skroblinukas;"Nuo 4 iki 5 metų";41;0;0;Lt
Vilkpėdės;Skroblinukas;"Nuo 5 iki 6 metų";48;0;0;Lt
Vilkpėdės;Skroblinukas;"Nuo 6 iki 7 metų";45;0;0;Lt
Vilkpėdės;Vilkpėdės;"Nuo 1,5 iki 3 metų";72;5;0;Lt
Vilkpėdės;Vilkpėdės;"Nuo 3 iki 4 metų";26;0;0;Lt
Vilkpėdės;Vilkpėdės;"Nuo 4 iki 5 metų";22;1;0;Lt
Vilkpėdės;Vilkpėdės;"Nuo 5 iki 6 metų";22;1;3;Lt
Vilkpėdės;Vilkpėdės;"Nuo 6 iki 7 metų";29;0;1;Lt
Vilkpėdės;Viltenė;"Nuo 1,5 iki 3 metų";84;4;0;Lt
Vilkpėdės;Viltenė;"Nuo 3 iki 4 metų";59;0;6;Lt
Vilkpėdės;Viltenė;"Nuo 4 iki 5 metų";47;0;0;Lt
Vilkpėdės;Viltenė;"Nuo 5 iki 6 metų";45;0;0;Lt
Vilkpėdės;Viltenė;"Nuo 6 iki 7 metų";65;0;1;Lt
Viršuliškių;Gluosnis;"Nuo 1,5 iki 3 metų";57;28;0;Lt
Viršuliškių;Gluosnis;"Nuo 3 iki 4 metų";67;4;0;Lt
Viršuliškių;Gluosnis;"Nuo 4 iki 5 metų";45;0;4;Lt
Viršuliškių;Gluosnis;"Nuo 5 iki 7 metų";28;0;5;Lt
Viršuliškių;Jurginėlis;"Nuo 1,5 iki 3 metų";64;19;0;Lt
Viršuliškių;Jurginėlis;"Nuo 3 iki 4 metų";55;2;0;Lt
Viršuliškių;Jurginėlis;"Nuo 4 iki 5 metų";44;0;5;Lt
Viršuliškių;Jurginėlis;"Nuo 4 iki 6 metų";15;0;17;Lt
Viršuliškių;Jurginėlis;"Nuo 5 iki 6 metų";62;0;0;Lt
Viršuliškių;Jurginėlis;"Nuo 6 iki 7 metų";40;0;0;Lt
Viršuliškių;"Vilniaus Jono Pauliaus II progimnazija";"Nuo 6 iki 7 metų";132;0;5;Pl
Viršuliškių;"Vilniaus Levo Karsavino vidurinė mokykla";"Nuo 6 iki 7 metų";49;1;1;Ru
Viršuliškių;"Vilniaus Viršuliškių mokykla";"Nuo 6 iki 7 metų";83;0;23;Lt
Viršuliškių;Zylutė;"Nuo 1,5 iki 3 metų";26;8;0;Ru
Viršuliškių;Zylutė;"Nuo 2 iki 4 metų";33;1;0;Pl
Viršuliškių;Zylutė;"Nuo 3 iki 4 metų";36;1;5;Lt
Viršuliškių;Zylutė;"Nuo 3 iki 4 metų";28;0;4;Ru
Viršuliškių;Zylutė;"Nuo 4 iki 5 metų";35;0;0;Lt
Viršuliškių;Zylutė;"Nuo 4 iki 5 metų";21;0;0;Ru
Viršuliškių;Zylutė;"Nuo 4 iki 6 metų";20;0;7;Lt
Viršuliškių;Zylutė;"Nuo 4 iki 6 metų";19;0;1;Pl
Viršuliškių;Zylutė;"Nuo 5 iki 6 metų";19;0;1;Ru
Viršuliškių;Zylutė;"Nuo 6 iki 7 metų";19;0;0;Lt
Viršuliškių;Žilvitis;"Nuo 1,5 iki 3 metų";77;36;0;Lt
Viršuliškių;Žilvitis;"Nuo 3 iki 4 metų";79;6;0;Lt
Viršuliškių;Žilvitis;"Nuo 4 iki 5 metų";45;0;0;Lt
Viršuliškių;Žilvitis;"Nuo 5 iki 6 metų";48;0;2;Lt
Viršuliškių;Žilvitis;"Nuo 6 iki 7 metų";45;0;10;Lt
"Visos seniūnijos";Aidas;"Nuo 3 iki 7 metų";17;0;6;Lt
"Visos seniūnijos";Aidas;"Nuo 8m.";72;1;0;Lt
"Visos seniūnijos";Čiauškutis;"Nuo 1,5 iki 3 metų";18;0;2;Lt
"Visos seniūnijos";Čiauškutis;"Nuo 3 iki 4 metų";15;2;0;Lt
"Visos seniūnijos";Čiauškutis;"Nuo 4 iki 5 metų";41;0;1;Lt
"Visos seniūnijos";Čiauškutis;"Nuo 5 iki 6 metų";30;0;4;Lt
"Visos seniūnijos";Čiauškutis;"Nuo 6 iki 7 metų";55;1;0;Lt
"Visos seniūnijos";"Prie pasakų parko";"Nuo 1,5 iki 3 metų";34;1;0;Ru
"Visos seniūnijos";"Prie pasakų parko";"Nuo 1,5 iki 3 metų";13;1;0;Pl
"Visos seniūnijos";"Prie pasakų parko";"Nuo 3 iki 4 metų";19;0;11;Pl
"Visos seniūnijos";"Prie pasakų parko";"Nuo 3 iki 6 metų";15;0;3;Ru
"Visos seniūnijos";"Prie pasakų parko";"Nuo 3 iki 5 metų";33;0;6;Ru
"Visos seniūnijos";"Prie pasakų parko";"Nuo 3 iki 5 metų";10;0;4;Pl
"Visos seniūnijos";"Prie pasakų parko";"Nuo 5 iki 6 metų";16;0;2;Ru
"Visos seniūnijos";"Prie pasakų parko";"Nuo 5 iki 7 metų";9;0;4;Ru
"Visos seniūnijos";"Prie pasakų parko";"Nuo 6 iki 7 metų";14;0;18;Ru
"Visos seniūnijos";"Prie pasakų parko";"Nuo 6 iki 7 metų";6;0;4;Pl
"Visos seniūnijos";"VĮ Mažasis Trinapolis mok. 160 Eur";"Nuo 2 iki 3 metų";2;0;0;Lt
"Visos seniūnijos";"VĮ Mažasis Trinapolis mok. 160 Eur";"Nuo 2 iki 4 metų";6;3;0;Lt
"Visos seniūnijos";"VĮ Mažasis Trinapolis mok. 160 Eur";"Nuo 3 iki 4 metų";24;2;0;Lt
"Visos seniūnijos";"VĮ Mažasis Trinapolis mok. 160 Eur";"Nuo 4 iki 5 metų";14;1;-5;Lt
"Visos seniūnijos";"VĮ Mažasis Trinapolis mok. 160 Eur";"Nuo 4 iki 6 metų";17;0;-1;Lt
"Visos seniūnijos";"VĮ Mažasis Trinapolis mok. 160 Eur";"Nuo 5 iki 6 metų";20;0;-1;Lt
"Visos seniūnijos";"VĮ Mažasis Trinapolis mok. 160 Eur";"Nuo 6 iki 7 metų";21;0;0;Lt
"Visos seniūnijos";Viltis;"Nuo 3 iki 7 metų";10;0;0;Lt
Žirmūnų;Ąžuolas;"Nuo 1,5 iki 3 metų";91;55;0;Lt
Žirmūnų;Ąžuolas;"Nuo 3 iki 4 metų";118;2;0;Lt
Žirmūnų;Ąžuolas;"Nuo 4 iki 5 metų";52;0;0;Lt
Žirmūnų;Ąžuolas;"Nuo 5 iki 6 metų";22;3;0;Lt
Žirmūnų;Ąžuolas;"Nuo 6 iki 7 metų";16;1;0;Lt
Žirmūnų;Pasaka;"Nuo 1,5 iki 3 metų";31;52;0;Lt
Žirmūnų;Pasaka;"Nuo 3 iki 4 metų";40;11;0;Lt
Žirmūnų;Pasaka;"Nuo 3 iki 7 metų";91;13;0;Lt
Žirmūnų;Pasaka;"Nuo 4 iki 5 metų";47;11;0;Lt
Žirmūnų;Pasaka;"Nuo 5 iki 6 metų";43;4;0;Lt
Žirmūnų;Pasaka;"Nuo 6 iki 7 metų";38;1;0;Lt
Žirmūnų;Ramunėlė;"Nuo 1,5 iki 3 metų";33;16;1;Lt
Žirmūnų;Ramunėlė;"Nuo 1,5 iki 3 metų";30;11;0;Ru
Žirmūnų;Ramunėlė;"Nuo 2 iki 4 metų";36;4;0;Pl
Žirmūnų;Ramunėlė;"Nuo 3 iki 4 metų";39;0;2;Lt
Žirmūnų;Ramunėlė;"Nuo 3 iki 5 metų";21;1;0;Ru
Žirmūnų;Ramunėlė;"Nuo 4 iki 5 metų";27;0;0;Lt
Žirmūnų;Ramunėlė;"Nuo 4 iki 7 metų";24;0;0;Pl
Žirmūnų;Ramunėlė;"Nuo 5 iki 6 metų";44;1;0;Lt
Žirmūnų;Ramunėlė;"Nuo 5 iki 7 metų";25;0;0;Ru
Žirmūnų;Ramunėlė;"Nuo 6 iki 7 metų";44;1;0;Lt
Žirmūnų;Spragtukas;"Nuo 1,5 iki 3 metų";39;13;0;Lt
Žirmūnų;Spragtukas;"Nuo 1,5 iki 3 metų";34;11;0;Ru
Žirmūnų;Spragtukas;"Nuo 2 iki 6 metų";26;2;0;Pl
Žirmūnų;Spragtukas;"Nuo 3 iki 4 metų";22;5;0;Lt
Žirmūnų;Spragtukas;"Nuo 3 iki 4 metų";26;1;0;Ru
Žirmūnų;Spragtukas;"Nuo 4 iki 5 metų";23;2;0;Lt
Žirmūnų;Spragtukas;"Nuo 4 iki 5 metų";26;0;0;Ru
Žirmūnų;Spragtukas;"Nuo 5 iki 6 metų";23;0;0;Lt
Žirmūnų;Spragtukas;"Nuo 5 iki 6 metų";22;0;0;Ru
Žirmūnų;Spragtukas;"Nuo 6 iki 7 metų";22;0;0;Lt
Žirmūnų;Spragtukas;"Nuo 6 iki 7 metų";30;0;2;Ru
Žirmūnų;Vaidilutė;"Nuo 1,5 iki 3 metų";68;36;0;Lt
Žirmūnų;Vaidilutė;"Nuo 3 iki 4 metų";91;3;0;Lt
Žirmūnų;Vaidilutė;"Nuo 4 iki 5 metų";44;0;8;Lt
Žirmūnų;Vaidilutė;"Nuo 5 iki 6 metų";48;0;0;Lt
Žirmūnų;Vaidilutė;"Nuo 5 iki 7 metų";21;0;0;Lt
Žirmūnų;Vaidilutė;"Nuo 6 iki 7 metų";40;0;-20;Lt
Žirmūnų;Vaivorykštė;"Nuo 3 iki 4 metų";87;2;1;Ru
Žirmūnų;Vaivorykštė;"Nuo 3 iki 5 metų";11;0;0;Ru
Žirmūnų;Vaivorykštė;"Nuo 4 iki 5 metų";45;3;0;Ru
Žirmūnų;Vaivorykštė;"Nuo 5 iki 6 metų";25;2;0;Ru
Žirmūnų;Vaivorykštė;"Nuo 5 iki 7 metų";46;1;0;Ru
Žirmūnų;Vaivorykštė;"Nuo 6 iki 7 metų";47;1;0;Ru
Žirmūnų;Vieversys;"Nuo 1,5 iki 3 metų";65;17;0;Lt
Žirmūnų;Vieversys;"Nuo 3 iki 4 metų";76;1;0;Lt
Žirmūnų;Vieversys;"Nuo 4 iki 5 metų";27;2;0;Lt
Žirmūnų;Vieversys;"Nuo 5 iki 6 metų";70;2;0;Lt
Žirmūnų;Vieversys;"Nuo 6 iki 7 metų";62;0;13;Lt
Žirmūnų;"Vilniaus Emilijos Pliaterytės progimnazija";"Nuo 6 iki 7 metų";62;1;20;Lt
Žirmūnų;"Vilniaus Verkių mokykla-daugiafunkcis centras";"Nuo 3 iki 7 metų";5;0;0;Lt
Žvėryno;Birutės;"Nuo 3 iki 4 metų";38;0;8;Lt
Žvėryno;Birutės;"Nuo 4 iki 5 metų";23;1;0;Lt
Žvėryno;Birutės;"Nuo 5 iki 6 metų";23;3;0;Lt
Žvėryno;Birutės;"Nuo 6 iki 7 metų";22;0;0;Lt
Žvėryno;Boružėlė;"Nuo 1,5 iki 3 metų";84;60;0;Lt
Žvėryno;Boružėlė;"Nuo 3 iki 4 metų";54;10;0;Lt
Žvėryno;Boružėlė;"Nuo 4 iki 5 metų";65;10;0;Lt
Žvėryno;Boružėlė;"Nuo 5 iki 6 metų";53;10;0;Lt
Žvėryno;Boružėlė;"Nuo 6 iki 7 metų";47;16;0;Lt
Žvėryno;Eglutė;"Nuo 1,5 iki 3 metų";102;17;1;Lt
Žvėryno;Eglutė;"Nuo 3 iki 4 metų";66;0;0;Lt
Žvėryno;Eglutė;"Nuo 3 iki 7 metų";23;1;0;Lt
Žvėryno;Eglutė;"Nuo 4 iki 5 metų";32;0;1;Lt
Žvėryno;Eglutė;"Nuo 5 iki 6 metų";50;1;0;Lt
Žvėryno;Eglutė;"Nuo 6 iki 7 metų";71;1;0;Lt
Žvėryno;Linelis;"Nuo 1,5 iki 3 metų";34;13;0;Lt
Žvėryno;Linelis;"Nuo 3 iki 4 metų";22;2;0;Lt
Žvėryno;Linelis;"Nuo 4 iki 5 metų";22;2;0;Lt
Žvėryno;Linelis;"Nuo 5 iki 7 metų";19;2;1;Lt
Žvėryno;Pušynėlis;"Nuo 1,5 iki 3 metų";37;6;0;Lt
Žvėryno;Pušynėlis;"Nuo 3 iki 5 metų";24;3;0;Lt
Žvėryno;Pušynėlis;"Nuo 3 iki 6 metų";26;0;0;Lt
Žvėryno;Pušynėlis;"Nuo 6 iki 7 metų";20;0;0;Lt
Žvėryno;Saulutė;"Nuo 1,5 iki 3 metų";36;5;0;Ru
Žvėryno;Saulutė;"Nuo 1,5 iki 3 metų";30;0;0;Pl
Žvėryno;Saulutė;"Nuo 3 iki 4 metų";22;3;0;Ru
Žvėryno;Saulutė;"Nuo 3 iki 5 metų";19;0;0;Pl
Žvėryno;Saulutė;"Nuo 3 iki 7 metų";20;0;0;Pl
Žvėryno;Saulutė;"Nuo 4 iki 5 metų";23;1;0;Ru
Žvėryno;Saulutė;"Nuo 5 iki 6 metų";20;0;0;Ru
Žvėryno;Saulutė;"Nuo 5 iki 7 metų";22;1;0;Ru
Žvėryno;Saulutė;"Nuo 6 iki 7 metų";19;1;0;Ru
Žvėryno;"Vilniaus „Genio“ progimnazija";"Nuo 6 iki 7 metų";43;13;0;Lt
